AcademicKeywordPlusID,Name
125079,GENETIC ALGORITHM
125080,MULTICRITERIA OPTIMIZATION
125081,STRUCTURAL OPTIMIZATION
125082,ENGINEERING DESIGN
125083,SEARCH
125084,SOLVE
125085,DATABASE-SYSTEMS
125086,DATA REPLICATION
125087,PERFORMANCE
125088,JOIN
125089,OPTIMIZATION
125090,ALGORITHMS
125091,ACCESS
125092,IMPLEMENTATION
125093,FRAMEWORK
125094,WORLD-WIDE-WEB
125095,SYSTEM
125096,DIRECTIONS
125097,ENGINE
125098,QUERY
125099,FAST ALGORITHMS
125100,SUBQUADRATIC ALGORITHM
125101,COMMON ANCESTORS
125102,TEXT
125103,MISMATCHES
125104,CONSTRUCTION
125105,HYPERTEXT
125106,DISTANCES
125107,NEAREST-NEIGHBOR SEARCH
125108,TREES
125109,FILE
125110,ALGORITHM
125111,QUERIES
125112,TIME
125113,GRID FILE
125114,DESCRIPTORS
125115,WELL-FOUNDED SEMANTICS
125116,STABLE MODEL SEMANTICS
125117,UNDECIDABLE BOUNDEDNESS PROBLEMS
125118,UNBOUND DATALOG QUERIES
125119,FIRST-ORDER LOGIC
125120,DEDUCTIVE DATABASES
125121,POLYNOMIAL-TIME
125122,COMPUTATIONAL-COMPLEXITY
125123,DISJUNCTIVE DATALOG
125124,PREDICATE LOGIC
125125,PROBABILISTIC INFORMATION-RETRIEVAL
125126,DOCUMENT CLASSIFICATION
125127,FEATURE-SELECTION
125128,SPECIAL ISSUE
125129,RELEVANCE
125130,MODELS
125131,ASSUMPTIONS
125132,PREVENTING USELESS CHECKPOINTS
125133,DISTRIBUTED SYSTEMS
125134,COMPUTING SYSTEMS
125135,FAULT-TOLERANCE
125136,SNAPSHOTS
125137,COST
125138,PROGRAMMABLE GATE ARRAYS
125139,MULTI-FPGA SYSTEMS
125140,DESIGN
125141,ARCHITECTURES
125142,ROUTER
125143,BANDWIDTH MINIMIZATION PROBLEM
125144,LINEAR ARRANGEMENT PROBLEM
125145,DYNAMIC-PROGRAMMING ALGORITHMS
125146,DIRECTED ACYCLIC GRAPHS
125147,RANDOM GEOMETRIC GRAPHS
125148,PROPER INTERVAL-GRAPHS
125149,BISECTION WIDTH
125150,MIN-CUT
125151,APPROXIMATION ALGORITHMS
125152,OBJECT REPRESENTATION
125153,FACIAL EXPRESSIONS
125154,APPEARANCE MODELS
125155,NEURAL-NETWORK
125156,ILLUMINATION
125157,IMAGE
125158,SHAPE
125159,IDENTIFICATION
125160,ARCHITECTURE
125161,INFORMATION
125162,TRAVELING SALESMAN PROBLEM
125163,VARIABLE NEIGHBORHOOD SEARCH
125164,ANT COLONY OPTIMIZATION
125165,LINEAR ORDERING PROBLEM
125166,LOCAL SEARCH
125167,EVOLUTIONARY COMPUTATION
125168,ASSIGNMENT PROBLEM
125169,PATH RELINKING
125170,SCATTER SEARCH
125171,TABOO SEARCH
125172,MULTICAST
125173,INFRASTRUCTURE
125174,SYSTEMS
125175,SECURITY
125176,P2P
125177,X-RAY ANGIOGRAMS
125178,ORIENTATION LINE SEGMENTATION
125179,MAGNETIC-RESONANCE ANGIOGRAMS
125180,MEDICAL IMAGE SEGMENTATION
125181,CORONARY-ARTERIES
125182,BLOOD-VESSELS
125183,MR-IMAGES
125184,BIPLANE ANGIOGRAMS
125185,DEFORMABLE MODELS
125186,ACTIVE CONTOURS
125187,OPTIMISTIC ATOMIC BROADCAST
125188,QUIESCENT RELIABLE COMMUNICATION
125189,INTERPROCESS COMMUNICATION
125190,GENERIC BROADCAST
125191,PROPAGATION TREES
125192,FAILURE DETECTOR
125193,CONSENSUS
125194,PROTOCOL
125195,TOTEM
125196,ITERATION
125197,MODEL
125198,EXECUTION
125199,MACHINES
125200,PROGRAMMING-LANGUAGES
125201,SOFTWARE
125202,SEMANTICS
125203,COMPILER
125204,GRAMMAR
125205,MACROS
125206,REUSE
125207,MINIMAL SPANNING-TREES
125208,CRITICAL TRANSMITTING RANGE
125209,RANDOM POINTS
125210,RADIO NETWORKS
125211,STRONG LAW
125212,CONNECTIVITY
125213,ASYMPTOTICS
125214,LINK
125215,FILE SYSTEM
125216,REAL-TIME TRACKING
125217,HUMAN MOTION
125218,IMAGE SEGMENTATION
125219,VISUAL TRACKING
125220,HYPOTHESIS TRACKING
125221,TARGET TRACKING
125222,MOVING-OBJECTS
125223,OPTICAL-FLOW
125224,VIRTUAL CHANNELS
125225,INTERCONNECTION NETWORKS
125226,SUFFICIENT CONDITION
125227,WORMHOLE NETWORKS
125228,TURN MODEL
125229,COMMUNICATION
125230,SERVICE
125231,KNOWLEDGE DISCOVERY
125232,ENGINEERING-EDUCATION
125233,VIRTUAL ENVIRONMENTS
125234,SCIENCE LABORATORIES
125235,EXPERIMENTATION
125236,INTERNET
125237,STUDENT
125238,COLLABORATORIES
125239,QUESTIONNAIRE
125240,SUFFIX ARRAY CONSTRUCTION
125241,INDEPENDENT FM-INDEX
125242,EFFICIENT IMPLEMENTATION
125243,TREE CONSTRUCTION
125244,BURROWS-WHEELER
125245,EXTERNAL MEMORY
125246,LARGE ALPHABETS
125247,WORKING SPACE
125248,LINEAR-TIME
125249,DENIAL-OF-SERVICE
125250,INTRUSION
125251,ATTACKS
125252,MULTISENSOR DATA FUSION
125253,SEQUENTIAL MONTE-CARLO
125254,DISTRIBUTED COMPRESSION
125255,COLLABORATIVE SIGNAL
125256,ABDUCTIVE INFERENCE
125257,SOURCE LOCALIZATION
125258,LOCATION ESTIMATION
125259,DATA DISSEMINATION
125260,OCCUPANCY GRIDS
125261,TARGET LOCATION
125262,SPACE
125263,2D
125264,OF-THE-ART
125265,EVALUATING RELEVANCE FEEDBACK
125266,VISUAL INFORMATION-RETRIEVAL
125267,SMALL DISPLAYS
125268,EXPECTATION-MAXIMIZATION
125269,SIMILARITY RETRIEVAL
125270,OBJECT RECOGNITION
125271,NORMALIZED CUTS
125272,SEGMENTATION
125273,TEXTURE
125274,WEB-ACCESSIBLE DATABASES
125275,APPROXIMATE
125276,ADAPTATION
125277,NETWORKS
125278,AGENT
125279,SEMANTIC DATA MODELS
125280,INFORMATION-SYSTEMS
125281,COMPLEX NETWORKS
125282,QUERY LANGUAGE
125283,RDF
125284,REPRESENTATION
125285,PERSPECTIVE
125286,WEB
125287,UNSUPERVISED OUTLIER DETECTION
125288,DISTANCE-BASED OUTLIERS
125289,NOVELTY DETECTION
125290,INTRUSION-DETECTION
125291,TIME-SERIES
125292,DENSITY-ESTIMATION
125293,CLASSIFICATION
125294,SELF
125295,CORPUS-BASED METHODS
125296,NATURAL-LANGUAGE
125297,SPECIAL-ISSUE
125298,INFORMATION-RETRIEVAL
125299,KNOWLEDGE SOURCES
125300,WSD
125301,DISCRIMINATION
125302,LISTS
125303,INFORMATION QUALITY
125304,IMPACT
125305,INTEGRATION
125306,TO-PEER SYSTEMS
125307,TRUST
125308,EBAY
125309,ACHIEVING K-ANONYMITY
125310,DATABASES
125311,ANONYMIZATION
125312,SUPPRESSION
125313,MANAGEMENT
125314,EFFICIENT ALGORITHM
125315,FREQUENT SEQUENCES
125316,NEAREST-NEIGHBOR QUERIES
125317,PREDICTIVE SPATIOTEMPORAL QUERIES
125318,MOVING OBJECT ENVIRONMENTS
125319,MOBILE ENVIRONMENTS
125320,DATA STREAMS
125321,DYNAMIC ENVIRONMENTS
125322,PERFORMANCE ANALYSIS
125323,MONITORING QUERIES
125324,CACHE INVALIDATION
125325,SENSOR NETWORKS
125326,ACTIVITY RECOGNITION
125327,EVENT RECOGNITION
125328,HUMAN MOVEMENT
125329,PETRI NETS
125330,MOTION
125331,VIDEO
125332,PERCEPTION
125333,GESTURE
125334,SPORADIC TASK SYSTEMS
125335,UTILIZATION BOUNDS
125336,SCHEDULABILITY ANALYSIS
125337,EDF SCHEDULABILITY
125338,GLOBAL EDF
125339,SYNCHRONIZATION
125340,COMPLEXITY
125341,ASSIGNMENT
125342,PROCESSOR
125343,EFFICIENT CONNECTED COVERAGE
125344,INFORMATION COVERAGE
125345,TARGET COVERAGE
125346,ENERGY-CONSERVATION
125347,MAXIMAL BREACH
125348,EXPOSURE PATHS
125349,POINT COVERAGE
125350,DEPLOYMENT
125351,LIFETIME
125352,INTERACTION TEST SUITES
125353,COVERING ARRAYS
125354,TEST-GENERATION
125355,COVERAGE
125356,CONSTRAINTS
125357,RELEVANCE FEEDBACK
125358,WEB SEARCH
125359,DICTIONARY
125360,CONTEXT
125361,ISSUES
125362,RULES
125363,TERMS
125364,ACTIVE DATABASE
125365,QUERY OPTIMIZATION
125366,MANUFACTURING SYSTEMS
125367,DISTRIBUTED SYSTEM
125368,LANGUAGE
125369,SPECIFICATION
125370,SIMILARITY SEARCH
125371,ANOMALY DETECTION
125372,DISTANCE MEASURE
125373,PREDICTION
125374,PATTERN
125375,MOTIFS
125376,DISCOVERY
125377,REAL-TIME SYSTEMS
125378,VULNERABILITY ANALYSIS
125379,AUTOMATED SELECTION
125380,PROJECT-MANAGEMENT
125381,EVOLUTIONARY
125382,QUALITY
125383,COMPONENTS
125384,MIXTURE-MODELS
125385,RAND INDEX
125386,FUZZY
125387,MULTIMODAL FUNCTION OPTIMIZATION
125388,GENETIC ALGORITHMS
125389,DIFFERENTIAL EVOLUTION
125390,MEMETIC ALGORITHMS
125391,COMBINATORIAL OPTIMIZATION
125392,POPULATION DIVERSITY
125393,PARAMETER OPTIMIZATION
125394,MUTATION
125395,STRATEGIES
125396,DEVICE-FREE LOCALIZATION
125397,LOCATION
125398,GEOLOCATION
125399,MITIGATION
125400,MATHEMATICAL-MODEL
125401,REPUTATION SYSTEM
125402,COMMITMENT
125403,STRENGTH
125404,BEHAVIOR
125405,THINKING
125406,AGENTS
125407,MOVEMENT
125408,ONLINE
125409,DETECTING CONCEPT DRIFT
125410,MINING DATA STREAMS
125411,WEIGHTED-MAJORITY
125412,CHANGING ENVIRONMENTS
125413,RECOMMENDER SYSTEMS
125414,CLASSIFIERS
125415,TRACKING
125416,SOCIAL BOOKMARKING
125417,DISTRIBUTIONS
125418,DYNAMICS
125419,REVIEWS
125420,SCIENCE
125421,TOLERANT NETWORKS
125422,GPS TRACES
125423,INTELLIGENCE
125424,OPPORTUNITIES
125425,SMARTPHONES
125426,DISRUPTION
125427,CHALLENGES
125428,EMERGENCE
125429,DECISION
125430,ADOPTION
125431,NONDOMINATED SORTING APPROACH
125432,MULTIOBJECTIVE OPTIMIZATION
125433,PART I
125434,REDUCTION
125435,MOEA/D
125436,CONVERGENCE
125437,PARTICLE SWARM OPTIMIZATION
125438,VIRTUALIZED DATA CENTERS
125439,ENVIRONMENT
125440,ALLOCATION
125441,STRATEGY
125442,STORAGE
125443,SUPPORT VECTOR MACHINES
125444,OVER-SAMPLING TECHNIQUE
125445,IMBALANCED DATA CLASSIFICATION
125446,SKEWED BINARY CLASSIFICATION
125447,ASYMMETRIC LOSS
125448,NEURAL-NETWORKS
125449,ROC CURVE
125450,DATA-SETS
125451,SMOTE
125452,AD-HOC NETWORKS
125453,REPUTATION SYSTEMS
125454,PROPAGATION
125455,DEFENSE
125456,METRICS
125457,ATTACK
125458,TDOA
125459,LATENT DIRICHLET ALLOCATION
125460,TAGGING SYSTEMS
125461,WEB IMAGES
125462,FACTORIZATION
125463,FEATURES
125464,MASSIVE ONLINE ANALYSIS
125465,CONCEPT DRIFT
125466,EVOLVING DATA
125467,MATHEMATICAL-THEORY
125468,LABELED DATA
125469,ACCURACY
125470,PROTEIN-PROTEIN INTERACTIONS
125471,RANDOM-WALK
125472,SIMILARITY
125473,YEAST
125474,GRAPH
125475,THINGS
125476,PRIVACY
125477,CLOUD
125478,DIMENSIONAL FEATURE-SELECTION
125479,ONLINE FEATURE-SELECTION
125480,GROUP LASSO
125481,SPARSITY
125482,NETWORK
125483,CITY
125484,SERVICES
125485,PARTICIPATION
125486,DATA-AGGREGATION
125487,RECEIVERS
125488,WELDABILITY
125489,FACILITY
125490,ELECTRICAL CONTACT
125491,ALLOY WIRE
125492,SPEED
125493,STRIP
125494,SERIOUS GAMES
125495,GUIDE
125496,NAVIGATION
125497,AWARE
125498,ART
125499,SCALE DIGITIZATION
125500,USABILITY EVALUATION
125501,SHIPWRECK
125502,MAZOTOS
125503,CYPRUS
125504,GENERATION
125505,QUANTIZATION
125506,SEMANTIC WEB
125507,ONTOLOGY
125508,FRBR
125509,AUTOMATIC TRANSCRIPTION
125510,SEMANTIC INTEROPERABILITY
125511,BEAT TRACKING
125512,SWI-PROLOG
125513,SIGNALS
125514,AUDIO
125515,VARNISHES
125516,INSTRUMENTS
125517,3D MODELS
125518,MOBILE
125519,VISUALIZATION
125520,EXPLORATION
125521,SITES
125522,TOOL
125523,COMPUTER GAMES
125524,EMPIRICAL-EVIDENCE
125525,VIRTUAL-REALITY
125526,EDUCATION
125527,ELECTROWETTING-BASED ACTUATION
125528,ON-A-CHIP
125529,LIQUID DROPLETS
125530,PUBLIC-HEALTH
125531,BIOTERRORISM
125532,PRINCIPLES
125533,CIRCUITS
125534,PLATFORM
125535,DEVICES
125536,LOGIC
125537,TESTABILITY
125538,COMPUTATION
125539,3-DIMENSIONAL INTEGRATED-CIRCUITS
125540,GIGASCALE INTEGRATION
125541,CHIP INTEGRATION
125542,TECHNOLOGY
125543,MEMORY
125544,STACK
125545,PROGRAMMABLE LOGIC-ARRAYS
125546,DOT CELLULAR-AUTOMATA
125547,QUANTUM
125548,ISOMORPHISM
125549,GATE
125550,DIRAC FERMIONS
125551,TRANSISTORS
125552,CODED DECIMAL ADDERS
125553,LOGIC-CIRCUITS
125554,GATES
125555,SOLAR-CELLS
125556,NODES
125557,SIMPLIFICATION
125558,TEMPLATES
125559,WAVE-GUIDE
125560,OPTICAL NETWORKS
125561,COMB SWITCH
125562,PHOTODETECTORS
125563,RESONATORS
125564,MODULATOR
125565,CROSSINGS
125566,BANDWIDTH
125567,FILTERS
125568,LASER
125569,SILICON-ON-INSULATOR
125570,WIRE WAVE-GUIDES
125571,STIMULATED RAMAN-SCATTERING
125572,FREE SPECTRAL RANGE
125573,QUANTUM-DOT LASER
125574,HIGH-SPEED
125575,MICRORING RESONATORS
125576,ELECTROOPTIC MODULATOR
125577,GERMANIUM PHOTODETECTOR
125578,OPTICAL INTERCONNECTS
125579,WAVE-GUIDES
125580,GROUP INDEX
125581,INSULATOR
125582,INTERCONNECT
125583,DISPERSION
125584,LOSSES
125585,PHOTONIC NETWORKS
125586,CMOS
125587,TRANSCEIVER
125588,TECHNOLOGIES
125589,CELL
125590,DYNAMIC VOLTAGE
125591,SLACK RECLAMATION
125592,POWER
125593,GRAPHS
125594,CORD INJURY PATIENTS
125595,STIMULATION
125596,TUNNEL-JUNCTIONS
125597,ROOM-TEMPERATURE
125598,ANISOTROPY
125599,MULTILAYERS
125600,REVERSAL
125601,MAGNETORESISTANCE
125602,BARRIERS
125603,FUTURE
125604,MGO
125605,TIMING-DEPENDENT PLASTICITY
125606,SYNAPTIC PLASTICITY
125607,HIPPOCAMPAL-NEURONS
125608,HEBBIAN PLASTICITY
125609,PYRAMIDAL CELLS
125610,RAT
125611,PHASE-CHANGE MEMORY
125612,COPPER INTERCONNECTS
125613,CARBON NANOTUBES
125614,RESISTIVITY
125615,CONDUCTIVITY
125616,DIMENSIONS
125617,FILMS
125618,CU
125619,NEGATIVE-RESISTANCE
125620,OXIDE
125621,TRANSITION
125622,CONDUCTION
125623,MECHANISM
125624,SWITCH
125625,AVAILABILITY
125626,TOLERANCE
125627,CLUSTER
125628,NANODEVICES
125629,SWITCHES
125630,ARRAY
125631,QUANTUM COMPUTERS
125632,DISSIPATION
125633,SPIN-TRANSFER TORQUE
125634,NANOMAGNETIC LOGIC
125635,SENSING AMPLIFIER
125636,ERROR-FREE
125637,DRIVEN
125638,GRAPHENE
125639,FIRE MODEL NEURON
125640,SQUID GIANT-AXON
125641,SAR ADC
125642,AUDITORY-CORTEX
125643,CIRCUIT
125644,REALIZATION
125645,SPIKING
125646,VLSI
125647,BLOCKS
125648,DEVICE
125649,VISUAL AREA MT
125650,GLOBAL WORKSPACE THEORY
125651,DECISION-MAKING
125652,NEURONS
125653,SIMULATION
125654,BRAIN
125655,CATEGORIZATION
125656,NEUROSCIENCE
125657,COUNTERFEIT INTEGRATED-CIRCUITS
125658,POWER ANALYSIS
125659,PROTECTION
125660,HARDWARE
125661,CACHE
125662,VOLTAGE
125663,OPERATION
125664,ECC
125665,PARTICLE FILTERS
125666,FLIP-FLOP
125667,ZERO LEAKAGE
125668,WAKEUP TIME
125669,MICROCONTROLLER
125670,MEMORIES
125671,SCHEME
125672,FPGA
125673,NOC ARCHITECTURE
125674,MODULE PLACEMENT
125675,PUF
125676,TEMPERATURE
125677,AVOIDANCE
125678,LIMIT
125679,IP NETWORKS
125680,EFFICIENT PROTOCOLS
125681,LOCAL-AREA-NETWORKS
125682,ROUTERS
125683,SWITCHWARE
125684,END-TO-END
125685,DISJOINT PATHS
125686,STANDARDS
125687,LONG
125688,EXACT EXPONENTIAL ALGORITHMS
125689,NUMBER
125690,SUFFIX ARRAYS
125691,RANK
125692,VERTEX-MINORS
125693,BRANCH-WIDTH
125694,OBSTRUCTIONS
125695,QUADRATIC-FORMS
125696,BASES
125697,WEIGHTED GRAPHS
125698,SPARSE SPANNERS
125699,SHORTEST PATHS
125700,TRADE-OFF
125701,TABLES
125702,PATHS
125703,VOLUME ENCLOSING ELLIPSOIDS
125704,VECTOR MACHINES
125705,SETS
125706,RATES
125707,BALLS
125708,APPROXIMATE DISTANCE ORACLES
125709,ALL-PAIRS
125710,STRETCH
125711,SCALING ALGORITHMS
125712,CYCLE
125713,BURROWS-WHEELER TRANSFORM
125714,STRINGS
125715,ARRAYS
125716,INDEX
125717,ROUTING-PROBLEMS
125718,MINIMUM
125719,TRAVELING SALESMAN
125720,REPAIRMAN
125721,MEMORY HIERARCHIES
125722,PARALLEL MEMORY
125723,LOCALITY
125724,SPANNING-TREES
125725,FPT ALGORITHM
125726,DIRECTED TREES
125727,KERNELIZATION
125728,FASTER
125729,BOUNDS
125730,RENDEZVOUS SEARCH
125731,ROBOTS
125732,HEREDITARY PROPERTIES
125733,GRAPH HOMOMORPHISMS
125734,DELETION
125735,DIGRAPHS
125736,MULTICUT
125737,RANDOM PROJECTIONS
125738,RECONSTRUCTION
125739,APPROXIMATION
125740,LINE
125741,DISTINCT ELEMENTS
125742,COMPRESSED SUFFIX TREES
125743,ORDINAL TREES
125744,TEXT INDEXES
125745,LOWER BOUNDS
125746,IMPROVEMENTS
125747,DICTIONARIES
125748,VERTEX COVER
125749,PARAMETERIZED COMPLEXITY
125750,DOMINATING SET
125751,SATISFACTION PROBLEMS
125752,HYPERTREE-WIDTH
125753,DECOMPOSITION METHODS
125754,HYPERGRAPHS
125755,MARSHALS
125756,THEOREM
125757,INCIDENCE MATRICES
125758,COMPLETION
125759,COMPRESSED TEXT
125760,INDEXES
125761,FIXED EDGES
125762,MINIMUM NUMBER
125763,BENDS
125764,COMPRESSION
125765,SIZE
125766,K-SAT
125767,FIXED-PARAMETER TRACTABILITY
125768,MONADIC 2ND-ORDER LOGIC
125769,FEEDBACK VERTEX SET
125770,GRAPH MINORS
125771,TREE
125772,INTERVAL-GRAPHS
125773,FORMULAS
125774,HASH FUNCTIONS
125775,FACILITY LOCATION
125776,HARD CAPACITIES
125777,LP
125778,DISPERSION PROBLEMS
125779,MAXIMUM DISPERSION
125780,FUNCTION SUBJECT
125781,SET FUNCTIONS
125782,CONSTRAINT
125783,CLIQUE
125784,VERTEX CONNECTIVITY
125785,LARGE HIDDEN CLIQUE
125786,RANDOM GRAPHS
125787,PROOFS
125788,MAXIMUM MATCHINGS
125789,FLOW
125790,PLANAR
125791,SCENES
125792,STEREO
125793,TASK
125794,EYE-MOVEMENTS
125795,ATTENTION
125796,PATTERNS
125797,DISPLAYS
125798,REGIONS
125799,IMAGES
125800,HUMAN MULTIJOINT ARM
125801,VISCOELASTICITY
125802,ENTROPY
125803,OBJECT
125804,VIEWS
125805,OBJECTS
125806,EGOCENTRIC DISTANCE
125807,VISUAL-PERCEPTION
125808,GUIDED LOCOMOTION
125809,REAL
125810,VIEW
125811,SELECTIVE ATTENTION
125812,NEURAL MECHANISMS
125813,SPATIAL ATTENTION
125814,PATTERN-RECOGNITION
125815,CONNECTIONIST MODEL
125816,CORTICAL MECHANISMS
125817,SEARCH ASYMMETRIES
125818,TARGET SELECTION
125819,HISTOGRAMS
125820,PAINTINGS
125821,LOCOMOTION
125822,VISUAL-ATTENTION
125823,OF-THE-LITERATURE
125824,PATH-INTEGRATION
125825,SELF-MOTION
125826,REALITY
125827,GAIT
125828,TREADMILL
125829,HUMANS
125830,ASYMMETRIES
125831,ALLOCENTRIC REFERENCE FRAMES
125832,ORIENTATION
125833,TRAVEL
125834,OWN-RACE
125835,BIAS
125836,EYE-HAND COORDINATION
125837,USER INTERFACES
125838,MOVEMENTS
125839,EOG
125840,ELECTROOCULOGRAPHY
125841,GAZE
125842,UNFAMILIAR FACES
125843,FAMILIAR FACES
125844,DIRECTION
125845,ROOM ACOUSTICS
125846,ENVIRONMENTS
125847,PERCEIVING DISTANCE
125848,DIRECTED ACTION
125849,BLIND-WALKING
125850,GRAPHICS
125851,LOCOMOTION INTERFACES
125852,MUSICAL TIMBRES
125853,MOTOR THEORY
125854,TOOLBOX
125855,AUDITORY-PERCEPTION
125856,SOURCE VELOCITY
125857,MUSIC
125858,LISTENERS
125859,FEEDBACK
125860,MOVES
125861,BILATERAL TELEOPERATION
125862,TELEPRESENCE
125863,EQUIVALENCE
125864,ENVIRONMENTAL SOUNDS
125865,WORLD
125866,HEAR
125867,AUDIOVISUAL SIMULTANEITY
125868,DELAYS
125869,ANOREXIA-NERVOSA
125870,SIZE ESTIMATION
125871,RELIABILITY
125872,SENSORIMOTOR ADAPTATION
125873,VISUAL FEEDBACK
125874,ARM MOVEMENTS
125875,PERCEPTUAL RECALIBRATION
125876,SKILL ACQUISITION
125877,PRISM ADAPTATION
125878,DISPLACED VISION
125879,MOTOR CONTROL
125880,END-POINTS
125881,HAND
125882,VISUAL-ACUITY
125883,IMAGE QUALITY
125884,VISIBILITY
125885,VISUAL DISCOMFORT
125886,IMAGE BLUR
125887,OF-FIELD
125888,IN-DEPTH
125889,DISPARITY
125890,DISTANCE
125891,STEREOPSIS
125892,CUES
125893,IMAGE APPEARANCE
125894,TONE
125895,ENHANCEMENT
125896,HUMAN VISUAL-SYSTEM
125897,MOTION PERCEPTION
125898,COLOR
125899,VISION
125900,DEPTH
125901,HUMAN LOCOMOTION
125902,INERTIA TENSOR
125903,EIGENVECTORS
125904,BINOCULAR COORDINATION
125905,VARIABILITY
125906,VELOCITY
125907,REWARD
125908,AUTHENTICATION
125909,SCANPATHS
125910,P300 SPELLER
125911,ERP
125912,FAMILIARITY
125913,REPETITION
125914,POTENTIALS
125915,NAME
125916,DISTANCE PERCEPTION
125917,VIEWING CONDITIONS
125918,JUDGMENTS
125919,RECALIBRATION
125920,WALKING
125921,GAZE-CONTINGENT DISPLAYS
125922,SACCADIC SUPPRESSION
125923,RESOLUTION
125924,LIMITS
125925,INTERFACE
125926,THROUGH AUGMENTED REALITY
125927,DEPTH JUDGMENTS
125928,CALIBRATION
125929,DISPLAY
125930,SCALE
125931,TARGET
125932,HAPTIC PERCEPTION
125933,ARM MOVEMENT
125934,ROUGHNESS
125935,VIBRATION
125936,METACOGNITION
125937,SENSATION
125938,ILLUSION
125939,SEX-DIFFERENCES
125940,STATE
125941,JAVA
125942,SCAN REGISTER ALLOCATION
125943,IN-TIME COMPILER
125944,ESCAPE ANALYSIS
125945,OPTIMIZATIONS
125946,FORM
125947,STATISTICAL SIMULATION
125948,REGISTER ALLOCATION
125949,INTRUSION DETECTION SYSTEMS
125950,PACKET INSPECTION
125951,ON-CHIP
125952,POWER MANAGEMENT
125953,CORE
125954,MICROARCHITECTURE
125955,FREQUENCY
125956,CONVERTER
125957,ENERGY
125958,POLICIES
125959,SHADER
125960,INTERVAL
125961,HIGH-PERFORMANCE
125962,MECHANISMS
125963,AFFINE SCHEDULING PROBLEM
125964,EFFICIENT SOLUTIONS
125965,FULL-SYSTEM
125966,ACCURATE
125967,LOOPS
125968,MAIN MEMORY
125969,PRAM
125970,COMPILATION SEQUENCES
125971,VECTORIZATION
125972,IMPLICIT PATH ENUMERATION
125973,LEVEL POWER
125974,HIGH-LEVEL SYNTHESIS
125975,OPENCL
125976,FILTER
125977,COMPILATION
125978,SHARED-CACHE MANAGEMENT
125979,SAVING TECHNIQUE
125980,RANDOM-ACCESS MEMORY
125981,LOW-POWER
125982,STT-RAM
125983,NAND
125984,RETENTION
125985,RECOVERY
125986,INDIC SCRIPTS
125987,WORDS
125988,RECOGNITION
125989,RETRIEVAL
125990,AGREEMENT
125991,SENTIMENT ANALYSIS
125992,IMBALANCED DATA
125993,SUBJECTIVITY
125994,ASYNCHRONOUS DS-CDMA
125995,COMPLEX SPREADING SEQUENCES
125996,HIGHER-ORDER EXPECTATIONS
125997,ENHANCED RAKE RECEIVERS
125998,TRUST MANAGEMENT
125999,CHAOTIC TRAJECTORIES
126000,INTRUSION DETECTION
126001,OVERLAY NETWORKS
126002,ULTIMATE LIMITS
126003,PACKET NETWORKS
126004,HOC
126005,ANTHOCNET
126006,SWARM-BOT
126007,ROBOTIC SYSTEM
126008,RECONFIGURATION
126009,CAPABILITIES
126010,TRANSPORT
126011,STABILIZING SYSTEMS
126012,PEER
126013,FREENET
126014,MULTIAGENT SYSTEMS
126015,COALITIONS
126016,GEOMETRIC PATTERNS
126017,MIDDLEWARE
126018,FAILURE
126019,DATA FUSION
126020,COORDINATION
126021,FAULT-TOLERANT
126022,FLEXIBILITY
126023,PRISONERS-DILEMMA
126024,EVOLUTION
126025,ORGANIZATION
126026,RECIPROCITY
126027,STIGMERGY
126028,GLOBAL OPTIMIZATION
126029,WEB SERVICES
126030,EM ALGORITHM
126031,EXACT STOCHASTIC SIMULATION
126032,CALCULUS
126033,LINDA
126034,MOBILE AMBIENTS
126035,COORDINATION MODEL
126036,COMBINATORIAL AUCTIONS
126037,WINNER DETERMINATION
126038,WEB SERVERS
126039,RECOGNITION-BASED JUDGMENTS
126040,DECISIONS INTRODUCTION
126041,ADDITIONAL CUES
126042,PROACTIVE RECOVERY
126043,CONTAINMENT
126044,ARCHITECTURE MODELS
126045,DYNAMIC ADAPTATION
126046,AT RUN.TIME
126047,SUPPORT
126048,DECENTRALIZED ENERGY-MANAGEMENT
126049,HETEROGENEOUS COMPUTING SYSTEMS
126050,DUPLICATION
126051,CLOUDS
126052,EFFICIENCY
126053,CONGESTION AVOIDANCE
126054,WIRELESS SENSOR NETWORKS
126055,STATE MACHINES
126056,MODEL-PREDICTIVE CONTROL
126057,HYBRID SYSTEMS
126058,DISCRETE
126059,REQUIREMENTS
126060,VERIFICATION
126061,CONVENTION EMERGENCE
126062,TOPOLOGY
126063,TASK ALLOCATION
126064,MULTIROBOT COORDINATION
126065,INCENTIVE MECHANISMS
126066,EFFICIENT
126067,DECOMPOSITION
126068,DISJUNCTIVE DEDUCTIVE DATABASES
126069,PREFERRED ANSWER SETS
126070,LOGIC PROGRAMS
126071,EXPRESSIVE POWER
126072,STABLE MODELS
126073,DEFAULT LOGIC
126074,DATALOG
126075,EXPRESSIVE POWERS
126076,CYLINDRICAL ALGEBRAIC DECOMPOSITION
126077,ELIMINATION
126078,FIELDS
126079,LINEAR LOGIC
126080,NONCOMMUTATIVE EXTENSION
126081,FRAGMENT
126082,MELL
126083,TRANSVERSALS
126084,HYPERGRAPH
126085,RAMSEY TEST
126086,TABLEAUX
126087,TEMPORAL LOGIC
126088,GAMES
126089,PROOF PROCEDURE
126090,SECURITY PROTOCOLS
126091,MODEL CHECKING
126092,NEGATION
126093,LAMBDA-CALCULUS
126094,ABSTRACT MACHINES
126095,FUNCTIONAL CORRESPONDENCE
126096,EVALUATORS
126097,LANGUAGES
126098,CALCULI
126099,PROGRAMS
126100,FIXPOINT
126101,FINITE-MEMORY AUTOMATA
126102,MODEL-CHECKING
126103,1ST-ORDER
126104,EVENT CALCULUS
126105,SOCIAL LAWS
126106,ARGUMENTATION
126107,SATISFIABILITY
126108,PROTOCOLS
126109,BISIMILARITY
126110,COMBINING DECISION PROCEDURES
126111,CONGRUENCE CLOSURE
126112,THEOREM PROVER
126113,COMBINATION
126114,DECIDABILITY
126115,EQUALITY
126116,WEIGHTED AUTOMATA
126117,STOCHASTIC GAMES
126118,LOGICS
126119,PAYOFF
126120,GROUND INTERPOLATION
126121,DPLL(T)
126122,ABSTRACTION
126123,REFINEMENT
126124,SOLVER
126125,UTVPI
126126,SMT
126127,MATHEMATICS
126128,LIST HOMOMORPHISMS
126129,COMBINATORIAL PROBLEMS
126130,REFLEXIVE GRAPHS
126131,ARC GRAPHS
126132,ALGEBRAS
126133,CLOSURE
126134,FREEZE QUANTIFIER
126135,LTL
126136,KNOWLEDGE REPRESENTATION
126137,OWL
126138,NESTED EXPRESSIONS
126139,WEIGHT CONSTRAINTS
126140,ANSWER SETS
126141,INVERSE METHOD
126142,DEFINITIONS
126143,TEMPORAL DESCRIPTION LOGIC
126144,SYMBOLIC MODEL CHECKING
126145,BRANCHING-TIME
126146,INFINITE-TREES
126147,MODAL-LOGICS
126148,AUTOMATA
126149,CTL
126150,INCREMENTAL VALIDATION
126151,XML DOCUMENTS
126152,MODAL LOGIC
126153,BASE REVISION
126154,UPDATE
126155,UNITY
126156,TIME TEMPORAL LOGIC
126157,ATL
126158,CONTEXTS
126159,PLAY
126160,DL-LITE FAMILY
126161,ER MODELS
126162,PROVER
126163,SATISFIABILITY MODULO
126164,SAT-SOLVER
126165,CHECKING
126166,HOMOTOPY-THEORETIC MODELS
126167,STATIC ANALYSIS
126168,XPATH
126169,XML
126170,NONCLASSICAL LOGICS
126171,CUT-ELIMINATION
126172,PROOF THEORY
126173,HYPERSEQUENT
126174,CANONICITY
126175,APPLIED PI CALCULUS
126176,SPI CALCULUS
126177,SYMBOLIC BISIMULATION
126178,DECIDING KNOWLEDGE
126179,TERMINATION ANALYSIS
126180,PROLOG
126181,MINIMIZATION
126182,UNDECIDABLE FRAGMENTS
126183,COMPLETE PICTURE
126184,LINEAR ORDERS
126185,PRODUCTS
126186,NONINTERFERENCE
126187,CAUCAL HIERARCHY
126188,IO
126189,DEPENDENT TYPE THEORY
126190,NAMES
126191,COUNTING AXIOMS
126192,NULLSTELLENSATZ
126193,REFUTATIONS
126194,CONCEPTUAL CHANGE
126195,COMPUTER
126196,ACHIEVEMENT
126197,PHYSICS
126198,INSTRUCTION
126199,OBJECT MANIPULATION
126200,MENU
126201,BEAUTIFUL
126202,RETRIEVAL SYSTEM
126203,MENTAL MODELS
126204,EXPERIENCE
126205,PREDICTORS
126206,PATIENT
126207,STYLE
126208,LOCOMOTION INTERFACE
126209,KNOWLEDGE
126210,LANDMARKS
126211,PSYCHOLOGY
126212,HUMAN LANGUAGE
126213,BACKWARD-MASKING
126214,PRODUCT AESTHETICS
126215,WEB PAGES
126216,BEAUTY
126217,PREFERENCES
126218,GOODNESS
126219,DEVELOPING-WORLD
126220,PHONES
126221,ACCEPTANCE
126222,ELECTRONIC DIARIES
126223,AFFECT RECOGNITION
126224,BODY MOVEMENT
126225,ENTERTAINMENT
126226,EXPRESSION
126227,CONVERSATION
126228,AWARENESS
126229,INTRINSIC MOTIVATION
126230,INNOVATION
126231,LITERACY
126232,MOOD
126233,PERIPERSONAL SPACE
126234,MOTOR RESONANCE
126235,TOOL-USE
126236,CREATIVITY
126237,EXPERT
126238,STUDIO
126239,RESEARCH ISSUES
126240,COMMON-SENSE
126241,INTERNET USE
126242,ILLNESS
126243,STIGMA
126244,SCHIZOPHRENIA
126245,INTERVENTIONS
126246,EXPERIENCES
126247,CANCER
126248,MEDIA
126249,MESSAGES
126250,TALKING
126251,HYPOTHESIS
126252,USER
126253,NEAR-INFRARED SPECTROSCOPY
126254,ANTERIOR PREFRONTAL CORTEX
126255,WORKING-MEMORY TASK
126256,EMOTIONAL STIMULI
126257,NIRS
126258,ACTIVATION
126259,COMPONENT
126260,HEALTH-CARE
126261,CHRONIC DISEASES
126262,PEOPLE
126263,USAGE
126264,MONEY
126265,POOR
126266,UPPER ALPHA OSCILLATIONS
126267,SHORT-TERM-MEMORY
126268,WORKING-MEMORY
126269,COGNITIVE-LOAD
126270,NEURAL EFFICIENCY
126271,EEG ALPHA
126272,DESYNCHRONIZATION ERD
126273,FLUID INTELLIGENCE
126274,META-DESIGN
126275,SUS
126276,END-USER DEVELOPMENT
126277,INTEGRITY
126278,RISKS
126279,VIDEO GAME
126280,LEARNING-PERFORMANCE
126281,ADOLESCENTS
126282,IMPROVEMENT
126283,SMART CITY
126284,GOVERNMENT
126285,CITIZENS
126286,CITIES
126287,KERNEL
126288,IP
126289,TCP
126290,GENERALIZED ASSIGNMENT PROBLEM
126291,BACKWARD SIMULATIONS
126292,CORRECTNESS
126293,THRESHOLD CRYPTOGRAPHY
126294,RAMPART TOOLKIT
126295,SIGNATURES
126296,CONCURRENCY-CONTROL
126297,COMMUTATIVITY
126298,AREA
126299,FILE-SYSTEMS
126300,COMPUTATIONS
126301,PROCESSORS
126302,APPROXIMATE AGREEMENT
126303,FAULTS
126304,ATOMIC BROADCAST
126305,CORBA
126306,TCP/IP
126307,ROBUST
126308,WAIT-FREE
126309,PROCESSOR ALLOCATION POLICY
126310,MULTITHREADED COMPUTATIONS
126311,MULTIPROCESSOR SYSTEMS
126312,NESTED PARALLELISM
126313,JOBS
126314,INSTRUCTION THROUGHPUT MODEL
126315,PARALLELISM
126316,CACHES
126317,SECRET
126318,POSTAL MODEL
126319,VLIW PROCESSORS
126320,QUEUING-NETWORKS
126321,AUTOMATED VERIFICATION
126322,PERVASIVE VERIFICATION
126323,SCHEMES
126324,MAPREDUCE
126325,NETWORK I/O
126326,FLASH MEMORIES
126327,EQUILIBRIUM
126328,DVFS
126329,CUBE
126330,CHANNEL ATTACKS
126331,COGNITIVE LOAD THEORY
126332,ALGORITHM VISUALIZATION
126333,ANIMATION
126334,COMPREHENSION
126335,RECURSION
126336,DIAGNOSIS
126337,COMPUTER-SCIENCE
126338,HIGH-SCHOOL
126339,INQUIRY
126340,GAME
126341,GROUP AFFECTIVE TONE
126342,INTRAGROUP CONFLICT
126343,SOCIAL NETWORKS
126344,NEGATIVE AFFECT
126345,GERMAN VERSION
126346,WORK GROUPS
126347,TEAMS
126348,HIGHER-EDUCATION
126349,FORMATIVE ASSESSMENT
126350,REGRESSION-ANALYSIS
126351,TASK VALUE
126352,UNIVERSITY
126353,ASPIRATIONS
126354,PERSISTENCE
126355,ENGAGEMENT
126356,GENDER
126357,ERRORS
126358,TEACHERS
126359,SELF-REGULATION
126360,CLASSROOM
126361,OPEN SOURCE SOFTWARE
126362,SQL
126363,GROUP COMMUNICATION-SYSTEM
126364,DEFAULT
126365,CONSTRAINT SATISFACTION PROBLEMS
126366,R-TREES
126367,PERFORMANCE EVALUATION
126368,SERIALIZABILITY
126369,SPATIAL DATABASES
126370,BOUND ALGORITHM
126371,BRANCH
126372,AESA
126373,INFORMATION DELIVERY
126374,DISSEMINATION
126375,RELATIONAL DATABASES
126376,NESTED RELATIONS
126377,DEPENDENCIES
126378,PARTITIONING ARRANGEMENTS
126379,SIMPLE POLYGON
126380,LINE SEGMENTS
126381,INTERSECTIONS
126382,INTEGRITY CONSTRAINTS
126383,VECTORS
126384,MAXIMA
126385,SET
126386,PERFECT HASH FUNCTIONS
126387,REGION QUADTREES
126388,PLANE
126389,SWEEP
126390,COMBINING FUZZY INFORMATION
126391,OPERATOR
126392,FREQUENT EPISODES
126393,SEQUENCES
126394,IMPUTATION
126395,K-ANONYMITY
126396,PROTECTING PRIVACY
126397,CRYPTOGRAPHIC KEYS
126398,HIERARCHY
126399,GUARDS
126400,EDITING DISTANCE
126401,JOINS
126402,SKYLINE
126403,RANKING
126404,CONDITIONAL FUNCTIONAL-DEPENDENCIES
126405,APPROXIMATE DEPENDENCIES
126406,RELATIONAL MODEL
126407,TRENDS
126408,HIGH-DIMENSIONAL SPACES
126409,METRIC-SPACES
126410,FINITE AUTOMATA
126411,SPARQL
126412,ONE-COUNTER AUTOMATA
126413,RELATIONAL TRANSDUCERS
126414,ELECTRONIC COMMERCE
126415,DATA LANGUAGES
126416,MULTIVALUED DEPENDENCIES
126417,FUNCTIONAL-DEPENDENCIES
126418,INCOMPLETE RELATIONS
126419,PROPOSITIONAL LOGIC
126420,NULL VALUES
126421,INCLUSION DEPENDENCIES
126422,ARMSTRONG RELATIONS
126423,EXISTING DATABASES
126424,BISIMULATION
126425,REACHABILITY
126426,FREQUENT
126427,DIFFERENTIAL PRIVACY
126428,NOISE
126429,CONSTRAINT SATISFACTION
126430,DESCRIPTION LOGICS
126431,NORMAL-FORM
126432,DATABASE
126433,DOCUMENT
126434,LABELED TREES
126435,QUERY EVALUATION
126436,RECORD LINKAGE
126437,DATA EXCHANGE
126438,MARKOV LOGIC
126439,DEDUPLICATION
126440,LINK-PREDICTION
126441,FRIENDSHIPS
126442,DIVERSITY
126443,NEIGHBORHOOD
126444,FREQUENT SUBGRAPH
126445,SIZE BOUNDS
126446,QUERY PLANS
126447,LIGRA
126448,MINIMUM-LINK PATHS
126449,POLYGONS
126450,CURVE
126451,TRANSFORMATIONS
126452,OPERATIONS
126453,DBTOASTER
126454,ANOMALIES
126455,NONPARAMETRIC-ESTIMATION
126456,SPECIES RICHNESS
126457,POPULATION
126458,UNSEEN
126459,SAMPLE
126460,CONFIDENCE-INTERVALS
126461,MULTIPLE SUPPLY VOLTAGES
126462,WIRELESS COMMUNICATIONS
126463,BEHAVIORAL SYNTHESIS
126464,PORTABLE COMPUTERS
126465,CO-DESIGN
126466,DSP
126467,DATA PATH SYNTHESIS
126468,COMPILER OPTIMIZATIONS
126469,LOOP TRANSFORMATIONS
126470,POWER OPTIMIZATION
126471,MULTIPROCESSORS
126472,MULTICOMPUTERS
126473,CORE-BASED SYSTEMS
126474,METHODOLOGY
126475,ELMORE DELAY MODEL
126476,DISTRIBUTED EMBEDDED SYSTEMS
126477,COSYNTHESIS
126478,LEVEL
126479,CHIP
126480,PARAMETRIC SHORTEST-PATH
126481,CONCURRENT SYSTEMS
126482,MAXIMUM
126483,BRIDGING FAULTS
126484,SUBMICRON CMOS
126485,ICS
126486,HARDWARE-SOFTWARE COSYNTHESIS
126487,MAXIMUM-FLOW PROBLEM
126488,IP PROTECTION
126489,WATERMARKING TECHNIQUES
126490,RECONFIGURABLE COMPUTING SYSTEMS
126491,BLOCK PLACEMENT
126492,DROPLETS
126493,LAB
126494,VLSI ARRAYS
126495,COSIMULATION
126496,THERMAL NOISE
126497,PRISM
126498,SCHEDULING STRATEGIES
126499,EXECUTION TIME
126500,DSP ALGORITHMS
126501,WORKLOAD CHARACTERIZATION
126502,WIRELESS NETWORKS
126503,MULTIMEDIA
126504,SELECTION
126505,LEAKAGE CURRENT
126506,CMOS CIRCUITS
126507,BODY BIAS
126508,SEMICUSTOM DESIGN
126509,GATED CIRCUITS
126510,SUPPLY-VOLTAGE
126511,MICROPROCESSORS
126512,PERFORMANCE DEGRADATION
126513,PENCIL
126514,TASKS
126515,STANDARD CELL PLACEMENT
126516,FOURIER-TRANSFORM
126517,DSP TRANSFORMS
126518,COMPARISON DIAGNOSIS MODEL
126519,TOPOLOGICAL PROPERTIES
126520,HYPERCUBES
126521,MULTIPROCESSOR SOCS
126522,THERMAL MANAGEMENT
126523,MULTIPROCESSOR ARCHITECTURE
126524,AETHEREAL NETWORK
126525,SIDE-CHANNEL ATTACK
126526,CRYPTOSYSTEMS
126527,RUN-TIME
126528,PHYSICAL UNCLONABLE FUNCTIONS
126529,FLASH FILE SYSTEM
126530,WRITE
126531,COMPOSITION NETWORKS
126532,CONNECTION ASSIGNMENT
126533,FAULT IDENTIFICATION
126534,STAR GRAPHS
126535,PARALLEL
126536,SUBTHRESHOLD SRAM
126537,NM CMOS
126538,BIOCHIPS
126539,DILUTION
126540,MODULE
126541,EWOD
126542,DENSITY CONSTRAINTS
126543,MODEL ORDER REDUCTION
126544,EFFICIENT APPROXIMATION
126545,OPERATIONAL-AMPLIFIERS
126546,COMPENSATION STRATEGY
126547,DECISION DIAGRAM
126548,DESIGN PROCEDURE
126549,CURRENT BUFFER
126550,COMPUTER-AIDED-DESIGN
126551,INTEGRATED-CIRCUITS
126552,ANALOG CIRCUITS
126553,LOCAL OPTIMA
126554,NONVOLATILE MEMORY
126555,HYBRID CACHE
126556,MRAM
126557,ERROR RECOVERY
126558,PLACEMENT
126559,MULTI-CORE
126560,DELAY
126561,CACHE BEHAVIOR PREDICTION
126562,TIMING ANALYSIS
126563,WCET
126564,ILP
126565,MAGNETIC TUNNEL-JUNCTIONS
126566,LAYER
126567,CELL MULTIPROCESSOR
126568,SOC
126569,KEY MANAGEMENT
126570,CONTROL-FLOW CHECKING
126571,ERROR-DETECTION
126572,WATCHDOG PROCESSORS
126573,BATTERIES
126574,TUTORIAL
126575,EMBEDDED SYSTEMS
126576,GENERATING BINARY SEQUENCES
126577,STOCHASTIC-ANALYSIS
126578,HARD-REAL-TIME
126579,CONTROLLER-AREA-NETWORK
126580,SCRATCHPAD MEMORY
126581,WCET ANALYSIS
126582,MULTIPROCESSOR
126583,PROBABILITY
126584,DATA AGGREGATION
126585,AIRCRAFT
126586,PLATFORMS
126587,POWER ESTIMATION METHODOLOGY
126588,CONSUMPTION
126589,MICROPROCESSOR
126590,RESILIENCE
126591,MULTICORE PROCESSORS
126592,MPSOCS
126593,WAVELET TRANSFORM
126594,HYPERSPECTRAL DATA
126595,COEFFICIENTS
126596,EXTRACTION
126597,ENERGY-EFFICIENT
126598,SLEPIAN-WOLF
126599,AGGREGATION
126600,WSNS
126601,MOBILE SINKS
126602,SOFTWARE-DEFINED NETWORKING
126603,VIDEO TRANSMISSION
126604,LOCALIZATION
126605,THROUGHPUT MAXIMIZATION
126606,RESOURCE-ALLOCATION
126607,POLYGONAL MODELS
126608,ERROR
126609,SUBDIVISION
126610,OCTTREES
126611,RADIOSITY
126612,REFLECTIONS
126613,STOCHASTIC-MODELS
126614,BLENDING QUATERNION CURVES
126615,SOLID ORIENTATIONS
126616,SPHERES
126617,MOTIONS
126618,SPACES
126619,INVERSE KINEMATICS
126620,SHIFTS
126621,DEFORMABLE TEMPLATES
126622,GLOBAL DEFORMATIONS
126623,SIZE FUNCTIONS
126624,RANGE IMAGES
126625,SUPERQUADRICS
126626,ANISOTROPIC DIFFUSION
126627,TONE REPRODUCTION
126628,BRIGHTNESS PERCEPTION
126629,RETINEX
126630,DOMAIN
126631,FOURIER DESCRIPTORS
126632,3-D OBJECTS
126633,REGISTRATION
126634,CAMERA
126635,DEFORMATION
126636,SURFACES
126637,IMAGE-RESTORATION
126638,DECONVOLUTION
126639,HOUSES
126640,BEHAVIORS
126641,SINGLE-IMAGE
126642,FIELD
126643,PHOTOGRAPHY
126644,FLASH
126645,RESTORATION
126646,SCATTERING
126647,DYNAMIC-RANGE IMAGES
126648,REAL SCENES
126649,3D
126650,TEXTURE SYNTHESIS
126651,BLIND DECONVOLUTION
126652,BLURRED IMAGES
126653,PHOTOGRAPHS
126654,GRAPH CUTS
126655,SIGNAL
126656,MODULATION TRANSFER-FUNCTION
126657,SPATIAL-FREQUENCY MASKING
126658,HUMAN EYE
126659,HUMAN VISION
126660,CONTRAST
126661,PIGMENTATION
126662,DEPENDENCE
126663,SUPERRESOLUTION
126664,INTERPOLATION
126665,STATISTICS
126666,REMOVAL
126667,FACE ALIGNMENT
126668,POSE
126669,TOPOLOGY OPTIMIZATION
126670,METAMATERIALS
126671,NONNEGATIVE MATRIX FACTORIZATION
126672,HEAD-MOUNTED DISPLAY
126673,3D DISPLAYS
126674,EXPOSURE
126675,60 GHZ BAND
126676,IMPULSE RADAR
126677,HUMAN GAIT
126678,SENSORS
126679,PHASE
126680,ARTICULATED HAND
126681,GLOVE
126682,OPTICAL-ELEMENTS
126683,DIFFRACTION
126684,MODULATION
126685,LENS
126686,HUMAN-BODY
126687,PICTORIAL STRUCTURES
126688,MOTION CAPTURE
126689,DEPTH IMAGES
126690,CONVERGENCE ACCELERATION
126691,GEOMETRY
126692,BODY
126693,MAPPINGS
126694,DOCUMENT-RETRIEVAL
126695,CITATION
126696,CO-OCCURRENCE DATA
126697,SEARCH TERMS
126698,PROBABILITIES
126699,TEXT RETRIEVAL
126700,SEMANTIC SIMILARITY
126701,RETRIEVAL EFFECTIVENESS
126702,NEWS
126703,HIERARCHICAL-CLUSTERING ALGORITHMS
126704,POSITIONS
126705,BLOCKMODELS
126706,ROLES
126707,NEURAL NETWORKS
126708,PREFERENCE
126709,ENGINES
126710,USERS
126711,GROUP SUPPORT-SYSTEMS
126712,AUTHORSHIP IDENTIFICATION
126713,ATTRIBUTION
126714,FEDERALIST
126715,REPUTATION
126716,PROGRAM
126717,PROBABILISTIC MODELS
126718,OKAPI
126719,CORONARY-HEART-DISEASE
126720,HEALTH INFORMATION
126721,LIFE-STYLE
126722,SEEKING
126723,HYPOCHONDRIASIS
126724,CONSUMERS
126725,RECALL
126726,RELEVANCE-FEEDBACK
126727,COMPARING RANKINGS
126728,IMAGE RETRIEVAL
126729,AUTOMATIC TEXT RETRIEVAL
126730,MATRIX FACTORIZATION
126731,NEAREST-NEIGHBOR
126732,REGULARIZATION
126733,ARRAY CONSTRUCTION
126734,HUMAN MOBILITY
126735,IMAGE SEARCH
126736,RERANKING
126737,EVERYDAY LIFE
126738,RECOMMENDATION
126739,NUTRITION
126740,STEPS
126741,WORKING SET SELECTION
126742,MODEL SELECTION
126743,REGRESSION
126744,LASSO
126745,AUDIO SIGNALS
126746,GENRE CLASSIFICATION
126747,TEXT CATEGORIZATION
126748,CIRCUMPLEX MODEL
126749,TOURISTS
126750,ROBUST TRACKING
126751,REPRESENTATIONS
126752,SURVEILLANCE
126753,MAP-MATCHING ALGORITHMS
126754,SEQUENTIAL PATTERNS
126755,PREFIXSPAN
126756,GROWTH
126757,TRAFFIC CONDITIONS
126758,TRAJECTORIES
126759,MODULARITY
126760,MOVING-OBJECTS DATABASES
126761,GATHERING PATTERNS
126762,PERIODIC PATTERNS
126763,UNCERTAIN DATA
126764,RECOMMENDATIONS
126765,HISTORY
126766,LOGISTIC-REGRESSION
126767,VISUAL-SEARCH
126768,VECTOR
126769,RECOGNIZING ROTATED FACES
126770,FACIAL EXPRESSION
126771,MUGSHOT DATABASES
126772,MORPHABLE MODEL
126773,SUBSPACE
126774,LARGE-SCALE
126775,LBSNS
126776,NEAREST NEIGHBORS
126777,SPARSE
126778,LEAST-SQUARES ALGORITHM
126779,MULTILINEAR DECOMPOSITION
126780,LINK PREDICTION
126781,PARAFAC
126782,MATRIX
126783,UNIQUENESS
126784,CANDECOMP/PARAFAC
126785,OBJECT DETECTION
126786,RECURRENT NEURAL-NETWORKS
126787,FRONT-END
126788,DEREVERBERATION
126789,SEPARATION
126790,MASKS
126791,HYPERMEDIA
126792,COMMUNICATION-NETWORKS
126793,PROCESS MODELS
126794,EVENT LOGS
126795,BPEL
126796,SCHEMA
126797,PACKET MARKING
126798,TRACEBACK
126799,DDOS
126800,IMAGE QUALITY ASSESSMENT
126801,ONTOLOGIES
126802,STREAMS
126803,INTERCHANGE
126804,MEDIATION
126805,PUBLISH/SUBSCRIBE
126806,UNCERTAINTY
126807,USAGE PATTERNS
126808,DISCRETE WEIBULL DISTRIBUTION
126809,POWER-LAW DISTRIBUTIONS
126810,SMALL-WORLD PROBLEM
126811,SOCIAL NETWORK
126812,SYBIL ATTACKS
126813,SCALE-FREE
126814,FRIENDSHIP
126815,HYBRID CLOUDS
126816,NATURAL-LANGUAGE ARGUMENTS
126817,SOFTWARE PARADIGM
126818,POINT
126819,INDEPENDENT TASKS
126820,BACKGROUND KNOWLEDGE
126821,BAYESIAN NETWORKS
126822,HEAVY TAILS
126823,LOCAL OUTLIERS
126824,FOREST
126825,SHRINKAGE
126826,CUMULATIVE TRAUMA DISORDERS
126827,VECTOR QUANTIZATION
126828,TIES
126829,LABEL
126830,DIMENSIONALITY REDUCTION
126831,SCALE-FREE NETWORKS
126832,HIDDEN POPULATIONS
126833,MASSIVE GRAPHS
126834,HIGH-DIMENSIONAL DATA
126835,GENE-EXPRESSION DATA
126836,LARGE DATA SETS
126837,PROJECTIONS
126838,SUBSPACES
126839,DIFFUSION
126840,PRINCIPAL COMPONENT ANALYSIS
126841,FACE RECOGNITION
126842,OUTLIER DETECTION
126843,KERNELS
126844,MAXIMIZATION
126845,REDUNDANCY
126846,NORM
126847,STATISTICAL-ANALYSIS
126848,BOUNDARY-VALUE-PROBLEMS
126849,PSEUDOSPECTRAL METHOD
126850,STABILITY
126851,EIGENVALUES
126852,EQUATION
126853,LONG-RANGE CORRELATIONS
126854,MONTE-CARLO
126855,PARALLEL COMPUTERS
126856,ISING-MODEL
126857,SIMULATIONS
126858,TESTS
126859,NONMONOTONE LINE SEARCH
126860,PROJECTED GRADIENT METHODS
126861,OPTICAL-CONSTANTS
126862,SIMPLE BOUNDS
126863,THICKNESS
126864,BARZILAI
126865,LIMIT-CYCLE OSCILLATORS
126866,HOPF-BIFURCATION
126867,LEVEL-3 BLAS
126868,LINEAR ALGEBRA SUBPROGRAMS
126869,HIGH-PERFORMANCE LIBRARY
126870,NUMERICAL-SOLUTION
126871,AXB(T)+CXD(T)=E
126872,ESTIMATORS
126873,BOUNDARY-VALUE PROBLEMS
126874,CONTINUATION
126875,COLLOCATION
126876,TRUST-REGION
126877,NONLINEAR-SYSTEMS
126878,LU FACTORIZATION
126879,GAUSSIAN-ELIMINATION
126880,MATRICES
126881,AUTOMATIC DIFFERENTIATION
126882,SPARSE MATRICES
126883,LINEAR-EQUATIONS
126884,SYMBOLIC FACTORIZATION
126885,SOLVING SPARSE
126886,FILL
126887,BOTTOM-UP
126888,UNCONSTRAINED TESTING ENVIRONMENT
126889,ALGEBRAIC SYSTEMS
126890,SENSITIVITY ANALYSIS
126891,RADIATION DIFFUSION
126892,KRYLOV METHODS
126893,NAVIER-STOKES EQUATIONS
126894,PRECONDITIONER
126895,SPARSE GAUSSIAN-ELIMINATION
126896,LINEAR-SYSTEMS
126897,NOTATION
126898,EFFICIENT LINE SEARCH
126899,CONVERGENCE CONDITIONS
126900,GLOBAL CONVERGENCE
126901,ASCENT METHODS
126902,PROPERTY
126903,RANDOM NUMBER GENERATORS
126904,POLYNOMIALS
126905,PENALTY DG METHODS
126906,MULTILEVEL METHODS
126907,TOMOGRAPHY
126908,FEM
126909,PSEUDORANDOM NUMBERS
126910,SERIAL TESTS
126911,SEQUENCE
126912,FAMILIES
126913,SPACINGS
126914,POSTERIORI ERROR ESTIMATORS
126915,CONVECTION-DIFFUSION EQUATIONS
126916,FAST ITERATIVE SOLUTION
126917,PRECONDITIONERS
126918,DEGREE ORDERING ALGORITHM
126919,MATRIX COMPLETION
126920,SQUARES
126921,SUMS
126922,DISCRETE POLYNOMIAL-TRANSFORMS
126923,TRIGONOMETRIC POLYNOMIALS
126924,FAST SUMMATION
126925,GRIDDING RECONSTRUCTION
126926,SCATTERED DATA
126927,SPARSE GRIDS
126928,SPHERE
126929,CONVOLUTION
126930,DOWNDATING ALGORITHM
126931,ELIMINATION TREES
126932,ROW
126933,QR FACTORIZATION
126934,DIRECT TRAJECTORY OPTIMIZATION
126935,SPACECRAFT FORMATIONS
126936,DIRECT TRANSCRIPTION
126937,COSTATE ESTIMATION
126938,DIFFERENTIATION
126939,CODE GENERATION
126940,EQUATIONS
126941,LIBRARY
126942,PATTERN MULTIFRONTAL METHOD
126943,GENERALIZED EIGENVALUE PROBLEMS
126944,JACOBI-DAVIDSON
126945,HERMITIAN EIGENPROBLEMS
126946,LIMITED MEMORY
126947,LARGE MATRICES
126948,EIGENPAIRS
126949,MATLAB
126950,LU
126951,ADAPTIVE DIRECT SEARCH
126952,DERIVATIVE-FREE OPTIMIZATION
126953,PATTERN SEARCH
126954,INDEFINITE SYSTEMS
126955,MATRIX FUNCTIONS
126956,SQUARING METHOD
126957,ADI SCHEMES
126958,APPROXIMATIONS
126959,HOMOTOPY CONTINUATION
126960,ALGEBRAIC-GEOMETRY
126961,PATH TRACKING
126962,INVARIANTS
126963,ANALYTIC-FUNCTIONS
126964,COMPLEX-VARIABLES
126965,NUMBERS
126966,MATRIX POLYNOMIALS
126967,REPRODUCIBLE RESEARCH
126968,PSEUDOSPECTRA
126969,EIGENPROBLEMS
126970,PERTURBATION
126971,SENSITIVITY
126972,PARALLEL EIGENSOLVER
126973,EIGENVALUE PROBLEM
126974,FLAME
126975,POLYNOMIAL-MATRICES
126976,BACKWARD ERROR
126977,LINEARIZATIONS
126978,PSEUDOSPECTRAL METHODS
126979,FINITE-ELEMENT-METHOD
126980,FAST LIDAR
126981,PROPER ORTHOGONAL DECOMPOSITION
126982,COHERENT STRUCTURES
126983,FLOWS
126984,POD
126985,CENTROIDAL VORONOI TESSELLATIONS
126986,EXACT GEOMETRIC COMPUTATION
126987,CONSTRAINED DELAUNAY
126988,REGULAR TRIANGULATIONS
126989,BOUNDARY RECOVERY
126990,POLYHEDRA
126991,EXTRAORDINARY OPTICAL-TRANSMISSION
126992,GENERIC GRID INTERFACE
126993,FAST MULTIPOLE METHOD
126994,SINGULAR-INTEGRALS
126995,ELECTROMAGNETIC SCATTERING
126996,EXPONENTIAL CONVERGENCE
126997,ELEMENT METHOD
126998,HOLE ARRAYS
126999,QUADRATURE
127000,HOUSEHOLDER TRANSFORMATIONS
127001,WY REPRESENTATION
127002,SOLVING CHARACTERISTIC EQUATIONS
127003,ELECTROMAGNETIC STRUCTURES
127004,TRANSCENDENTAL EQUATIONS
127005,ZEPLS PROGRAM
127006,WAVE
127007,SPARSE REPRESENTATIONS
127008,IMAGE DECOMPOSITION
127009,MULTISCALE
127010,FRAMES
127011,COOPERATIVE COEVOLUTION
127012,COORDINATE DESCENT
127013,BLAS
127014,CONJUGATE GRADIENTS
127015,PROCESSING UNITS
127016,STORAGE FORMAT
127017,MULTIPLE GPUS
127018,NVIDIA GPUS
127019,PRODUCT
127020,SPMV
127021,VARIATIONAL FORMS
127022,PROBLEM-SOLVING ENVIRONMENTS
127023,OBJECT-ORIENTED FRAMEWORK
127024,DESIGN OPTIMIZATION
127025,AEROSPACE DESIGN
127026,COMPLEX
127027,COUPLED-CLUSTER THEORY
127028,QUANTUM-CHEMISTRY
127029,MULTIRESOLUTION
127030,CONTRACTIONS
127031,MATRIX-VECTOR MULTIPLICATION
127032,FORMAT
127033,RARE EVENTS
127034,QUEUES
127035,EXCESSIVE BACKLOGS
127036,CROSS-ENTROPY
127037,SIMULATION EXPERIMENTS
127038,RELIABLE MARKOVIAN SYSTEMS
127039,HIGHLY DEPENDABLE SYSTEMS
127040,FAST SIMULATION
127041,RESTART
127042,CHAINS
127043,SEQUENCE CHARTS
127044,AOP
127045,SCREENING MAMMOGRAPHY
127046,SERVICE INDUSTRY/
127047,US
127048,UNIVERSAL GENERATOR
127049,GAMMA
127050,REJECTION
127051,DENSITY
127052,INITIAL ATTACK
127053,FIRE
127054,SPREAD
127055,DEVS
127056,LOW-DISCREPANCY SEQUENCES
127057,MONTE CARLO METHODS
127058,GOOD PERMUTATIONS
127059,STAR-DISCREPANCY
127060,DIMENSION
127061,HUMAN-BEHAVIOR MODELS
127062,DYNAMICS MODEL
127063,PMFSERV
127064,DISCRETE STOCHASTIC OPTIMIZATION
127065,SEQUENTIAL SELECTION PROCEDURES
127066,MONTE-CARLO SIMULATION
127067,RELATIVE ERROR
127068,PANDEMIC INFLUENZA
127069,TRADE
127070,FIRE-SPREAD
127071,FOREST-FIRE
127072,GROWTH-MODEL
127073,SHAPES
127074,FUELS
127075,AVERAGE APPROXIMATION METHOD
127076,ROBBINS-MONRO PROCEDURE
127077,RETROSPECTIVE-APPROXIMATION
127078,NONLINEAR EQUATIONS
127079,ASYMPTOTIC THEORY
127080,CORRELATION-INDUCTION STRATEGY
127081,MODEL MISSPECIFICATION
127082,DESIGNS
127083,VALIDATION
127084,SCHRUBEN
127085,FIRE BEHAVIOR
127086,DEVS-FIRE
127087,FUSION
127088,VALUE-AT-RISK
127089,DENSITY-FUNCTION
127090,SENSITIVITIES
127091,COMPUTER-MODELS
127092,DIAGNOSTICS
127093,TOOLKIT
127094,PENALIZED REGRESSION
127095,CLAIMS DATA
127096,SAFETY
127097,MARKUP LANGUAGE
127098,SYSTEMS BIOLOGY
127099,EFFICIENT NESTED SIMULATION
127100,EXPECTED SHORTFALL
127101,RISK MEASUREMENT
127102,VARIANCE
127103,INTEGER NONLINEAR PROGRAMS
127104,OUTER-APPROXIMATION
127105,DUALITY
127106,SEQUENTIAL-PROCEDURES
127107,SIMULATION BUDGET ALLOCATION
127108,ORDINAL OPTIMIZATION
127109,MAXIMUM-ENTROPY
127110,INFORMATION-THEORY
127111,MASTER EQUATION
127112,HELICOBACTER-PYLORI
127113,NEISSERIA-MENINGITIDIS
127114,PATHOGENIC BACTERIA
127115,GENOME
127116,CHEMICAL MASTER EQUATION
127117,GENE-EXPRESSION
127118,SINGLE-CELL
127119,KINETICS
127120,ORIGINS
127121,WIRELESS NOC
127122,INTERNET TOPOLOGY
127123,TIME WARP
127124,LAW
127125,CAPILLARY VESSELS
127126,FUNGI
127127,CELLS
127128,PROCESS ALGEBRA
127129,FRACTIONAL DIFFERENTIAL-EQUATIONS
127130,ORDER
127131,ATTRIBUTED PI-CALCULUS
127132,BIOLOGICAL-SYSTEMS
127133,BIONETGEN
127134,PROBABILISTIC VERIFICATION
127135,SIMULATION-BASED OPTIMIZATION
127136,DISCRETE OPTIMIZATION
127137,BUDGET ALLOCATION
127138,PARETO SET
127139,INTEREST POINT DETECTORS
127140,SEARCH ENGINE
127141,CONTINUOUS MEDIA
127142,CONTENT-BASED RETRIEVAL
127143,KEY FRAME SELECTION
127144,HIGHLIGHTS
127145,SACCADIC EYE-MOVEMENTS
127146,SIMULATOR
127147,EFFECTIVE STIMULUS
127148,ACUITY
127149,SPAN
127150,IMAGE-BASED REPRESENTATION
127151,HAPTICS
127152,SUBJECTIVE IMAGE QUALITY
127153,VIEWING-DISTANCE
127154,WORK
127155,NONLINEAR DIMENSIONALITY REDUCTION
127156,PEER-TO-PEER
127157,FRAGILE WATERMARKING SCHEME
127158,SINGLE-KEY-LOCK
127159,AUTHENTICATION SCHEME
127160,ACCESS-CONTROL
127161,SECRET IMAGE
127162,STEGANOGRAPHY
127163,OWNERSHIP
127164,DISCRIMINANT-ANALYSIS
127165,ODOR
127166,IMAGERY
127167,NOSE
127168,GRID INFRASTRUCTURES
127169,ONLINE GAMES
127170,ANNOTATION
127171,POSE ESTIMATION
127172,VIDEO SURVEILLANCE
127173,PAN
127174,UNDERLAYING CELLULAR NETWORKS
127175,QOE
127176,GRADIENT
127177,DATA-MANAGEMENT
127178,MANY-CORE PROCESSORS
127179,PARALLEL FRAMEWORK
127180,ENSEMBLE
127181,SACCADIC INTRUSIONS
127182,PUPIL DIAMETER
127183,MICROSACCADES
127184,ADVERTISEMENTS
127185,FIXATION
127186,DEPENDENCY
127187,INFERENCE
127188,ANONYMITY
127189,SECURE 2-PARTY COMPUTATION
127190,OPCODES
127191,GALOIS LATTICES
127192,C++
127193,OBJECT-ORIENTED LANGUAGES
127194,CONTROL FLOW-ANALYSIS
127195,OPTIMIZING COMPILER
127196,MESSAGE SEQUENCE CHARTS
127197,RENOVATION
127198,GRAMMARS
127199,SDF
127200,MULTIPLE
127201,RESOURCE ACCESS
127202,SAFE AMBIENTS/
127203,POINTER
127204,MODULAR STRATEGIES
127205,GAME GRAPHS
127206,VERSION CHANGE
127207,LIGHTWEIGHT BYTECODE VERIFICATION
127208,FEATHERWEIGHT JAVA
127209,ISABELLE/HOL
127210,SUBROUTINES
127211,SOUNDNESS
127212,VERIFIER
127213,SAFE METACLASS COMPOSITION
127214,COLLECTION CLASSES
127215,INHERITANCE
127216,ENCAPSULATION
127217,SMALLTALK
127218,CONFLICT
127219,UNIVERSAL RESOLVING ALGORITHM
127220,RELATIONAL VIEWS
127221,INVERSE COMPUTATION
127222,COMPUTING PROCESS
127223,HEAT-GENERATION
127224,IRREVERSIBILITY
127225,TRANSLATION
127226,ABSTRACT INTERPRETATION
127227,ANALYZER
127228,CONSISTENCY
127229,WORKFLOW MANAGEMENT-SYSTEMS
127230,SPECIFICATIONS
127231,REGULAR EXPRESSIONS
127232,SESSION TYPES
127233,ORCHESTRATORS
127234,CHURCHS LAMBDA-NOTATION
127235,FIXED-POINT THEOREMS
127236,SET-THEORY
127237,ALGOL 60
127238,EXPRESSIONS
127239,OBJECT-ORIENTED PROGRAMS
127240,SHAPE-ANALYSIS
127241,ABSTRACTIONS
127242,MESSAGE-PASSING INTERFACE
127243,REMOTE PROCEDURE CALLS
127244,CRYPTOGRAPHIC PROTOCOLS
127245,SECRECY
127246,RECURSIVE TYPES
127247,HOWES METHOD
127248,LOCAL NAMES
127249,PI-CALCULUS
127250,MOBILE PROCESSES
127251,STEP OPERATIONAL SEMANTICS
127252,HEAP-SPACE ANALYSIS
127253,COST-ANALYSIS
127254,COMPLEXITY ANALYSIS
127255,PROGRAM ANALYSIS
127256,DATA-FLOW ANALYSIS
127257,STRUCTURED TRANSITION-SYSTEMS
127258,PUSHDOWN PROCESSES
127259,SECURE INFORMATION-FLOW
127260,HOL
127261,MULTITHREADED PROGRAMS
127262,CONCURRENT PROGRAMS
127263,INTERPROCEDURAL ANALYSIS
127264,ASYNCHRONOUS PROGRAMS
127265,PUSHDOWN SYSTEMS
127266,THREADS
127267,DECLASSIFICATION
127268,AUTHORIZATION
127269,PARAMETRICITY
127270,OPERATIONAL SEMANTICS
127271,SHARED-MEMORY
127272,PERMISSIONS
127273,PARAMETERIZED CONCURRENT PROGRAMS
127274,MINIMAL COVERABILITY SET
127275,RESET PETRI NETS
127276,WELL
127277,WSTS
127278,PREDICATE ABSTRACTION
127279,AUTOMATIC-ANALYSIS
127280,FULLY ABSTRACT
127281,DEPENDENCY PAIRS
127282,SCHEDULING PROBLEM
127283,DYNAMIC STORAGE-ALLOCATION
127284,CONCURRENT
127285,SYNCHRONOUS DATA-FLOW
127286,PROGRAMMING LANGUAGE
127287,DYNAMIC FRAMES
127288,SEPARATION LOGIC
127289,PURITY
127290,TOOLS
127291,CUSTOM INSTRUCTIONS
127292,ACCELERATION
127293,ASIP
127294,LUT
127295,GATE ARRAY
127296,TMR
127297,SENSOR
127298,DYNAMIC PARTIAL RECONFIGURATION
127299,EVOLVABLE HARDWARE
127300,ARTIFICIAL EVOLUTION
127301,DESIGN SPACE
127302,ELECTRONICS
127303,FPGAS
127304,SUMMATION
127305,DOUBLE-PRECISION
127306,LOGARITHM
127307,BELIEF PROPAGATION
127308,SQUARE-ROOT
127309,DIVISION
127310,TRADEOFFS
127311,DIVIDE
127312,GPU
127313,IEEE 802.15.4
127314,ENERGY-CONSUMPTION
127315,WIRELESS
127316,THROUGHPUT
127317,STANDARD
127318,SINK
127319,DIFFUSION MAPS
127320,CONNECTION
127321,LAPLACIAN
127322,GROSSBERG NEURAL-NETWORKS
127323,MARKOVIAN JUMP SYSTEMS
127324,H-INFINITY CONTROL
127325,GLOBAL SYNCHRONIZATION
127326,STOCHASTIC-SYSTEMS
127327,ROBUST STABILITY
127328,OUTPUT-FEEDBACK
127329,VARYING DELAYS
127330,MELES-MELES
127331,AGGREGATION TECHNIQUES
127332,SIGNAL RECONSTRUCTION
127333,BINARY SOURCES
127334,TRANSFORMS
127335,AUTHENTICATED STRINGS
127336,AGREEMENT PROTOCOLS
127337,OPERATING SYSTEM
127338,TRUTH
127339,MAC
127340,RANDOM FORWARDING GERAF
127341,AD HOC
127342,SIGNAL RECOVERY
127343,COMPONENT-BASED LOCALIZATION
127344,AD HOC NETWORKS
127345,GUARANTEED DELIVERY
127346,OBJECT TRACKING
127347,DISTRIBUTED TOPOLOGY-CONTROL
127348,MULTIHOP NETWORKS
127349,RANGE
127350,MICROBIAL FUEL-CELL
127351,POWER TRANSFER
127352,ELECTRICAL ENERGY
127353,BIOFUEL CELLS
127354,TRANSMISSION
127355,BATTERYLESS
127356,LONG-TERM
127357,WIND
127358,MAXIMUM-LIKELIHOOD
127359,TRUTH DISCOVERY
127360,LIGHTWEIGHT
127361,COOPERATIVE TRANSMISSION
127362,ROUTING ALGORITHM
127363,SOLAR
127364,BATTERY
127365,HEALTH
127366,CHANNEL
127367,TSCH NETWORKS
127368,ADAPTIVE SYNCHRONIZATION
127369,OFFICE
127370,SYMMETRY
127371,CODE
127372,DATA-FLOW
127373,CRITERIA
127374,SEMANTIC DATABASE MODEL
127375,CONTRACTS
127376,CASE TOOLS
127377,TRANSFORMATION
127378,FORMALISM
127379,TEST-SELECTION TECHNIQUES
127380,PRIORITIZATION
127381,FINITE-STATE VERIFICATION
127382,JAVA PROGRAMS
127383,FRAMEWORKS
127384,DEF-USE ASSOCIATIONS
127385,SIDE-EFFECT ANALYSIS
127386,CONTEXT-FREE GRAMMARS
127387,MODEL-DRIVEN DEVELOPMENT
127388,SOFTWARE RENOVATION
127389,DEPENDENCE GRAPH
127390,MAINTENANCE
127391,SOFTWARE-DEVELOPMENT
127392,CODE MOBILITY
127393,SOURCE-CODE
127394,IMPACT ANALYSIS
127395,DOCUMENTATION
127396,DELOCALIZED PLANS
127397,LIST
127398,SOURCE CODE
127399,CONTROL-FLOW
127400,WORKFLOW NETS
127401,GO
127402,SYSTEMS-DEVELOPMENT METHODS
127403,PROJECTS
127404,STRUCTURAL HOLES
127405,ALLIANCES
127406,MOBILE APPLICATIONS
127407,SAFETY PROPERTIES
127408,MONITORS
127409,ERROR-CORRECTING CODES
127410,MARKERS
127411,ALGEBRA
127412,FEATURE MODELS
127413,VARIANTS
127414,CLASS DIAGRAMS
127415,HIGH-LEVEL DESIGN
127416,EMPIRICAL VALIDATION
127417,CONCEPTUAL COHESION
127418,FUNCTIONAL COHESION
127419,FAULT PREDICTION
127420,SUITE
127421,IN-SOURCE CODE
127422,COHESION
127423,TEST-SUITE REDUCTION
127424,STRUCTURAL CONTEXT
127425,DEVELOPERS
127426,LEGACY SYSTEMS
127427,BAD SMELLS
127428,SOFTWARE MAINTENANCE
127429,KNOWLEDGE MANAGEMENT
127430,EVOLUTIONARY MULTIOBJECTIVE OPTIMIZATION
127431,DEFECTS DETECTION
127432,MODULARIZATION
127433,DOMINANCE
127434,ACTIVITY DIAGRAMS
127435,COST-ESTIMATION MODELS
127436,PREDICTION MODELS
127437,REGRESSION-MODELS
127438,PROJECT
127439,VALIDITY
127440,DESIGN QUALITY
127441,REQUIREMENTS SPECIFICATIONS
127442,ELICITATION
127443,NOVICES
127444,EXPERTS
127445,0-1 KNAPSACK-PROBLEM
127446,CONFORMANCE CHECKING
127447,PROCESS VARIANTS
127448,GUIDE SOFTWARE CHANGES
127449,TRACEABILITY LINKS
127450,CODE CHANGES
127451,ARTIFACTS
127452,LOCAL SEARCH ALGORITHM
127453,PARETO
127454,STORAGE-SYSTEMS
127455,DRIVES
127456,RAID
127457,FLASH-MEMORY
127458,RAM
127459,CLASS MEMORY
127460,MESSAGE-LOCKED ENCRYPTION
127461,MAIN
127462,MULTIDIMENSIONAL AUCTIONS
127463,WEARABLE SENSORS
127464,WORKFLOW MANAGEMENT
127465,BUSINESS PROCESSES
127466,CONFORMANCE
127467,ENCODINGS
127468,PARETO DISTRIBUTIONS
127469,PAGES
127470,SMALL-WORLD NETWORKS
127471,HIGH-SCHOOL-STUDENTS
127472,CHILDRENS USE
127473,PHYSICAL BEHAVIORS
127474,GENDER-DIFFERENCES
127475,YAHOOLIGANS
127476,MINING SEQUENTIAL PATTERNS
127477,SOCIAL SOFTWARE
127478,Q-AND-A
127479,IR
127480,USER SIMILARITY
127481,USER BEHAVIOR
127482,OPINION LEADER
127483,DETERIORATING JOBS
127484,COMBINATORICS
127485,REAL-TIME
127486,EVENT STRUCTURES
127487,FAILURES SEMANTICS
127488,PRESERVING REFINEMENTS
127489,TESTING EQUIVALENCES
127490,STEPWISE REFINEMENT
127491,PROCESS LANGUAGE
127492,PARTIAL ORDERS
127493,CAUSAL TREES
127494,POSITIVE CUSTOMERS
127495,PREORDER
127496,CSP
127497,BINARY SEARCH-TREES
127498,RECURSIVE TREES
127499,NORMALITY
127500,DRIVEN PROCESS CHAINS
127501,VERIFICATION PROBLEMS
127502,DEADLOCK
127503,ATTRIBUTE GRAMMARS
127504,TRANSLATIONS
127505,TYPECHECKING
127506,2-WAY
127507,GRAY CODE
127508,COMBINATIONS
127509,CORRESPONDENCE ASSERTIONS
127510,CYCLONE
127511,BIN-PACKING
127512,MULTIDIMENSIONAL PACKING
127513,UNFOLDINGS
127514,HYBRID NETWORKS
127515,ACYCLIC GRAPHS
127516,CATEGORIES
127517,MAGMOIDS
127518,MULTI-AFFINE SYSTEMS
127519,REACHABILITY ANALYSIS
127520,DIFFERENTIAL-INCLUSIONS
127521,DYNAMICAL-SYSTEMS
127522,UNDECIDABILITY
127523,MATRIX MULTIPLICATION
127524,PARSERS
127525,SPIN
127526,UNDETERMINED UNIVERSES
127527,INHIBITOR NETS
127528,RECURSIVE PROGRAM SCHEMES
127529,TOP-DOWN
127530,REPLICATION
127531,CONGRUENCE
127532,OCL
127533,MULTISERVER QUEUE
127534,CUSTOMERS
127535,BALKING
127536,FAIRNESS
127537,FINITE-STATE MACHINES
127538,TEST SETS
127539,STATECHARTS
127540,ZERO-SUM GAMES
127541,UNBOUNDED TRANSITION
127542,DECISION-PROCESSES
127543,SELECTIVE MU-CALCULUS
127544,HEURISTIC-SEARCH
127545,RECURSIVE FUNCTIONS
127546,COMPUTABLE NUMBERS
127547,THREAD ALGEBRA
127548,ENTSCHEIDUNGSPROBLEM
127549,PROCESS CALCULI
127550,COMMUNICATING SYSTEMS
127551,TRAITS
127552,LAYERS
127553,EXHAUSTIVE GENERATION
127554,FIXED PATTERN
127555,DURATION
127556,TRELLIS AUTOMATA
127557,LINEAR CELLULAR NETWORKS
127558,FREQUENCY ASSIGNMENT
127559,MEAN-PAYOFF
127560,COMMUNICATING SEQUENTIAL PROCESSES
127561,PROPOSITIONAL DYNAMIC LOGIC
127562,BOOLEAN EQUATION SYSTEMS
127563,FLY MODEL-CHECKING
127564,TRANSITION-SYSTEMS
127565,MU-CALCULUS
127566,EXPLOITING SYMMETRY
127567,BRANCHING TIME
127568,DATABASE TRANSFORMATIONS
127569,MODELING CONCURRENCY
127570,READ
127571,ARCS
127572,POSITIVE DATA
127573,LANGUAGE IDENTIFICATION
127574,COUNTEREXAMPLES
127575,STRUCTURAL OPERATIONAL SEMANTICS
127576,COALGEBRA
127577,ROBUSTNESS ANALYSIS
127578,BIOLOGY
127579,EVOLVE
127580,TIME MARKOV-CHAINS
127581,ADAPTIVE AGGREGATION
127582,BRANCHING BISIMILARITY
127583,SIMULATION RELATIONS
127584,INFINITE GAMES
127585,WEAK BISIMULATION
127586,MARKOV
127587,PARITY GAMES
127588,WEAK MSO
127589,QUANTIFIER
127590,MULTICHANNEL
127591,MEDIUM ACCESS-CONTROL
127592,TOPOLOGY CONTROL
127593,SPECTRUM ACCESS
127594,GPS
127595,PACKET RADIO NETWORKS
127596,POWER-CONTROL
127597,SPECTRUM ASSIGNMENT
127598,CHANNEL ASSIGNMENT
127599,MULTIPLE-ACCESS
127600,MESH NETWORKS
127601,CAPACITY
127602,TRUST NEGOTIATION
127603,UNIFORMLY RANDOM NETWORKS
127604,RANDOM ARCS
127605,CIRCLE
127606,CROSS-LAYER DESIGN
127607,MAC PROTOCOLS
127608,WIRELESS LANS
127609,UAV
127610,MUTUAL AUTHENTICATION
127611,REMOTE USER AUTHENTICATION
127612,CLIENT-SERVER ENVIRONMENT
127613,SMART-CARDS
127614,PASSWORD AUTHENTICATION
127615,KEY AGREEMENT
127616,ANALYSIS ATTACKS
127617,COGNITIVE RADIO
127618,TRANSMISSION CAPACITY
127619,DISTRIBUTED DETECTION
127620,SMALL-WORLD
127621,INTERFERENCE
127622,COOPERATION
127623,DECODER
127624,IDENTITY-BASED ENCRYPTION
127625,BUSINESS INTELLIGENCE
127626,IOT
127627,INTER-VEHICLE COMMUNICATION
127628,CRYPTOGRAPHY
127629,OPPORTUNISTIC MOBILE NETWORKS
127630,DELAY-TOLERANT NETWORKS
127631,FUTURE INTERNET
127632,IPV6
127633,INTELLIGENT TRANSPORTATION SYSTEMS
127634,SELF-ORGANIZATION
127635,ROUTING PROTOCOL
127636,ENERGY-AWARE
127637,BLUETOOTH
127638,TRUTHFUL DOUBLE AUCTION
127639,DISASTER MANAGEMENT
127640,UAVS
127641,MOBILITY
127642,IMPLANTABLE MEDICAL DEVICES
127643,WBAN
127644,TRANSMISSION RANGES
127645,DOMINATING-SET
127646,COOPERATIVE BROADCAST
127647,VEHICULAR COMMUNICATIONS
127648,RADIO
127649,K-COVERAGE
127650,NODE PLACEMENT
127651,FEASIBILITY PROBLEMS
127652,GROUP KEY AGREEMENT
127653,CONTROL PROTOCOL
127654,MANAGEMENT SCHEME
127655,CELLULAR NETWORKS
127656,IMMUNE ALGORITHM
127657,COGNITIVE RADIOS
127658,VEHICULAR NETWORKS
127659,LATENCY
127660,ADAPTIVE GTS ALLOCATION
127661,MEDIUM-ACCESS
127662,MOBILITY PREDICTION
127663,USER INFORMATION SATISFACTION
127664,STAGE HYPOTHESIS
127665,PROCESS-IMPROVEMENT
127666,INVOLVEMENT
127667,MIS
127668,TEMPORAL DIFFERENCES
127669,SEARCH ALGORITHM
127670,TREE-SEARCH
127671,CHESS
127672,MACHINE
127673,MOVE
127674,SHALLOW-WATER EQUATIONS
127675,PRIMITIVE EQUATIONS
127676,INITIALIZATION
127677,ASSIMILATION
127678,FORMULATION
127679,FORECASTS
127680,MODULAR EXPONENTIATION
127681,MOLECULAR-DYNAMICS SIMULATIONS
127682,DIGITAL LIBRARIES
127683,CLINICAL INFORMATION-SYSTEMS
127684,C++ APPLICATION SOFTWARE
127685,DESIGN METRICS
127686,MAINTAINABILITY
127687,AUTOMATIC SPEECH RECOGNITION
127688,ERROR RESOLUTION
127689,SENSOR FUSION
127690,SYNCHRONOUS DATA FLOW
127691,POLYMORPHISM
127692,EVENTS
127693,PROCESS IMPROVEMENT
127694,ORGANIZATIONAL MEMORY
127695,MINUS 2
127696,PRODUCTIVITY
127697,PLUS
127698,STATEMENTS
127699,SLICES
127700,WHOLE-GENOME SHOTGUN
127701,POLYMERASE CHAIN-REACTION
127702,DNA-SEQUENCE
127703,MATHEMATICAL-ANALYSIS
127704,RANDOM CLONES
127705,SNP MAP
127706,DRAFT
127707,ACCESS-CONTROL MODELS
127708,MAXIMUM-LIKELIHOOD APPROACH
127709,PHYLOGENETIC TREES
127710,EVOLUTIONARY TREES
127711,SUBSTITUTION RATES
127712,DISTANCE MATRICES
127713,DNA-SEQUENCES
127714,SOFTWARE-RELIABILITY
127715,FAILURE DATA
127716,WORKLOAD
127717,MOBILE COMPUTING ENVIRONMENT
127718,SCHOLARLY COMMUNICATION
127719,ARTICLES
127720,LESSONS
127721,ATOMIC-FORCE MICROSCOPY
127722,COPOLYMER THIN-FILMS
127723,FOCUSED ION-BEAM
127724,ORGANOPHOSPHATE NERVE AGENTS
127725,SEGREGATED AMORPHOUS PHASES
127726,SELF-ASSEMBLED MONOLAYERS
127727,DIP-PEN NANOLITHOGRAPHY
127728,3 BLOCK COPOLYMER
127729,NANOIMPRINT LITHOGRAPHY
127730,COMPUTERS
127731,PERCEPTIONS
127732,BENCHMARKS
127733,ASSISTED LAPAROSCOPIC SURGERY
127734,SPATIAL MOTION CONSTRAINTS
127735,MINIMALLY INVASIVE SURGERY
127736,CLINICAL-APPLICATIONS
127737,SURGICAL ROBOTICS
127738,ARTHROPLASTY
127739,MICROSURGERY
127740,AUGMENTATION
127741,DEVELOPMENT COST ESTIMATION
127742,ESTIMATION MODELS
127743,MYSPACE
127744,FACEBOOK
127745,PLACE
127746,RISKY
127747,MUSIC INFORMATION-RETRIEVAL
127748,ROBUST SPEECH RECOGNITION
127749,SPEAKER IDENTIFICATION
127750,FEATURE-EXTRACTION
127751,PITCH PERCEPTION
127752,ZERO-CROSSINGS
127753,REAL-WORLD
127754,XP
127755,STEGANALYSIS
127756,STOCHASTIC PETRI NETS
127757,STIFF MARKOV-CHAINS
127758,PERFORMABILITY ANALYSIS
127759,DEPENDABILITY ANALYSIS
127760,COMPOSITE PERFORMANCE
127761,SYMBOLIC EXECUTION
127762,PEX
127763,BOX
127764,REGULAR SETS
127765,STATIC CHECKING
127766,USER-SESSION DATA
127767,FAULT-DETECTION EFFECTIVENESS
127768,RUNTIME VERIFICATION
127769,EMBEDDED SOFTWARE
127770,TEST SUITES
127771,TOOLSET
127772,SLICE
127773,ROBUST ORDINAL REGRESSION
127774,HYPERVOLUME
127775,KNEE
127776,LARGE ORGANIZATION
127777,RISK ANALYSIS
127778,FIND BUGS
127779,VULNERABILITIES
127780,TEST-CASE GENERATION
127781,SEQUENCE DIAGRAMS
127782,UML
127783,AUTOMATION
127784,CHECKERS
127785,EDUCATIONAL-SYSTEM
127786,MAXIMUM-ENTROPY APPROACH
127787,PROBABILISTIC FUNCTIONS
127788,TEST-CASE PRIORITIZATION
127789,SOFTWARE TEST DATA
127790,SEARCH ALGORITHMS
127791,OCL CONSTRAINTS
127792,CLINICAL-TRIAL DATA
127793,QUEUING SYSTEM
127794,HELMHOLTZ-EQUATION
127795,ELEMENTS
127796,STRUCTURAL DESIGN
127797,COLUMNS
127798,LAMINATED COMPOSITES
127799,OPTIMAL-DESIGN
127800,PULVERIZED FUEL ASH
127801,STRENGTH DEVELOPMENT
127802,PFA
127803,SOFTWARE-PERFORMANCE
127804,HOMOGENIZATION METHOD
127805,SENSITIVITY-ANALYSIS
127806,SHAPE OPTIMIZATION
127807,DERIVATIVES
127808,DRIVEN CAVITY FLOW
127809,EXTRUDATE-SWELL
127810,ELEMENT-METHOD
127811,STRUCTURE IDENTIFICATION
127812,INFERENCE SYSTEM
127813,TRUSSES
127814,BACKPROPAGATION
127815,RAINFALL
127816,CONTROLLER
127817,STRESS-DISTRIBUTION
127818,OSSEOINTEGRATED IMPLANTS
127819,RESTORATIVE MATERIALS
127820,BONE
127821,PROSTHESES
127822,LENGTH
127823,ARTIFICIAL-INTELLIGENCE
127824,EXPERT-SYSTEM
127825,HONG-KONG
127826,GIS
127827,HARBOR
127828,LOCAL SCOUR
127829,ABUTMENT SCOUR
127830,BUILDING PRODUCT MODEL
127831,RESPONSE-SURFACE METHODOLOGY
127832,ARTIFICIAL NEURAL NETWORKS
127833,STAINLESS-STEEL
127834,PROCESS PARAMETERS
127835,BEAD GEOMETRY
127836,MULTIPLE-REGRESSION
127837,PROCESS VARIABLES
127838,CRUCIFORM JOINTS
127839,BUTT-JOINT
127840,BIAXIAL COLUMNS
127841,FLEXURAL DESIGN
127842,OPTIMUM DESIGN
127843,BEAMS
127844,FAULT-DETECTION
127845,MECHANICAL-PROPERTIES
127846,MINERAL ADMIXTURES
127847,SILICA FUME
127848,CURING CONDITIONS
127849,MORTARS
127850,RESISTANCE
127851,REPLACEMENT
127852,DURABILITY
127853,METAKAOLIN
127854,MULTILAYER FEEDFORWARD NETWORKS
127855,FLY-ASH
127856,SULFATE RESISTANCE
127857,CEMENT
127858,MANIPULATORS
127859,SMOOTH
127860,FREE-VIBRATION ANALYSES
127861,VARYING INPLANE STRESSES
127862,DIFFERENTIAL QUADRATURE
127863,INTERNAL SUPPORTS
127864,CONICAL SHELLS
127865,DSC ANALYSIS
127866,RITZ METHOD
127867,WAVELETS
127868,EVOLUTIONARY ALGORITHMS
127869,METAHEURISTICS
127870,FINITE-ELEMENTS
127871,B-SPLINES
127872,NURBS
127873,MARKET
127874,FEEDFORWARD NETWORKS
127875,ANN
127876,PRECIPITATION
127877,VARIABLES
127878,EUROPEARL
127879,ARTIFICIAL NEURAL-NETWORKS
127880,CONCRETE
127881,RATIO
127882,CHARACTERISTICS-BASED SCHEMES
127883,ARTIFICIAL COMPRESSIBILITY
127884,HOMOGENIZATION PROBLEMS
127885,MULTISCALE PROBLEMS
127886,MULTISPECIES FLOWS
127887,VARIABLE-DENSITY
127888,PATCH DYNAMICS
127889,POLYMER MELTS
127890,FLUID
127891,HARMONY SEARCH
127892,PARTICLE SWARM
127893,ANT COLONY
127894,TRUSS STRUCTURES
127895,SEQUENCING PROBLEM
127896,HEURISTIC ALGORITHM
127897,MAKESPAN CRITERION
127898,HARMONY SEARCH ALGORITHM
127899,SHREDDING GENETIC ALGORITHM
127900,META-HEURISTIC ALGORITHM
127901,FROG-LEAPING ALGORITHM
127902,TRUSS-STRUCTURES
127903,STEEL FRAMES
127904,ENGINEERING OPTIMIZATION
127905,SLOW LIGHT
127906,META-HEURISTIC METHOD
127907,BANG-BIG-CRUNCH
127908,COLONY
127909,ENGINEERING DESIGN OPTIMIZATION
127910,HARMONY SEARCH ALGORITHMS
127911,COLLIDING BODIES OPTIMIZATION
127912,SIZE OPTIMIZATION
127913,RAY OPTIMIZATION
127914,INTEGER
127915,QUASI-CONTINUUM METHOD
127916,MOLECULAR-DYNAMICS
127917,LENGTH SCALES
127918,FRACTURE
127919,SOLIDS
127920,WALLED PRISMATIC COLUMNS
127921,BENDING COLLAPSE
127922,ALUMINUM-FOAM
127923,ENERGY-ABSORPTION
127924,TUBES
127925,FORCE METHOD
127926,MINE BLAST ALGORITHM
127927,STOCHASTIC PREDICTIONS
127928,POLYMERIC NANOCOMPOSITES
127929,CORRELATED PARAMETERS
127930,LEVEL-SET METHOD
127931,MINIMUM LENGTH SCALE
127932,PARAMETRIC STRUCTURAL OPTIMIZATION
127933,RADIAL BASIS FUNCTIONS
127934,INTEGRATED TOPOLOGY
127935,BOUNDARY REPRESENTATION
127936,X-FEM
127937,MATTER
127938,STATES
127939,KRILL HERD
127940,SURFACE
127941,EXPLORATION/EXPLOITATION
127942,ENGINEERING DESIGN-PROBLEMS
127943,CONSTRAINED OPTIMIZATION
127944,DISCRETE VARIABLES
127945,ADAPTIVE REGRESSION SPLINES
127946,SUPPORT VECTOR MACHINE
127947,PAN EVAPORATION
127948,CELLULAR CONCRETE
127949,EASTERN AUSTRALIA
127950,AERATED CONCRETE
127951,SOLAR-RADIATION
127952,DROUGHT INDEX
127953,ROBOT MANIPULATORS
127954,HYDRAULIC MANIPULATORS
127955,ROBUST-CONTROL
127956,TRAJECTORY TRACKING CONTROL
127957,TIME-DELAY CONTROL
127958,ROBOTIC MANIPULATORS
127959,BOUNDARY-LAYER
127960,UNITED-STATES
127961,FORECAST
127962,CLIMATES
127963,CODES
127964,FARADAY CHIRAL MEDIA
127965,PARTICULATE COMPOSITE
127966,WDM
127967,PERFECT LENS
127968,REFRACTIVE-INDEX
127969,PERMEABILITY
127970,PERMITTIVITY
127971,CURRENT CONVEYORS
127972,BANDPASS FILTER
127973,UNIVERSAL FILTER
127974,REDUCED NUMBER
127975,SINGLE-INPUT
127976,CCIIS
127977,DISK
127978,R-L
127979,AMPLIFIER
127980,SERIES
127981,WEIGHTED MEDIAN FILTERS
127982,CURRENT-FEEDBACK AMPLIFIERS
127983,CURRENT-MODE
127984,PASSIVE ELEMENTS
127985,CURRENT CONVEYOR
127986,TARGETS
127987,CODED IMAGES
127988,PATTERN SYNTHESIS
127989,CONTINUOUS-TIME FILTERS
127990,PHOTONIC BANDGAP STRUCTURE
127991,PATCH ANTENNAS
127992,POWER-AMPLIFIER
127993,CAPACITORS
127994,CDBAS
127995,MODE MULTIFUNCTION FILTERS
127996,TRANSLINEAR CONVEYORS
127997,CRYPTOGRAPHIC APPLICATIONS
127998,DIGITAL IMAGE
127999,STEGANOGRAPHIC METHOD
128000,COLOR IMAGES
128001,TIME-FREQUENCY
128002,DIFFERENCING TRANSCONDUCTANCE AMPLIFIERS
128003,KERNEL DENSITY-ESTIMATION
128004,MARKOV RANDOM-FIELDS
128005,2ND-GENERATION CURRENT CONVEYOR
128006,TRANSCONDUCTOR
128007,MULTIFUNCTION FILTER
128008,DIFFERENCE EXPANSION
128009,COMPANDING TECHNIQUE
128010,IMAGE WATERMARKING
128011,DFT DOMAIN
128012,LINE COMMUNICATION-NETWORKS
128013,RELAY NETWORKS
128014,CHANNELS
128015,CELLULAR-AUTOMATA SUBSTITUTION
128016,SECURITY SYSTEM
128017,DOMAINS
128018,MAPS
128019,SINGLE FTFN
128020,CDTA
128021,AMPLIFIERS
128022,PROTECTING RIGHTFUL OWNERSHIP
128023,DIGITAL WATERMARKING
128024,H.264/AVC
128025,WATERMARKING
128026,COPYRIGHT PROTECTION
128027,RIDGELET DOMAIN
128028,TRANSFORM
128029,ELECTROMAGNETICS
128030,IMPEDANCES
128031,NORMALIZED LMS ALGORITHM
128032,VERY-LOW FREQUENCY
128033,SUPERCAPACITORS
128034,FED SLOT ANTENNA
128035,RADIATION-PATTERN
128036,MONOPOLE ANTENNA
128037,RING RESONATORS
128038,GENERATORS
128039,NO EQUILIBRIA
128040,TOPOLOGICAL HORSESHOE
128041,PERIODIC-SOLUTIONS
128042,HIDDEN ATTRACTOR
128043,CHEN SYSTEM
128044,OSCILLATORS
128045,EXISTENCE
128046,BIFURCATION
128047,CONSTANT PHASE ELEMENT
128048,DIFFERENTIATOR
128049,REALIZATIONS
128050,CLUSTERS
128051,SLOT ANTENNA
128052,COMPACT
128053,RADAR
128054,POLARIZATION
128055,WIGNER DISTRIBUTION
128056,SIGNAL ANALYSIS
128057,INSTANTANEOUS FREQUENCY
128058,NOISY SIGNALS
128059,WINDOW
128060,WAVE PROPAGATION
128061,SPREAD-SPECTRUM
128062,DS-CDMA
128063,SYNTHETIC-APERTURE RADAR
128064,COMPOSITE SURFACE MODEL
128065,SEA-SURFACE
128066,SPECTRA
128067,INVERSION
128068,TIME BLOCK-CODES
128069,FADING CHANNELS
128070,EQUALIZATION
128071,RADAR SIGNATURES
128072,SURFACE-FILMS
128073,OIL
128074,BACKSCATTER
128075,WAVES
128076,BAND
128077,WIGNER-VILLE DISTRIBUTION
128078,FAST HARTLEY TRANSFORM
128079,HIGHER-ORDER SPECTRA
128080,DIFFERENCE
128081,MULTICHANNEL TRAFFIC STREAMS
128082,CONTRAST ENHANCEMENT
128083,IMAGE COMPRESSION
128084,MASSES
128085,SPACE PROPAGATION PATHS
128086,CONGESTION CONTROL
128087,ADMISSION CONTROL
128088,PHOTONIC-BANDGAP
128089,PATCH-ANTENNA
128090,REFLECTORS
128091,SUBSTRATE
128092,DIPOLE
128093,SPEED ESTIMATION
128094,MOBILE SPEED
128095,SIDE INFORMATION
128096,SYNCHRONIZATION ERRORS
128097,WEB IMPACT FACTORS
128098,NETWORK ANALYSIS
128099,LINK STRUCTURE
128100,DETERMINANTS
128101,POSITION
128102,COMPLEX RANDOM VECTORS
128103,SPACE-TIME CODES
128104,TRANSMIT
128105,CDMA
128106,GUEST EDITORS INTRODUCTION
128107,MOLECULAR ELECTRONICS
128108,MOORES LAW
128109,NANOSCALE
128110,AUTOMATIC EXTRACTION
128111,FACE-RECOGNITION
128112,SIGNATURE VERIFICATION
128113,FINGERPRINTS
128114,SCORE NORMALIZATION
128115,COMPETITION
128116,OPTICAL INTERNET
128117,TELEPHONE BASE STATIONS
128118,DOWNLINK
128119,OFDM SIGNALS
128120,COMPANDING TRANSFORM
128121,PAR REDUCTION
128122,PEAK
128123,BLOCKING
128124,SIGNATURE SCHEME
128125,DISTRIBUTION-SYSTEM
128126,SECURE
128127,CRYPTOSYSTEM
128128,IDENTITY-BASED SIGNATURE
128129,INPUT
128130,OPENFLOW
128131,EXCHANGE
128132,CRYPTANALYSIS
128133,ENCRYPTION
128134,ATM NETWORKS
128135,VIEWING STEREOSCOPIC IMAGES
128136,PANUMS FUSIONAL AREA
128137,ACCOMMODATIVE RESPONSES
128138,3-D DISPLAY
128139,SPATIOTEMPORAL PROPERTIES
128140,VERGENCE ADAPTATION
128141,FIXATION-DISPARITY
128142,SPATIAL-FREQUENCY
128143,BINOCULAR-RIVALRY
128144,INFORMATION-SYSTEMS SUCCESS
128145,MOBILE INTERNET
128146,INTENTION
128147,EXTENSION
128148,SATISFACTION
128149,CONTINUANCE
128150,SHARED RESOURCE ENVIRONMENT
128151,CALL BLOCKING PROBABILITIES
128152,LEVEL PERFORMANCE ANALYSIS
128153,BALANCED FAIRNESS
128154,FINITE POPULATION
128155,SERVICE-CLASSES
128156,TREE NETWORKS
128157,SPLIT-RING RESONATORS
128158,RFID APPLICATIONS
128159,DELAY-LINES
128160,DOUBLE-COMPRESSION
128161,COVERT VOICE
128162,KEY EXCHANGE PROTOCOL
128163,KEYWORD SEARCH
128164,MALICIOUS PARTICIPANTS
128165,BATCH VERIFICATIONS
128166,USER AUTHENTICATION
128167,INSIDER ATTACKS
128168,SIGNATURE
128169,PERVASIVE COMPUTING ENVIRONMENTS
128170,AMBIENT INTELLIGENCE
128171,PROVIDERS
128172,PSEUDO LIKELIHOOD ESTIMATION
128173,CHECKING APPROACH
128174,TIMED AUTOMATA
128175,ASSOCIATION RULES
128176,STOCHASTIC HYBRID SYSTEMS
128177,NETWORK VIRTUALIZATION
128178,COOPERATIVE NETWORKS
128179,WIRELESS INFORMATION
128180,OUTAGE PROBABILITY
128181,OPTIMAL THROUGHPUT
128182,PUBLIC-KEY ENCRYPTION
128183,ATTRIBUTE-BASED ENCRYPTION
128184,GUESSING ATTACKS
128185,SUBSET
128186,VIRTUALIZATION
128187,2ND-ORDER STATISTICS
128188,ENERGY-EFFICIENCY
128189,HEALTH RECORDS
128190,MEDICAL-RECORDS
128191,CARE
128192,COPY
128193,SINGLE-SOURCE APPROACH
128194,COMMON DATA MODEL
128195,METADATA
128196,PHYSICIAN ORDER ENTRY
128197,COMPUTERIZED SURVEILLANCE
128198,MEDICATION SAFETY
128199,ALERTS
128200,PREVENTABILITY
128201,INTERVENTION
128202,PREVENTION
128203,DRUG-THERAPY
128204,ADHERENCE
128205,COMMUNITY
128206,DISEASE
128207,UNINTENDED CONSEQUENCES
128208,MEDICATION
128209,INFORMATION-TECHNOLOGY
128210,PRIMARY-CARE
128211,DERMATOLOGY
128212,OPEN ACCESS
128213,CLINICAL DECISION-SUPPORT
128214,EMERGENCY-DEPARTMENT
128215,PHYSICIANS
128216,GAPS
128217,RANDOMIZED CONTROLLED-TRIALS
128218,ELIGIBILITY CRITERIA
128219,RHEUMATOID-ARTHRITIS
128220,PROVIDER ORDER ENTRY
128221,CARE CENTER
128222,RANDOMIZED CONTROLLED-TRIAL
128223,ELECTRONIC HEALTH RECORD
128224,CONGESTIVE-HEART-FAILURE
128225,COLLABORATIVE CARE
128226,PHYSICIAN SATISFACTION
128227,EMPOWERING PATIENTS
128228,DIABETES-MELLITUS
128229,LONG-TERM-CARE
128230,FACILITIES
128231,RECORD
128232,CLINICAL DOCUMENTATION
128233,DISEASE MANAGEMENT
128234,DECISION-SUPPORT
128235,USABILITY
128236,ENTRY
128237,CHILD HEALTH IMPROVEMENT
128238,DECISION-SUPPORT-SYSTEM
128239,CHICA SYSTEM
128240,COMPUTER AUTOMATION
128241,PATIENT-CARE
128242,HEALTH INFORMATION-TECHNOLOGY
128243,PATIENT-SAFETY GOALS
128244,RECORDS
128245,KAISER PERMANENTE
128246,MEANINGFUL USE
128247,HEALTH RECORD
128248,ATTITUDES
128249,ELECTRONIC MEDICAL-RECORDS
128250,ANXIETY
128251,DISCLOSURE
128252,WANT
128253,HOSPITALIZATION
128254,LIBRARY-OF-MEDICINE
128255,PHARMACY INFORMATICS
128256,NURSING INFORMATICS
128257,PERIODONTAL-DISEASE
128258,RECORD SYSTEMS
128259,DENTAL SCHOOL
128260,PROGRESS NOTES
128261,CLONED NOTES
128262,ASSOCIATION
128263,RESIDENTS
128264,JOB BURNOUT
128265,PROFESSIONAL SATISFACTION
128266,BURDEN
128267,ALERT FATIGUE
128268,GUIDELINE
128269,BODY-MASS INDEX
128270,OVERWEIGHT
128271,GUIDELINES
128272,CHILDREN
128273,COGNITIVE EVALUATION
128274,PATIENT ENGAGEMENT
128275,DOCTORS
128276,LABORATORY STANDARDS INSTITUTE
128277,ANTIMICROBIAL STEWARDSHIP
128278,CUMULATIVE ANTIBIOGRAMS
128279,INFECTIONS
128280,BACTERIA
128281,STAY
128282,UNIT
128283,INFORMATION-MANAGEMENT
128284,DIGITAL DIVIDE
128285,CARE RECORD
128286,DISPARITIES
128287,BOUNDARIES
128288,FIAT
128289,GENE ONTOLOGY
128290,BIO-ONTOLOGIES
128291,INFORMATICS
128292,ELECTRONIC HEALTH RECORDS
128293,REFERENT TRACKING
128294,DESIDERATA
128295,TECHNICAL ARTIFACTS
128296,FUNCTIONAL-ANALYSIS
128297,GEOGRAPHIC OBJECTS
128298,UNIFICATION
128299,BASE-PAIRS
128300,ISOSTERICITY MATRICES
128301,ALIGNMENT ONTOLOGY
128302,NUCLEIC-ACID
128303,NOMENCLATURE
128304,ANNOTATIONS
128305,SNOMED CT
128306,EPSILON-CONNECTIONS
128307,STEP
128308,FORMAL ONTOLOGY
128309,KINDS
128310,DESIGN PATTERNS
128311,DISPOSITIONS
128312,MODAL-THEORY
128313,TELEOSEMANTICS
128314,CORE ONTOLOGY
128315,PAIRWISE COMPARISONS
128316,DERIVING PRIORITIES
128317,DECISION-ANALYSIS
128318,NEGOTIATIONS
128319,RATE ADAPTATION
128320,MEMBERSHIP FUNCTIONS
128321,ATTRIBUTES
128322,INDUCTION
128323,GROUP CONTROL-SYSTEM
128324,RADIATION-THERAPY
128325,PARAMETERS
128326,DUE-DATE ASSIGNMENT
128327,SELF-ORGANIZING MAPS
128328,RIVER
128329,PHONOCARDIOGRAM
128330,1ST
128331,RESERVOIR FLOOD-CONTROL
128332,TOPSIS
128333,MULTIMINIMA FUNCTIONS
128334,SIMPLEX SEARCH
128335,MINIMA
128336,GA
128337,VALUED NEGATIVE SELECTION
128338,ARTIFICIAL IMMUNE-SYSTEMS
128339,JOB-SHOP SCHEDULES
128340,DANGER THEORY
128341,IMMUNOLOGY
128342,ABC ALGORITHM
128343,DISTANCE METHOD
128344,ROBOT SELECTION
128345,VAGUE SET-THEORY
128346,OWA OPERATOR
128347,PREFERENCE RELATIONS
128348,MINIMAX DISPARITY
128349,MULTIPERSON
128350,NEGATIVE SELECTION ALGORITHM
128351,GENETIC PROGRAMMING APPROACH
128352,NETWORK ANOMALY DETECTION
128353,DENDRITIC CELL ALGORITHM
128354,COMPUTER-NETWORKS
128355,LEARNING ALGORITHM
128356,MULTIVARIATE DATA
128357,CONTROLLERS
128358,IMPROVED GENETIC ALGORITHM
128359,POWER-SYSTEM
128360,GENERATOR CONSTRAINTS
128361,FLOW CONSTRAINTS
128362,WAVELET MUTATION
128363,LINE FLOW
128364,AUTONOMOUS MOBILE ROBOTS
128365,LOGIC CONTROLLERS
128366,PLANTS
128367,UNIAXIAL COMPRESSIVE STRENGTH
128368,FUZZY MODEL
128369,NEURO-FUZZY
128370,MODULUS
128371,COLONY ALGORITHM
128372,BACTERIAL FORAGING ALGORITHM
128373,TSALLIS ENTROPY
128374,GROUP DECISION-MAKING
128375,FUZZY PREFERENCE RELATIONS
128376,WIKIPEDIA
128377,GOVERNANCE
128378,DEMOCRACY
128379,PRODUCT DEVELOPMENT
128380,CHAIN MANAGEMENT
128381,INTUITIONISTIC FUZZY-SETS
128382,CORRELATION-COEFFICIENT
128383,ELECTRE METHODS
128384,VAGUE SETS
128385,OPERATORS
128386,ALTERNATIVES
128387,PSO
128388,RECIPROCAL PREFERENCE RELATIONS
128389,WEIGHTED AVERAGING OPERATORS
128390,TYPE-2 FUZZY-SETS
128391,OWA OPERATORS
128392,SUPPORT-SYSTEM
128393,FUTURE-TRENDS
128394,LINMAP
128395,CHAOTIC MAPS
128396,SIMILARITY MEASURES
128397,INTUITIONISTIC FUZZY
128398,PROSPECT-THEORY
128399,MCDM METHOD
128400,AGGREGATION OPERATORS
128401,UNSUPERVISED FEATURE-SELECTION
128402,PARAMETER DETERMINATION
128403,MUTUAL INFORMATION
128404,ROUGH SETS
128405,FUZZY H-IDEALS
128406,SEMIRINGS
128407,LATTICES
128408,EXTENSIONS
128409,ANALYTIC HIERARCHY PROCESS
128410,LINGUISTIC TERM SETS
128411,REPRESENTATION STRUCTURES
128412,CONSISTENCY MEASURES
128413,RESOURCE MANAGEMENT
128414,REACHING PROCESS
128415,REASONING APPROACH
128416,RISK-EVALUATION
128417,CRITICALITY ANALYSIS
128418,D NUMBERS
128419,ONLINE CONSUMER REVIEWS
128420,NUMERICAL SCALE
128421,FAILURE MODE
128422,MULTIOBJECTIVE EVOLUTIONARY ALGORITHMS
128423,ADAPTIVE DIFFERENTIAL EVOLUTION
128424,UNSUPERVISED CHANGE DETECTION
128425,HYPERSPECTRAL BAND SELECTION
128426,SATELLITE IMAGES
128427,PIXEL CLASSIFICATION
128428,SWARM OPTIMIZATION
128429,MUTUAL-INFORMATION
128430,INTELLIGENT AGENTS
128431,SYSTEMS SEMANTICS
128432,NEGOTIATION
128433,MOBILE ROBOT NAVIGATION
128434,MAP
128435,INFORMATION EXTRACTION
128436,PLANNERS
128437,TOUR-GUIDE ROBOT
128438,MARKOV LOCALIZATION
128439,GUIDANCE
128440,GRIDS
128441,STRUCTURED TEXT
128442,INCONSISTENT
128443,GENERAL LOGIC PROGRAMS
128444,CIRCUMSCRIPTION
128445,CONFIGURATION
128446,PROBABILISTIC NETWORKS
128447,FEATURE SUBSET-SELECTION
128448,NEURONAL POPULATION
128449,UNINORM AGGREGATION OPERATORS
128450,FEATURE-INTEGRATION
128451,FOCAL ATTENTION
128452,CORTEX
128453,INCOMPLETE INFORMATION
128454,BARGAINING MODEL
128455,TIME PREFERENCE
128456,DYNAMIC ALGORITHMS
128457,SOCIAL INTERACTION
128458,COLLAGEN
128459,DEMPSTER-SHAFER THEORY
128460,SPECIFICITY
128461,ACCEPTABILITY
128462,EMERGENT
128463,BOUNDED MODEL CHECKING
128464,PRACTICAL ARGUMENT
128465,DIALOGUE
128466,DEFEASIBLE LOGIC
128467,ONLINE ALGORITHMS
128468,RULE
128469,INTEGRATING ONTOLOGIES
128470,OWL-DL
128471,FORMALISMS
128472,IPC-4
128473,PART
128474,ORDERED INFORMATION-SYSTEMS
128475,KNOWLEDGE REDUCTION
128476,DECISION TABLES
128477,GRANULATION
128478,DIMENSIONALITY
128479,DISCRETIZATION
128480,CONTINUOUS SPEECH RECOGNITION
128481,PROTEIN SECONDARY STRUCTURE
128482,FORWARD-BACKWARD ALGORITHM
128483,EQUIPMENT HEALTH DIAGNOSIS
128484,STATE DURATION
128485,SPEAKER ADAPTATION
128486,WORD RECOGNITION
128487,HMM
128488,BOUND METHODS
128489,SELF-SIMILARITY
128490,COMMUNITIES
128491,ABSTRACT ARGUMENTATION
128492,CONCEPTUAL GRAPHS
128493,PROPOSITIONAL SATISFIABILITY
128494,SAT SOLVERS
128495,RESOURCE
128496,DBPEDIA
128497,MULTIATTRIBUTE DECISION-ANALYSIS
128498,BELIEF FUNCTIONS
128499,SEMANTIC RELATEDNESS
128500,PERFORMANCE PREDICTION
128501,HARDNESS MODELS
128502,SAT
128503,PORTFOLIO
128504,KY FAN INEQUALITY
128505,INTERAURAL TIME
128506,GEOMETRIC MEANS
128507,BRAIN-STEM
128508,MAJOR END-USES
128509,RESIDENTIAL BUILDINGS
128510,MARKOV-MODELS
128511,ELECTRICITY
128512,DISAGGREGATION
128513,CASE-BASED REASONERS
128514,LEARNING ALGORITHMS
128515,CASE-BASES
128516,PARETO FRONT APPROXIMATIONS
128517,CONTROLLING DOMINANCE AREA
128518,AVERAGE RANKING
128519,NSGA-II
128520,PREFERRED EXTENSIONS
128521,EQUATIONAL APPROACH
128522,MULTIPLE ROBOTS
128523,PATH
128524,ASTERISK
128525,INTERNATIONAL PLANNING COMPETITION
128526,DLV SYSTEM
128527,SOLVERS
128528,ASP
128529,K-SUBGRAPH
128530,APPROXIMABILITY
128531,JOINT ACTION
128532,SEMANTIC MAPS
128533,PLANNER
128534,MOBILE ROBOT
128535,SIMULTANEOUS LOCALIZATION
128536,DYNAMIC DOMAINS
128537,PLAN GENERATION
128538,ACTION MODELS
128539,MAPPING SLAM
128540,INTELLIGENT
128541,CONFIGURATION-SPACES
128542,SAFE
128543,PLAN-RECOGNITION
128544,INFLUENCE DIAGRAMS
128545,BAYESIAN PLAYERS
128546,MULTIAGENT
128547,OPPONENT
128548,VOLUMES
128549,FINITE
128550,REVISION
128551,UNIX
128552,CRYSTAL-STRUCTURE
128553,GLOBULAR-PROTEINS
128554,BINDING
128555,CALCINEURIN
128556,PROTEOLYSIS
128557,REPRESSOR
128558,CUTTING STOCK PROBLEM
128559,3-DIMENSIONAL PACKING
128560,2-DIMENSIONAL SHAPES
128561,NESTING PROBLEMS
128562,BIN PACKING
128563,SITUATED ACTION
128564,REPEATED PRISONERS-DILEMMA
128565,TIT-FOR-TAT
128566,PUBLIC-GOODS EXPERIMENTS
128567,FINITE AUTOMATA PLAY
128568,EVOLUTIONARY STABILITY
128569,REPEATED GAMES
128570,INDIRECT RECIPROCITY
128571,HOMO-ECONOMICUS
128572,HETEROGENEOUS POPULATIONS
128573,LOCAL INTERACTION
128574,FACTORING ALGORITHM
128575,LOGIC GATES
128576,DATA QUALITY
128577,RETRIEVAL-SYSTEMS
128578,E-COMMERCE
128579,FOUNDATIONAL ISSUES
128580,EXPERT SYSTEM
128581,NAIVE-BAYES CLASSIFIERS
128582,DECISION TREES
128583,INSTANCE SELECTION
128584,RULE EXTRACTION
128585,DEFAULTS
128586,WIZARD
128587,COLLECTIVE ROBOTICS
128588,ANIMALS
128589,ANTS
128590,SUBSUMPTION ARCHITECTURE
128591,IMPLICIT
128592,EXPLICIT
128593,CORRECTING OUTPUT CODES
128594,ARGUMENTATION-BASED NEGOTIATION
128595,CONFLICT-RESOLUTION
128596,MULTIPARTY NEGOTIATIONS
128597,PARETO SOLUTIONS
128598,SETTLEMENTS
128599,INJECTED GENETIC ALGORITHMS
128600,HONEYBEE MATING OPTIMIZATION
128601,INSPIRED ROUTING ALGORITHMS
128602,DIVISION-OF-LABOR
128603,PHEROMONE COMMUNICATION
128604,HBMO ALGORITHM
128605,WORD PHRASES
128606,FREQUENCIES
128607,MANDELBROT
128608,GRID INTRUSION DETECTION
128609,ACTIVE DEFENSE MODEL
128610,NETWORK INTRUSION
128611,NEURAL-NETWORK ENSEMBLES
128612,RANDOM SUBSPACE METHOD
128613,CLASSIFICATION PROBLEMS
128614,MULTIPLE CLASSIFIERS
128615,SELF-ADAPTIVE POPULATIONS
128616,OPTIMIZATION PROBLEMS
128617,FILTER DESIGN
128618,DISTRIBUTION-SYSTEMS
128619,MULTIDRUG THERAPIES
128620,MUTATION OPERATION
128621,CONTROL PARAMETERS
128622,LEVEL SET METHOD
128623,INTENSITY INHOMOGENEITY
128624,EDGE-DETECTION
128625,SCALE-SPACE
128626,NEAREST-NEIGHBOR RULE
128627,EVOLUTIONARY PROTOTYPE SELECTION
128628,SEQUENTIAL SEARCH
128629,OBJECT SELECTION
128630,TABU SEARCH
128631,ENGINEERING OPTIMIZATION PROBLEMS
128632,PARTICLE SWARM OPTIMIZER
128633,HEAT
128634,ENSEMBLES
128635,RANDOMIZATION
128636,SENTENCE COMPRESSION
128637,FREE-FORM DEFORMATIONS
128638,MEDICAL DATA
128639,FORESTS
128640,MULTILAYER PERCEPTRONS
128641,QUANTUM EVOLUTIONARY ALGORITHM
128642,CALCULATING RESONANT-FREQUENCY
128643,LOAD DISPATCH PROBLEM
128644,OPTIMAL POWER-FLOW
128645,OPTIMIZATION ALGORITHM
128646,SWARM INTELLIGENCE
128647,COLLABORATIVE RECOMMENDATION
128648,ROBUSTNESS
128649,MANIPULATION
128650,THEORETIC APPROACH
128651,POSTURE
128652,VISION-BASED SLAM
128653,MONOCULAR VISION
128654,MOBILE ROBOTS
128655,LOOP-CLOSURE
128656,APPEARANCE
128657,VARIABLE SELECTION
128658,SIMULTANEOUS PERTURBATION
128659,GRASP
128660,TAKE-ALL COMPETITION
128661,FUNCTION APPROXIMATION
128662,ACTIVATION FUNCTION
128663,MULTIMODAL OPTIMIZATION
128664,FAULT SECTION ESTIMATION
128665,RELIABILITY-ANALYSIS
128666,REASONING ALGORITHM
128667,SOLAR-ARRAY
128668,WORKFLOW
128669,NEURAL-NETWORK APPLICATIONS
128670,BANKRUPTCY PREDICTION
128671,CLASSIFIER ENSEMBLES
128672,REASONING ENSEMBLE
128673,BUSINESS
128674,ANNOTATORS
128675,FUZZY-SETS
128676,BCK/BCI-ALGEBRAS
128677,HEMIRINGS
128678,IDEALS
128679,LATENT SEMANTIC ANALYSIS
128680,MULTIPLE DOCUMENTS
128681,SINGLE-DOCUMENT
128682,MACHINE TRANSLATION
128683,FUZZY ROUGH SETS
128684,STOCK-MARKET
128685,TEXTUAL ANALYSIS
128686,MICROBLOGGING DATA
128687,RETURNS
128688,ARTIFICIAL BEE COLONY
128689,ENVIRONMENTAL/ECONOMIC POWER DISPATCH
128690,ECONOMIC-DISPATCH
128691,MATING OPTIMIZATION
128692,POPULATION-SIZE
128693,LONG-TERM POTENTIATION
128694,RETICULOSPINAL NEURONS
128695,VESTIBULAR CONTROL
128696,LAMPREY
128697,COMPENSATION
128698,ARM
128699,CHEMICAL ABSTRACT MACHINE
128700,MOLECULAR AUTOMATON
128701,AUTOCATALYTIC SETS
128702,CELLULAR-AUTOMATA
128703,REACTION NETWORKS
128704,FRAMSTICKS
128705,CREATURES
128706,ELECTRICITY MARKET
128707,RATIONALITY
128708,AUCTIONS
128709,GENETICAL EVOLUTION
128710,ACQUISITION DEVICE
128711,SYNTAX
128712,GENETIC-RECOMBINATION
128713,STRAND-EXCHANGE
128714,VERTEBRATES
128715,ORIGIN
128716,CAT
128717,PEPTIDE NUCLEIC-ACID
128718,SELF-REPRODUCTION
128719,ELECTRON-TRANSFER
128720,EXCITED-STATES
128721,AMINO-ACIDS
128722,DNA
128723,LIFE
128724,RNA
128725,DIGITAL ORGANISMS
128726,SELF-REPLICATING MICELLES
128727,AUTOPOIESIS
128728,ENZYMES
128729,CRYOTRANSMISSION ELECTRON-MICROSCOPY
128730,MURCHISON CARBONACEOUS CHONDRITE
128731,SIZE DISTRIBUTION
128732,LIPOSOMES
128733,MICELLES
128734,AUTONOMOUS ROBOTS
128735,HUMANOID ROBOTS
128736,PREMOTOR CORTEX
128737,EMOTION
128738,ACTS
128739,MIND
128740,PASSIVE-DYNAMIC WALKING
128741,DIFFERENTIAL-EQUATION MODEL
128742,TUMOR-GROWTH
128743,MUTATIONS
128744,INSTABILITY
128745,GENE
128746,ANT-COLONY OPTIMIZATION
128747,INTERACTIVE GENETIC ALGORITHM
128748,EVOLUTIONARY NEURAL-NETWORK
128749,BUSINESS PROCESS MANAGEMENT
128750,AUTONOMOUS AGENTS
128751,SOFTWARE AGENTS
128752,PHYSICAL ROBOTS
128753,ACCELERATED STOCHASTIC SIMULATION
128754,TO-CELL COMMUNICATION
128755,CARBAMOYL PHOSPHATE SYNTHETASE
128756,METANET GRAPH MODELS
128757,RAT-LIVER
128758,GLUTAMINE-SYNTHETASE
128759,ORNITHINE AMINOTRANSFERASE
128760,UREA CYCLE
128761,PHYSIOLOGICAL POSITION
128762,NITROGEN-METABOLISM
128763,MAJOR DETERMINANT
128764,IN-FLIGHT FORMATION
128765,CANADA GEESE
128766,ECOLOGY
128767,COMMONNESS
128768,RARITY
128769,COORDINATED MOTION
128770,SWARM-BOTS
128771,TRUE SLIME-MOLD
128772,AMEBOID ORGANISM
128773,ANT
128774,MORPHOGENESIS
128775,PLASMODIUM
128776,NEURAL SYSTEMS
128777,CONSCIOUSNESS
128778,WILL
128779,NITRIC-OXIDE
128780,ROBOT CONTROL
128781,OSCILLATIONS
128782,CONTAGION
128783,BIRDS
128784,PHASE-TRANSITIONS
128785,KAUFFMAN MODEL
128786,CHAOS
128787,MICRO-AIR VEHICLES
128788,RNA WORLD
128789,COMPOSITIONAL INHERITANCE
128790,MOLECULAR RECOGNITION
128791,INFORMATION-TRANSFER
128792,PREBIOTIC CHEMISTRY
128793,CHEMICAL-REACTIONS
128794,SELF-REPLICATION
128795,EVOLVABILITY
128796,REGULARITY
128797,CAUSAL BAYES NETWORKS
128798,EVOLUTIONARY GAMES
128799,BOUNDED RATIONALITY
128800,SOCIAL DILEMMAS
128801,ENERGY TAXIS
128802,COGNITION
128803,PROTEINS
128804,MORPHOLOGICAL COMPUTATION
128805,MOTILITY
128806,FORCE
128807,MUSCLE SYNERGIES
128808,SYNTHETIC BIOLOGY
128809,SLEUTH
128810,BIOLOGICAL FOUNDATIONS
128811,INDIVIDUALITY
128812,NORMATIVITY
128813,CHEMOTAXIS
128814,METABOLISM
128815,INPUT FUNCTION
128816,NETWORK MODEL
128817,NEUTRALITY
128818,PREDICTS
128819,REACTION-DIFFUSION SYSTEMS
128820,SELF-REPLICATING SPOTS
128821,PROPELLED OIL DROPLETS
128822,OPEN-ENDED EVOLUTION
128823,LIVING MATTER
128824,SPATIOTEMPORAL DYNAMICS
128825,PREBIOTIC STRUCTURES
128826,GENETIC INFORMATION
128827,CHEMICAL EVOLUTION
128828,NATURAL SELF-ORGANIZATION
128829,HYPERCYCLE
128830,PRINCIPLE
128831,CASCADE
128832,PHYSARUM-POLYCEPHALUM
128833,SPORULATION
128834,IRRADIATION
128835,PLASMODIA
128836,OIL DROPLETS
128837,FREE PROTEIN-SYNTHESIS
128838,ARTIFICIAL CELL
128839,TRANSCRIPTION
128840,RECONSTITUTION
128841,INDIVIDUAL-BASED MODEL
128842,SELFISH HERD
128843,MARINE INSECT
128844,COLLECTIVE BEHAVIOR
128845,MATING SUCCESS
128846,FISH SCHOOLS
128847,BODY-SIZE
128848,PREY
128849,TERM EXPERIMENTAL EVOLUTION
128850,ESCHERICHIA-COLI
128851,KEY INNOVATION
128852,CONTINGENCY
128853,COMPLIANT BODIES
128854,SOFT ROBOTICS
128855,ACTIVE-TOUCH
128856,ADHESION
128857,COMPARATIVE PERSPECTIVE
128858,INFORMATION-STRUCTURE
128859,TASK DECOMPOSITION
128860,SOCCER
128861,ROBOCUP
128862,FOOTBALL
128863,SWARMS
128864,PRISONERS-DILEMMA GAME
128865,DYNAMIC IMPACT ANALYSIS
128866,OBJECT-ORIENTED SOFTWARE
128867,TROPOS
128868,INSPECTIONS
128869,CRITIQUE
128870,MINIMAL CORE CALCULUS
128871,MIXINS
128872,PRODUCT LINE VARIABILITY
128873,COLLABORATIONS
128874,MODULES
128875,STATIC CODE ATTRIBUTES
128876,UNLABELED DATA
128877,COST ESTIMATION MODELS
128878,ANALOGY
128879,SOFTWARE SYSTEMS
128880,END-USERS
128881,DEFECT REPORTS
128882,SEVERITY
128883,GRAPH TRANSFORMATION SYSTEMS
128884,ARCHITECTURE-BASED APPROACH
128885,QUALITY PREDICTION
128886,LEARNING CLASSIFIER SYSTEMS
128887,OPEN-SOURCE PRODUCTS
128888,CHANGE-PRONE CLASSES
128889,COUPLING MEASUREMENT
128890,COEFFICIENT
128891,SEMANTIC-WEB
128892,INTERFACES
128893,POWERAQUA
128894,CONFIDENCE
128895,ARGUMENTS
128896,CODE SEARCH
128897,REUSABLE SOFTWARE
128898,DETECT
128899,ROBOT
128900,PAIN
128901,TRUTH MAINTENANCE
128902,CAPTURE
128903,FORMAL METHODS
128904,MYTHS
128905,AGENT CONTROL
128906,COALITION-FORMATION
128907,ECONOMICS
128908,COEVOLUTION
128909,CORPORATE-BOARD
128910,COORDINATION ARTIFACTS
128911,MAS
128912,AGENT-BASED APPROACH
128913,HOLONIC SYSTEMS
128914,IEC-61499
128915,SIGNAL CONTROL
128916,SCENARIO
128917,QUESTION
128918,SELF-ORGANIZED AGGREGATION
128919,SWARM ROBOTICS
128920,LASIUS-NIGER
128921,HONEY-BEES
128922,COCKROACHES
128923,GAIA METHODOLOGY
128924,ORGANIZATIONS
128925,INSTITUTIONS
128926,RAPPORT
128927,MAS COORDINATION
128928,ISSUE NEGOTIATION
128929,COMMERCE
128930,DEADLINES
128931,FLOATING CONCLUSIONS
128932,ELECTRONIC CONTRACTS
128933,WS-BPEL
128934,MARKOV DECISION-PROCESSES
128935,VALUE-ITERATION
128936,SOMATIC MARKER HYPOTHESIS
128937,POSITIVE EMOTIONS
128938,BROADEN
128939,ESCAPE
128940,AGENT COMMUNICATION
128941,COALITION STRUCTURE GENERATION
128942,TAXONOMY
128943,INSECT SOCIETIES
128944,MULTIROBOT SYSTEMS
128945,QUEUING DELAY
128946,BOT
128947,ODOR SOURCE LOCALIZATION
128948,INTERPRETED SYSTEMS
128949,ECTL
128950,POMDPS
128951,ENVY
128952,BY-ISSUE NEGOTIATIONS
128953,REFERENCE POINTS
128954,SMALL-SCALE SOCIETIES
128955,BEHAVIORAL-EXPERIMENTS
128956,NORMS
128957,INTENTION RECOGNITION
128958,COOPERATION DILEMMAS
128959,PUNISHMENT
128960,AGREEMENTS
128961,HIGHER-ORDER THEORY
128962,BELIEFS
128963,ORDINAL PREFERENCES
128964,SOCIAL-WELFARE
128965,FAIR DIVISION
128966,NORMATIVE MULTIAGENT SYSTEMS
128967,CONSTRUAL-LEVEL
128968,MORAL CONCERNS
128969,NEURAL BASIS
128970,RESPONSES
128971,PRONE SOFTWARE
128972,NETWORKING
128973,FIBER
128974,MONET
128975,TURBO-EQUALIZATION
128976,RECEIVER DESIGN
128977,MULTIUSER OFDM
128978,THIN-FILM TRANSISTORS
128979,FIELD-EFFECT TRANSISTORS
128980,TETRACENE SINGLE-CRYSTALS
128981,PHYSICAL VAPOR GROWTH
128982,HIGH CARRIER MOBILITY
128983,ORGANIC SEMICONDUCTORS
128984,THIOPHENE OLIGOMERS
128985,HIGH-RESOLUTION
128986,RADICAL POLYMERIZATION
128987,SINGLE-WALLED NANOTUBES
128988,FIELD-EMISSION
128989,ELASTIC PROPERTIES
128990,ELECTRONIC-PROPERTIES
128991,HYDROGEN STORAGE
128992,COMPOSITES
128993,TUBULES
128994,FIBERS
128995,DNA HAIRPIN MOLECULES
128996,NANOMETER-SCALE PORE
128997,POLYNUCLEOTIDE MOLECULES
128998,NUCLEIC-ACIDS
128999,FORCE-FIELD
129000,TRANSLOCATION
129001,LIQUID MICROLENS
129002,WATER DROPLETS
129003,PLASMA
129004,POLYMER
129005,DISPERSION-MANAGED SOLITONS
129006,PSEUDOLINEAR TRANSMISSION
129007,WDM SYSTEMS
129008,ADD-DROP MULTIPLEXER
129009,PLANAR LIGHTWAVE CIRCUIT
129010,WAVE-GUIDE GRATINGS
129011,CROSS-CONNECT
129012,ADD/DROP MULTIPLEXER
129013,BLOCKING FILTER
129014,INP
129015,MICROMIRRORS
129016,WIRELESS ACCESS NETWORKS
129017,SELF-DEPLOYMENT
129018,INTERFERENCE CANCELLATION
129019,LONG-HAUL TRANSMISSION
129020,SHORT-PULSE GENERATION
129021,GHZ SELF-PULSATION
129022,FABRY-PEROT LASER
129023,1.55 MU-M
129024,CLOCK RECOVERY
129025,TIMING JITTER
129026,LINEWIDTH
129027,LAYER-ENCODED VIDEO
129028,FEMTOCELLS
129029,UPLINK
129030,ELECTRICITY LOAD
129031,TERM
129032,TAYLOR-COUETTE FLOW
129033,HEAT-TRANSFER
129034,GAUSSIAN BROADCAST CHANNEL
129035,SCALE ANTENNA SYSTEMS
129036,WIRELESS SYSTEMS
129037,5G
129038,INSULIN-RESISTANCE
129039,CARDIOVASCULAR-DISEASE
129040,GASTROESOPHAGEAL-REFLUX
129041,MELLITUS
129042,METFORMIN
129043,ADULTS
129044,TELOMERE LENGTH
129045,POVERTY
129046,OBESITY
129047,BIG DATA
129048,COMPREHENSIVE MAP
129049,SCALABLE BIOINFORMATICS
129050,PARKINSONS-DISEASE
129051,OMICS DATA
129052,DESK-TOP
129053,GALAXY
129054,VEHICLE
129055,SATELLITE
129056,SEVERE SEPSIS
129057,VISUAL ANALYTICS
129058,SEPTIC SHOCK
129059,RISK-ASSESSMENT
129060,BIG
129061,POLITICS
129062,RESULT DIVERSIFICATION
129063,OPINION
129064,STRUCTURAL MEAN MODELS
129065,RANDOMIZED-TRIALS
129066,RANDOM FORESTS
129067,NONCOMPLIANCE
129068,REGION
129069,DEMAND-SIDE MANAGEMENT
129070,DATA CENTERS
129071,VEHICLES
129072,BIG-DATA
129073,BIOSENSOR
129074,REMOTE HOMOLOGY DETECTION
129075,JOINT VIBROARTHROGRAPHIC SIGNALS
129076,AMINO-ACID-COMPOSITION
129077,NEURAL P SYSTEMS
129078,MICRORNA PRECURSOR
129079,PROTEIN
129080,ELECTRIC VEHICLES
129081,AIR-POLLUTION
129082,EVAPORATIVE EMISSIONS
129083,TRAVEL BEHAVIOR
129084,DRIVEN ANALYSIS
129085,PASSENGER CARS
129086,HEALTH-RISKS
129087,MINING DATA
129088,BOOTSTRAP
129089,DYNAMIC REPLICATION
129090,RESOURCES
129091,BREAST-CANCER
129092,GAMMA OSCILLATIONS
129093,PHASE SYNCHRONIZATION
129094,THETA-OSCILLATIONS
129095,FUNCTIONAL-ROLE
129096,EMOTIONS
129097,CORE AFFECT
129098,APPRAISAL
129099,AMYGDALA
129100,COGNITIVE ARCHITECTURE
129101,IMITATION
129102,CONCEPT LATTICES
129103,FCANN
129104,DISTRIBUTED REPRESENTATIONS
129105,INSECT
129106,RECURRENT NEURAL NETWORKS
129107,COGNITIVE SCIENCE
129108,EMOTION CONTAGION
129109,SOCIAL CONTAGION
129110,AGENT MODEL
129111,HIDDEN MARKOV-MODELS
129112,IDEATION
129113,PROTOTYPE
129114,SYMBOLS
129115,VISUAL-PATTERN RECOGNITION
129116,LARGE-SCALE MODEL
129117,ADULT NEUROGENESIS
129118,ELECTRONIC SYSTEMS
129119,VERTEBRATE RETINA
129120,HOPFIELD NETWORKS
129121,BRAIN PROJECT
129122,MEMORY DEVICE
129123,DENTATE GYRUS
129124,FUZZY INFERENCE SYSTEM
129125,INTUITION
129126,CONJUGATE-GRADIENT METHOD
129127,OLDER-ADULTS
129128,BRAIN NETWORKS
129129,DECLINE
129130,PREDICTED SECONDARY STRUCTURE
129131,FOLD RECOGNITION
129132,LARGE SUBUNIT 23S-LIKE
129133,COMPLETE NUCLEOTIDE-SEQUENCE
129134,PHENYLALANINE TRANSFER-RNA
129135,SECONDARY STRUCTURE MODEL
129136,HIGHER-ORDER STRUCTURE
129137,GROUP-I INTRONS
129138,PHYLOGENETIC ANALYSIS
129139,P RNA
129140,CATALYTIC INTRONS
129141,SACCHAROMYCES-CEREVISIAE
129142,PROTEIN COMPLEXES
129143,GENE-FUNCTION
129144,INTERACTOME
129145,GENE-EXPRESSION PATTERNS
129146,GRANZYME-B
129147,SECONDARY STRUCTURE
129148,MOLECULES
129149,HORIZONTAL GENE-TRANSFER
129150,GENOME SEQUENCE
129151,PROTEIN FAMILIES
129152,ARCHAEAL
129153,BACTERIAL
129154,PROKARYOTES
129155,SM-LIKE PROTEINS
129156,METABOLIC NETWORKS
129157,INTEGRATED SYSTEM
129158,PROTEOMICS
129159,FUNCTIONAL PREDICTIONS
129160,PHYLOGENOMICS
129161,GENES
129162,MULTIPLE SEQUENCE ALIGNMENT
129163,NUCLEAR RIBOSOMAL DNA
129164,CHLOROPLAST GENOME
129165,INSERTIONS
129166,DELETIONS
129167,UTILITY
129168,PROTEIN SEQUENCES
129169,SMART
129170,DROSOPHILA
129171,EXPRESSION PATTERNS
129172,GENOMIC DNA
129173,ALIGNMENT
129174,BLAST
129175,RT-PCR
129176,ASSAY
129177,MICROARRAY DATA
129178,EXPRESSION MEASUREMENTS
129179,PROFILES
129180,NORMALIZATION
129181,METAANALYSIS
129182,MUSCLE
129183,GENERAL-METHOD
129184,BALIBASE
129185,B-CELLS
129186,MULTIPLE CANCER TYPES
129187,EXPRESSION DATA
129188,CROSS-VALIDATION
129189,MULTICLASS CLASSIFICATION
129190,STATISTICAL-METHODS
129191,CLASS PREDICTION
129192,TUMOR
129193,QUANTITATIVE RT-PCR
129194,QUANTIFICATION
129195,16S RDNA LIBRARIES
129196,BACTERIAL DIVERSITY
129197,VOLCANIC DEPOSITS
129198,SEDIMENTS
129199,SOILS
129200,CHI-SQUARE STATISTICS
129201,EXPRESSION PROFILES
129202,SPLITS
129203,SNPS
129204,COMPUTER-AIDED INTERPRETATION
129205,STRUCTURE ELUCIDATION
129206,COMPOUND IDENTIFICATION
129207,ELEMENTAL COMPOSITIONS
129208,ORGANIC-COMPOUNDS
129209,NMR
129210,CHROMATOGRAPHY
129211,GENE-COEXPRESSION NETWORK
129212,MODEL QUALITY ASSESSMENT
129213,CASP7
129214,GENOMICS
129215,SUBUNIT RIBOSOMAL-RNA
129216,POPULATION-STRUCTURE
129217,LOCI
129218,PSI-BLAST
129219,PROTEIN-SEQUENCE
129220,SEARCHES
129221,ONTOLOGY TERMS
129222,BINDING-SITES
129223,PROTEIN SURFACES
129224,AUTOMATIC IDENTIFICATION
129225,MOLECULAR DOCKING
129226,CAVITIES
129227,CONFORMATIONS
129228,DESCRIPTOR
129229,PROTEIN-COUPLED RECEPTORS
129230,FALSE DISCOVERY RATE
129231,OSTEOBLAST DIFFERENTIATION
129232,LUNG-CANCER
129233,STEM-CELLS
129234,SURVIVAL
129235,ADENOCARCINOMA
129236,GENOMES
129237,FINDER
129238,SEQUENCE TYPING SCHEME
129239,SALMONELLA-TYPHI
129240,STREPTOCOCCUS
129241,CAMPYLOBACTER
129242,CLONES
129243,MENINGOCOCCI
129244,METABOLOMICS
129245,LC/MS
129246,HUMAN GENOME
129247,REPRODUCIBILITY
129248,DIFFERENTIAL EXPRESSION ANALYSIS
129249,SHORT SEQUENCE READS
129250,ISOFORM EXPRESSION
129251,SPLICE JUNCTIONS
129252,BROWSER
129253,REVEALS
129254,UCSC
129255,OPERATING CHARACTERISTIC CURVES
129256,PERMUTATION TEST
129257,DIAGNOSTIC-TESTS
129258,RECEIVER
129259,AREAS
129260,RARE BIOSPHERE
129261,MICROBIAL DIVERSITY
129262,DNA-POLYMERASE
129263,FIDELITY
129264,WRINKLES
129265,EUKARYOTIC GENOMES
129266,SEQUENCE DATABASE
129267,DRAFT GENOME
129268,RNA-SEQ
129269,TRANSCRIPTS
129270,MOUSE
129271,QUANTITATIVE PCR
129272,T-LYMPHOCYTE SUBSETS
129273,MEASUREMENT ERROR
129274,PERIPHERAL-BLOOD
129275,ABSOLUTE COUNTS
129276,HEAD
129277,SUBPOPULATIONS
129278,16S RIBOSOMAL-RNA
129279,MULTIPLE ALIGNMENT
129280,GENERALIZED LINEAR-MODELS
129281,DNA-DNA HYBRIDIZATION
129282,BACTERIAL SYSTEMATICS
129283,PHYLOGENIES
129284,DEFINITION
129285,JACKKNIFE
129286,CHIP-SEQ
129287,EXPRESSION SIGNATURES
129288,INTERACTION DATABASE
129289,MICRORNA TARGETS
129290,PHOSPHORYLATION
129291,SEQUENCE COUNT DATA
129292,WIDE EXPRESSION PROFILES
129293,ENRICHMENT ANALYSIS
129294,PATHWAY
129295,BIOINFORMATICS
129296,BIOCONDUCTOR
129297,SHORT READ ALIGNMENT
129298,NGS DATA
129299,GENOTYPE
129300,SEQ
129301,BASIC LOCAL ALIGNMENT
129302,MICROBIAL GENOMES
129303,ASSEMBLIES
129304,MASS-SPECTROMETRY DATA
129305,LC-MS DATA
129306,HIGH-RESOLUTION LC/MS
129307,METABOLOMICS RESEARCH
129308,PROFILE DATA
129309,DATA SETS
129310,METABOLITES
129311,IMMUNE REPERTOIRES
129312,IMMUNOGLOBULIN
129313,DNA-SEQUENCE DIFFERENCES
129314,INTEGRATIVE GENOMICS VIEWER
129315,HUMAN TRANSCRIPTOME
129316,WIDESPREAD RNA
129317,GRADIENT GEL-ELECTROPHORESIS
129318,CONSERVED 690 HAIRPIN
129319,COMPUTING GEODESIC DISTANCES
129320,MICROBIAL COMMUNITIES
129321,ANGSTROM RESOLUTION
129322,PCR PRIMERS
129323,TREE SPACE
129324,NUCLEOTIDES
129325,CYANOBACTERIA
129326,DNA-POLYMERASES
129327,TN5
129328,TRANSPOSITION
129329,QUANTITIES
129330,LIBRARIES
129331,GENOMIC DATA
129332,R-PACKAGE
129333,NONPARAMETRIC PROBLEMS
129334,HUMAN-DISEASE
129335,PATHWAYS
129336,IDENTIFY
129337,AUTO COVARIANCE
129338,HYPERPLANES
129339,COMPLEXES
129340,RESIDUES
129341,PROFILE
129342,BIOIMAGE INFORMATICS
129343,TARGET INTERACTION PREDICTION
129344,ADVERSE-EVENT REPORTS
129345,PUBCHEM
129346,STREPTOCOCCUS-THERMOPHILUS
129347,STAPHYLOCOCCUS-AUREUS
129348,ADAPTIVE IMMUNITY
129349,TANDEM REPEATS
129350,NONCODING RNAS
129351,KINASE INHIBITOR SELECTIVITY
129352,DIFFERENTIATED THYROID-CANCER
129353,TYROSINE KINASE
129354,SORAFENIB
129355,SUNITINIB
129356,CARCINOMA
129357,DRUGS
129358,PROTEIN INTERACTION NETWORK
129359,HUMAN PHENOME
129360,SCALE MAP
129361,OVARIAN-CANCER
129362,COVARIANCE ESTIMATION
129363,CHAIN
129364,SOLVENT ACCESSIBILITY
129365,BINDING-ENERGY
129366,CONSERVATION
129367,NEIGHBOR-JOINING METHOD
129368,MINIMUM-EVOLUTION
129369,NUCLEOTIDE SUBSTITUTION
129370,NONSYNONYMOUS SUBSTITUTIONS
129371,COMPARATIVE GENOMICS
129372,MITOCHONDRIAL-DNA
129373,LITERATURE-BASED DISCOVERY
129374,PROTEIN NAMES
129375,GENERATING HYPOTHESES
129376,GENE GROUPS
129377,FISH-OIL
129378,MEDLINE
129379,NAMED ENTITY RECOGNITION
129380,PARSER
129381,PROTO-SPLICE SITES
129382,ANIMAL DIVERGENCE
129383,ISOMERASE GENE
129384,SNRNP PROTEIN
129385,GAIN
129386,AMINO-ACID SUBSTITUTIONS
129387,AFFECT PROTEIN FUNCTION
129388,HUMAN GENETIC-DISEASE
129389,REGULATORY ELEMENTS
129390,MISSENSE MUTATIONS
129391,ANDROGEN RECEPTOR
129392,SIDE-CHAIN CONFORMATIONS
129393,SPLICE-SITE PREDICTION
129394,GENE ONTOLOGY ANNOTATION
129395,ANONYMOUS SEQUENCE DATA
129396,ENZYME FUNCTION
129397,ENVIRONMENTAL GENOMICS
129398,STRUCTURAL ALIGNMENTS
129399,MOLECULAR FUNCTION
129400,3D STRUCTURE
129401,PROTEIN-INTERACTION NETWORKS
129402,DATA INTEGRATION METHODOLOGY
129403,EDGE-COUNT PROBABILITIES
129404,REGULATORY NETWORKS
129405,FUNCTIONAL MODULES
129406,INTERACTION PREDICTION
129407,BIOMEDICAL ONTOLOGIES
129408,MEDICAL ONTOLOGIES
129409,FOUNDATIONAL MODEL
129410,TERMINOLOGIES
129411,GENERALIZED LINEAR-REGRESSION
129412,TUMOR CLASSIFICATION
129413,PLS
129414,SIGNAL-TRANSDUCTION PATHWAYS
129415,GENETIC REGULATORY NETWORKS
129416,METABOLIC PATHWAYS
129417,APOPTOSIS
129418,TIGR GENE INDEXES
129419,LENGTH CDNA SEQUENCES
129420,HUMAN MESSENGER-RNAS
129421,ALTERNATE POLYADENYLATION
129422,STRUCTURE PREDICTION
129423,FUNCTIONAL GENOMICS
129424,HONEY-BEE
129425,SCIENTIFIC LITERATURE
129426,ARGUMENT STRUCTURES
129427,CLINICAL QUESTIONS
129428,MOLECULAR-BIOLOGY
129429,GENETICS ANALYSIS SOFTWARE
129430,SECONDARY STRUCTURE PREDICTION
129431,RNA SEQUENCES
129432,STRUCTURAL ALIGNMENT
129433,IMPROVED ALGORITHM
129434,PARTITION-FUNCTION
129435,TERTIARY STRUCTURE
129436,GAP PENALTIES
129437,FACTOR-BINDING SITES
129438,COMPOSITE MODULE ANALYST
129439,TRANSCRIPTION FACTORS
129440,SIGNAL-TRANSDUCTION
129441,GENE-REGULATION
129442,COMPUTATIONAL IDENTIFICATION
129443,DNA ELEMENTS
129444,FUNCTIONAL INTERPRETATION
129445,TESTING ASSOCIATION
129446,EMBRYONIC STEM-CELLS
129447,COMPUTATIONAL ANALYSIS
129448,TARGET PREDICTIONS
129449,ARGONAUTE2
129450,ELEGANS
129451,SIRNAS
129452,RNAS
129453,SEQUENCING TECHNOLOGY
129454,REPEAT REGIONS
129455,SHOTGUN
129456,GENOME-SCALE RECONSTRUCTION
129457,METABOLIC OBJECTIVE FUNCTIONS
129458,HAEMOPHILUS-INFLUENZAE RD
129459,IN-SILICO
129460,MYCOBACTERIUM-TUBERCULOSIS
129461,BACILLUS-SUBTILIS
129462,PATHWAY ANALYSIS
129463,HIGH-THROUGHPUT
129464,PROBABILISTIC BOOLEAN NETWORK
129465,INFERRING CELLULAR NETWORKS
129466,TRANSCRIPTION FACTOR
129467,MODULE NETWORKS
129468,FUNCTIONAL ANNOTATION
129469,BIOMEDICAL LITERATURE
129470,LOCAL ALIGNMENT
129471,OLIGONUCLEOTIDES
129472,ESCHERICHIA-COLI K-12
129473,GENOMIC INFORMATION
129474,GLOBAL PROPERTIES
129475,DRUG DISCOVERY
129476,TRANSCRIPTIONAL REGULATORY NETWORK
129477,INTEGRATIVE GENOMICS APPROACH
129478,INTERACTION MAP
129479,SIGNALING PATHWAYS
129480,DNA INTERACTIONS
129481,IN-VIVO
129482,TRADITIONAL CHINESE MEDICINE
129483,ST-JOHNS-WORT
129484,ACUTE PROMYELOCYTIC LEUKEMIA
129485,PROTEIN-INTERACTION NETWORK
129486,DRUG TARGET IDENTIFICATION
129487,GANODERMA-LUCIDUM
129488,IN-VITRO
129489,ASTRAGALOSIDE-IV
129490,OLD DRUGS
129491,PHARMACOLOGY
129492,MULTIPLE ALIGNMENTS
129493,WHOLE-GENOME DUPLICATION
129494,PROKARYOTIC EVOLUTION
129495,MULTIPLE GENOMES
129496,ENZYME EVOLUTION
129497,ARCHAEAL GENOMES
129498,COG DATABASE
129499,TYPE-2 DIABETES-MELLITUS
129500,COMPLEX HUMAN TRAITS
129501,HUMAN-DISEASE GENES
129502,INTEGRATED APPROACH
129503,INHERITED DISEASES
129504,SEARCH TOOL
129505,OCEAN SAMPLING EXPEDITION
129506,FAST PROGRAM
129507,WEB SERVER
129508,CD-HIT
129509,GENE ONTOLOGY ANNOTATIONS
129510,FUNCTIONAL SIMILARITY
129511,INTERACTION NETWORKS
129512,PRODUCT SIMILARITY
129513,GO TERMS
129514,GENOME-WIDE ASSOCIATION
129515,SINGLE-NUCLEOTIDE POLYMORPHISMS
129516,HIGH-ORDER INTERACTIONS
129517,EPISTATIC INTERACTIONS
129518,ENVIRONMENT INTERACTIONS
129519,GRAMMATICAL EVOLUTION
129520,DISCOVERING EPISTASIS
129521,MULTIPLE ASSOCIATIONS
129522,MISSING HERITABILITY
129523,ACCURATE TAXONOMIC CLASSIFICATION
129524,PHYLOGENETIC CLASSIFICATION
129525,DIFFERENTIAL GENE-EXPRESSION
129526,SEQ DATA
129527,REFERENCE GENOME
129528,COUNT DATA
129529,TRANSCRIPTOMES
129530,STRUCTURAL VARIATION
129531,VERTEBRATE
129532,COPY-NUMBER VARIATION
129533,WHOLE-GENOME
129534,QUALITY-CONTROL
129535,READ ALIGNMENT
129536,FUNCTIONAL-CHARACTERIZATION
129537,MENDELIAN DISEASE
129538,POINT MUTATIONS
129539,EXOME
129540,RNA REGULATORY MODULES
129541,PROTEIN-CHEMICAL INTERACTIONS
129542,DIVERSITY-ORIENTED SYNTHESIS
129543,LARGE-SCALE PREDICTION
129544,INTERACTION NETWORK
129545,MASS-SPECTROMETRY
129546,LOCAL MODELS
129547,LIGANDS
129548,BIOCONDUCTOR PACKAGE
129549,TRANSCRIPTOME
129550,READS
129551,INTEGRATIVE ANALYSIS
129552,PITFALLS
129553,QSAR
129554,NEAREST-NEIGHBOR THERMODYNAMICS
129555,PRIMER DESIGN
129556,HYBRIDIZATION
129557,PERLPRIMER
129558,NEGATIVE FEEDBACK LOOP
129559,NETWORK MOTIFS
129560,FEEDFORWARD LOOP
129561,MESSENGER-RNA
129562,MIRNA
129563,FAMILY
129564,C-ELEGANS
129565,CAENORHABDITIS-ELEGANS
129566,ASSOCIATION DATABASE
129567,TARGET PREDICTION
129568,CANCER SYSTEMS BIOLOGY
129569,PHENOME-WIDE ASSOCIATION
129570,TRANSCRIPTIONAL RESPONSES
129571,SMALL MOLECULES
129572,SYSTEMATIC IDENTIFICATION
129573,PERSONALIZED MEDICINE
129574,ANTICANCER DRUGS
129575,CAUSAL INFERENCE
129576,CELL-GROWTH
129577,MYOCARDIAL-INFARCTION
129578,BIOMARKERS
129579,SERUM
129580,LNCRNA FUNCTIONAL SIMILARITY
129581,CANCER-RELATED LNCRNAS
129582,HEPATOCELLULAR-CARCINOMA
129583,UP-REGULATION
129584,BC200 RNA
129585,H19 GENE
129586,INTEGRATIVE ANNOTATION
129587,CELL-PROLIFERATION
129588,CONVOLUTIONAL NETWORKS
129589,EEG
129590,WORKFLOWS
129591,BIOGENESIS
129592,BIOMARKER
129593,ABUNDANT
129594,MEDICINE
129595,GENETICS
129596,RNA-SEQ DATA
129597,NETWORK ANALYSIS REVEALS
129598,LIST ENRICHMENT ANALYSIS
129599,LONG NONCODING RNAS
129600,CHIP-CHIP
129601,DIFFERENTIAL COEXPRESSION
129602,MICROARRAY ANALYSIS
129603,VI SECRETION SYSTEMS
129604,WEB-BASED RESOURCE
129605,ARG-ANNOT
129606,ISLANDS
129607,INFORMATION-SYSTEMS RESEARCH
129608,SCIENCE RESEARCH
129609,DESIGN SCIENCE
129610,RESOURCE-BASED VIEW
129611,COMPETITIVE ADVANTAGE
129612,FIRM
129613,USER SATISFACTION
129614,MCLEAN MODEL
129615,DELONE
129616,RESPECIFICATION
129617,ANTECEDENTS
129618,BETWEENNESS CENTRALITY
129619,RANDOM-WALKS
129620,IDEAS COMPETITION
129621,NETWORK VISUALIZATION
129622,EMPIRICAL-TEST
129623,INTERORGANIZATIONAL NETWORKS
129624,COLLABORATION NETWORKS
129625,SOFTWARE INDUSTRY
129626,OPEN INNOVATION
129627,VALUE CHAINS
129628,PROPRIETARY
129629,FRIENDS
129630,IMPRESSIONS
129631,CRITICAL SUCCESS FACTORS
129632,INDIVIDUALISM-COLLECTIVISM
129633,MOTIVATION
129634,SALIVARY CORTISOL
129635,PERCEIVED STRESS
129636,SOCIAL STRESS
129637,HASSLES SCALE
129638,WORD-OF-MOUTH
129639,INFORMATION DIFFUSION
129640,PRODUCT DIFFUSION
129641,OPINION LEADERS
129642,CENTRALITY
129643,RESEARCH FRAMEWORK
129644,CREATION
129645,ELECTION
129646,DESIGN SCIENCE RESEARCH
129647,SUPPORTING COMPONENTS
129648,HYBRID
129649,BUSINESS STRATEGY
129650,2-SIDED MARKETS
129651,CITATION ANALYSIS
129652,DISCIPLINE
129653,PROCESS REDESIGN
129654,SERVICE DESIGN
129655,BPR
129656,SOCIAL MEDIA
129657,SMART CONTRACTS
129658,SILK ROAD
129659,BITCOIN
129660,CONCEPTUALIZATION
129661,NETWORK EXTERNALITIES
129662,INTERNET PLATFORMS
129663,INDUSTRY
129664,BASE
129665,ENERGY-EFFICIENT BEHAVIOR
129666,COLLABORATIVE CONSUMPTION
129667,FIELD EXPERIMENT
129668,BUSINESS MODELS
129669,ECONOMY
129670,WDM NETWORKS
129671,PACKET
129672,RING
129673,NRZ
129674,SOA
129675,ATMOSPHERIC-TURBULENCE
129676,3-PARTY
129677,STABLE SEASONAL PATTERNS
129678,PARTIAL ACCUMULATION
129679,BAYESIAN METHOD
129680,MANET
129681,KEY MANAGEMENT SCHEME
129682,MIMO
129683,COOPERATIVE MIMO TECHNIQUES
129684,GEOGRAPHIC ROUTING PROTOCOL
129685,FAILURES
129686,MULTIDIMENSIONAL CONSTELLATIONS
129687,PHYSICAL-LAYER SECURITY
129688,TEMPORAL PATTERNS
129689,FREQUENT ITEMSETS
129690,GENERATION APPROACH
129691,MASSIVE MIMO
129692,HANDED TRANSMISSION-LINES
129693,WIDE FREQUENCY RATIO
129694,COUPLED-LINE
129695,TERMINATED IMPEDANCES
129696,LUMPED-ELEMENTS
129697,DIVISION RATIOS
129698,DESIGN METHOD
129699,MICROSTRIP
129700,ARTIFICIAL NOISE
129701,UNTRUSTED RELAY
129702,SECRET COMMUNICATIONS
129703,WIRETAP CHANNELS
129704,FOUNTAIN CODES
129705,MIMO SYSTEMS
129706,CSI
129707,COLUMN GENERATION
129708,NODE
129709,SURVIVE
129710,ANALOG
129711,NETWORKS CHALLENGES
129712,TCP PERFORMANCE
129713,SCIENTIFIC APPLICATIONS
129714,TASK DUPLICATION
129715,XEN
129716,LEARNING AUTOMATA APPROACH
129717,IEEE-802.11
129718,TOKAMAKS
129719,I/O
129720,BENDERS DECOMPOSITION
129721,ETHERNET
129722,SERVERS
129723,RECENT TRENDS
129724,STRUCTURAL DESCRIPTION TECHNOLOGY
129725,WEB SEARCH ENGINES
129726,SPARSE REPRESENTATION
129727,TEXTURE FEATURES
129728,RANDOM-FIELDS
129729,IMAGE SUPERRESOLUTION
129730,HALLUCINATION
129731,TOPOLOGICAL ENTITY
129732,NEXT-GENERATION
129733,DESIGN SYSTEMS
129734,HINGE-LOSS
129735,MINMAX REGRET
129736,LIQUEFACTION
129737,IDENTITY
129738,FULLY HOMOMORPHIC ENCRYPTION
129739,DENGUE-FEVER
129740,SPATIAL-ANALYSIS
129741,CLIMATE-CHANGE
129742,PETROV-GALERKIN MLPG
129743,COMPUTATIONAL FLUID-DYNAMICS
129744,FUNDAMENTAL SOLUTION METHOD
129745,DATA APPROXIMATION SCHEME
129746,BOUNDARY-ELEMENT METHODS
129747,MESH-FREE METHOD
129748,DIFFUSION-EQUATIONS
129749,FINITE-ELEMENT
129750,GENERAL REGIONS
129751,TRACTION
129752,GALERKIN MLPG METHOD
129753,MULTIWALLED CARBON NANOTUBES
129754,CHEMICAL-VAPOR-DEPOSITION
129755,DENSITY-FUNCTIONAL THEORY
129756,TOTAL-ENERGY CALCULATIONS
129757,WEAKLY-SINGULAR TRACTION
129758,DEFORMABLE PLATE-THEORY
129759,FINITE-ELEMENT-ANALYSIS
129760,FRACTURE-MECHANICS
129761,CERAMICS
129762,BOUNDARY COLLOCATION METHOD
129763,RADIAL BASIS FUNCTION
129764,ACOUSTIC EIGENANALYSIS
129765,MEMBRANES
129766,FREE-VIBRATION ANALYSIS
129767,MESHLESS
129768,PLATES
129769,SHEAR-DEFORMATION-THEORY
129770,HIGHER-ORDER
129771,BIDIRECTIONAL COMPOSITES
129772,STRESS
129773,SHELLS
129774,PARTIAL-DIFFERENTIAL-EQUATIONS
129775,MULTIQUADRICS
129776,BOUNDARY-ELEMENT METHOD
129777,INTEGRAL-EQUATION LBIE
129778,ELASTODYNAMIC PROBLEMS
129779,FRACTURE-ANALYSIS
129780,ELASTICITY
129781,MECHANICS
129782,BEM
129783,ELASTIC-MODULI
129784,SHOCK
129785,ARBITRARILY-SHAPED PLATES
129786,CIRCULAR PLATES
129787,THICK
129788,FUNDAMENTAL-SOLUTIONS
129789,INTEGRAL FORMULATION
129790,PIEZOELECTRIC MEDIA
129791,GRAVITY CURRENTS
129792,SOLITARY WAVES
129793,HYDRODYNAMICS
129794,MATERIAL FGM PLATES
129795,LAMINATED SHELLS
129796,MESHLESS METHOD
129797,ELECTROMECHANICAL LOADS
129798,3-DIMENSIONAL SOLUTION
129799,CYLINDRICAL-SHELLS
129800,DYNAMIC-RESPONSE
129801,GALERKIN METHOD
129802,CYLINDERS
129803,QUADRATIC BOUNDARY ELEMENTS
129804,CLOSED-FORM INTEGRATION
129805,SINGULAR TERMS
129806,FLUID MEDIUM
129807,CONSTANT
129808,POLYGON
129809,ELECTRO-ELASTIC PLATES
129810,CURVED LAMINATED SHELLS
129811,CIRCULAR CYLINDRICAL-SHELLS
129812,REFINED ASYMPTOTIC THEORY
129813,EXACT PIEZOTHERMOELASTIC SOLUTION
129814,COUPLED THERMOELECTROELASTIC RESPONSE
129815,DIFFERENTIAL QUADRATURE METHOD
129816,COMPOSITE CONICAL SHELLS
129817,ANNULAR SPHERICAL-SHELLS
129818,QUASI-NEWTON METHODS
129819,COMPLEMENTARITY-PROBLEMS
129820,VARIATIONAL-INEQUALITIES
129821,STIFFNESS COEFFICIENTS
129822,NONSMOOTH EQUATIONS
129823,MERIT FUNCTION
129824,DESCENT METHOD
129825,SEMISMOOTH
129826,HEAT-CONDUCTION PROBLEMS
129827,GROUP PRESERVING SCHEME
129828,THERMOPHYSICAL PROPERTIES
129829,SHOOTING METHOD
129830,BACKWARD
129831,CONE
129832,ELECTROMECHANICALLY-INDUCED FAILURE
129833,METALLIC THIN-FILMS
129834,GREENS-FUNCTION
129835,CREEP FLOW
129836,LINES
129837,INTERCONNECTIONS
129838,NANOSTRUCTURES
129839,FORCES
129840,VARIATIONAL-PRINCIPLES
129841,PIEZOELECTRIC SHELLS
129842,CRACK
129843,GRAINS
129844,REGULARIZED MESHLESS METHOD
129845,NONLINEAR ALGEBRAIC EQUATIONS
129846,LAPLACE EQUATION
129847,TREFFTZ METHOD
129848,CHARACTERISTIC LENGTH
129849,LBIE
129850,WALLED CARBON NANOTUBES
129851,EFFECTIVE ELASTIC PROPERTIES
129852,DEFORMABLE LAMINATED PLATES
129853,NONLINEAR-THEORY
129854,LOAD-TRANSFER
129855,NANOCOMPOSITES
129856,FOUNDATIONS
129857,MICROSTRUCTURE-SENSITIVE DESIGN
129858,FOURIER-TRANSFORMS
129859,STRAIN
129860,METALS
129861,PHASE-FIELD MODEL
129862,2-POINT CORRELATION-FUNCTIONS
129863,STATISTICAL CONTINUUM THEORY
129864,X-RAY MICROTOMOGRAPHY
129865,LOCALIZATION RELATIONSHIPS
129866,ANISOTROPIC MATERIALS
129867,PLASTIC-DEFORMATION
129868,ATOM-PROBE
129869,MAGNESIUM ALLOY AZ31B
129870,TEXTURE DEVELOPMENT
129871,CRYSTALLOGRAPHIC TEXTURE
129872,ZIRCONIUM ALLOYS
129873,PLASTICITY MODELS
129874,FCC POLYCRYSTALS
129875,SHEET
129876,TITANIUM
129877,REISSNER VARIATIONAL PRINCIPLE
129878,LARGE-DEFORMATION ANALYSES
129879,SPACE-FRAME STRUCTURES
129880,ROTATED REFERENCE FRAMES
129881,THIN ROD/BEAM ELEMENT
129882,LAGRANGIAN-MULTIPLIERS
129883,STIFFNESS MATRICES
129884,RATIONAL APPROACH
129885,STRESS ELEMENTS
129886,EQUIAXED DENDRITIC SOLIDIFICATION
129887,FUNCTION COLLOCATION METHOD
129888,LOCAL PRESSURE CORRECTION
129889,PHASE-CHANGE PROBLEMS
129890,MACRO SEGREGATION
129891,CONVECTION
129892,BASIS FUNCTION NETWORKS
129893,BURGERS-EQUATION
129894,NATURAL-CONVECTION
129895,PRESSURE CORRECTION
129896,CONTROL-THEORETIC TECHNIQUES
129897,NUCLEAR-WASTE REPOSITORIES
129898,RUNGE-KUTTA METHODS
129899,STEPSIZE SELECTION
129900,COMPOSITE
129901,DOMAINS CHARACTERISTIC LENGTH
129902,TITANATE
129903,ILL-POSED PROBLEMS
129904,ITERATED TIKHONOV REGULARIZATION
129905,CONVERGENCE-RATES
129906,SOURCE POINTS
129907,P-ASTERISK
129908,L-CURVE
129909,ELASTIC/RIGID INCLUSIONS
129910,PARTICLE INTERACTION
129911,SINGULAR TRACTION
129912,INTEGRATED-RBF ELEMENTS
129913,VORTICITY FORMULATION
129914,INCOMPRESSIBLE-FLOW
129915,GENERAL ALGORITHM
129916,SHEAR DEFORMATION-THEORY
129917,MULTILAYERED ORTHOTROPIC PLATES
129918,LAMINATED CYLINDRICAL-SHELLS
129919,FUNCTIONALLY GRADED PLATES
129920,MIXED VARIATIONAL THEOREM
129921,COMPOSITE PLATES
129922,UNIFIED FORMULATION
129923,LAYER METHOD
129924,CELL FINITE-ELEMENTS
129925,AND/OR ELASTIC/RIGID INCLUSIONS
129926,VORONOI CELLS
129927,VOIDS
129928,MODES
129929,ORDER THEORY
129930,MACRO
129931,LINEAR ELASTIC-MATERIALS
129932,ENERGY-DISSIPATION
129933,PLANE-WAVES
129934,INITIAL STRESS
129935,HEAT-SOURCES
129936,THERMODYNAMICS
129937,HIGHER-ORDER SHEAR
129938,B-SPLINE WAVELET
129939,RECTANGULAR-PLATES
129940,SANDWICH PLATES
129941,ELASTIC FOUNDATIONS
129942,COMPREHENSIVE ANALYSIS
129943,STABILITY ANALYSIS
129944,OVER-INTEGRATION
129945,FLOATING BRIDGE
129946,VIBRATIONS
129947,VISCOSITY
129948,PATH-INDEPENDENT INTEGRALS
129949,ANALYSES SGBEM-FEM
129950,ALTERNATING METHOD
129951,SURFACE CRACKS
129952,NOTCHES
129953,SMOOTHED PARTICLE HYDRODYNAMICS
129954,NUMERICAL-SIMULATION
129955,PIEZOELECTRIC RECTANGULAR PLATE
129956,CIRCULAR CYLINDRICAL PANEL
129957,MULTILAYERED PLATES
129958,DEFORMATION-THEORY
129959,HOLLOW CYLINDERS
129960,STRESS-FREE SURFACE
129961,HYDROSTATIC INITIAL STRESS
129962,ELASTIC-WAVES
129963,THERMAL RELAXATION
129964,TEMPERATURE-FIELD
129965,SV WAVES
129966,ROTATION
129967,GRAVITY
129968,COMPRESSIVE STRENGTH
129969,BUCKLING ANALYSIS
129970,PROPAGATION ANALYSIS
129971,HOLES
129972,EQUATION LBIE METHOD
129973,NUMERICAL-METHOD
129974,MICROSTRUCTURE
129975,COMPUTATIONAL MECHANICS
129976,FINITE-ELEMENT METHODS
129977,BOUNDARY-CONDITIONS
129978,LBIE METHOD
129979,FINITE-DIFFERENCE METHODS
129980,VOLUME
129981,ELEMENT
129982,AEROELASTIC PROBLEMS
129983,FORMULATIONS
129984,IN-CELL METHOD
129985,DYNAMIC LOAD-TRANSFER
129986,2 DIMENSIONS
129987,FLIP
129988,TIGHT-BINDING PARAMETERS
129989,ELECTRONIC-STRUCTURE
129990,COULOMB-BLOCKADE
129991,SEMICONDUCTORS
129992,PSEUDOPOTENTIALS
129993,CONDUCTANCE
129994,SI
129995,MLPG
129996,PLATE
129997,SOLID MECHANICS
129998,TIP
129999,POTENTIAL-THEORY
130000,STRESS-ANALYSIS
130001,NODE METHOD
130002,CRACK-TIP FIELDS
130003,SHELL PROBLEMS
130004,THIN BEAMS
130005,PLASTICITY
130006,3-DIMENSIONAL VARIATIONAL PRINCIPLE
130007,DEFORMATIONS
130008,GRANULAR MATERIAL
130009,MESHLESS METHODS
130010,PARTICLE
130011,PARTICLE HYDRODYNAMICS
130012,INTEGRAL-EQUATION METHOD
130013,MLPG METHOD
130014,FINITE STRAIN
130015,NONLINEAR POISSON PROBLEMS
130016,FINITE-ELEMENT SIMULATION
130017,VOLUMETRIC GROWTH
130018,STRAINS
130019,TISSUES
130020,MASS
130021,PARTIAL-DIFFERENTIAL EQUATIONS
130022,GALERKIN MLPG APPROACH
130023,PARTICLE METHODS
130024,ELASTOPLASTICITY
130025,FREEDOM
130026,GROUP-PRESERVING SCHEMES
130027,ARTIFICIAL BOUNDARY
130028,POTENTIAL PROBLEMS
130029,UNBOUNDED-DOMAINS
130030,DYNAMIC INFLUENCE FUNCTION
130031,HARMONIC EXTERIOR ACOUSTICS
130032,COLLOCATION METHOD
130033,EIGENANALYSIS
130034,PETROV-GALERKIN METHOD
130035,DYNAMIC CRACK ANALYSIS
130036,PLANE PIEZOELECTRICITY
130037,ELECTRIC-FIELDS
130038,CERAMIC STRIP
130039,LEAST-SQUARES
130040,MLPG APPROACH
130041,GROUP SHOOTING METHOD
130042,CONFORMING NODAL INTEGRATION
130043,GALERKIN MLPG FORMULATION
130044,COMPLICATED SHAPE
130045,BENDING ELEMENT
130046,THIN PLATES
130047,NONHOMOGENEOUS SOLIDS
130048,THERMAL-SHOCK
130049,EDGE CRACK
130050,BOUNDARY
130051,ELEMENT METHOD SOLUTION
130052,POROUS-MEDIA
130053,CAVITY
130054,LINEAR INVERSE PROBLEMS
130055,ABEL-TYPE EQUATIONS
130056,REGULARIZATION PARAMETERS
130057,TIME INTEGRATION METHOD
130058,POSED PROBLEMS
130059,ABEL INTEGRAL-EQUATION
130060,STABLE NUMERICAL DIFFERENTIATION
130061,VANDERMONDE-LIKE MATRICES
130062,ORTHOGONAL POLYNOMIALS
130063,REGULARIZATION METHOD
130064,FRACTIONAL DIFFUSION EQUATION
130065,FLUORESCENCE PHOTOBLEACHING RECOVERY
130066,ADVECTION-DISPERSION EQUATION
130067,DIFFERENTIAL-EQUATIONS
130068,GRADIENT-ENHANCED DAMAGE
130069,WAVE-PROPAGATION
130070,DYNAMIC FRACTURE
130071,CONTINUUM DAMAGE
130072,SOFTENING MATERIALS
130073,MECHANICS APPROACH
130074,PACKING STRUCTURE
130075,QUASI-BRITTLE
130076,BOUNDARY-ELEMENT ANALYSIS
130077,INVERSE PROBLEMS
130078,VANDERMONDE MATRICES
130079,INTEGRAL-EQUATION
130080,ABSORBING BOUNDARY-CONDITIONS
130081,FREQUENCY-SHIFTED PML
130082,SPECTRAL-ELEMENT
130083,GRAZING-INCIDENCE
130084,HETEROGENEOUS MEDIA
130085,POROELASTIC MEDIA
130086,RAYLEIGH-WAVES
130087,SURFACE-WAVES
130088,ARBITRARY EVOLVING CRACKS
130089,SOLID MECHANICS PROBLEMS
130090,UPPER BOUND SOLUTIONS
130091,MESHFREE METHOD
130092,METHOD SFEM
130093,INITIATION
130094,JUNCTION
130095,MULTIPLE CRACKS
130096,CIRCULAR DIFFERENTIAL-EQUATION
130097,LIMIT-CYCLE OSCILLATIONS
130098,FORCED-OSCILLATIONS
130099,F(X)=0
130100,DOT
130101,EXCITATION
130102,TRANSIENT HEAT-CONDUCTION
130103,TIME-PERIODIC SOLUTIONS
130104,MULTIQUADRIC METHOD
130105,ELEMENT METHODS
130106,COMPOSITE-MATERIALS
130107,ELLIPTIC PROBLEMS
130108,FUNCTIONALLY GRADED MATERIALS
130109,ALTERNATING METHOD EPFEAM
130110,MIXED COLLOCATION METHOD
130111,REISSNER-MINDLIN PLATES
130112,NONHOMOGENEOUS PIEZOELECTRIC SOLIDS
130113,LAMINATED COMPOSITE SHELLS
130114,SHEAR DEFORMATION THEORIES
130115,DAMAGED CIRCULAR ARCHES
130116,NORMAL STRESS RECOVERY
130117,DOUBLY-CURVED SHELLS
130118,A-POSTERIORI SHEAR
130119,TOPOLOGY-OPTIMIZATION
130120,SOLVING NONLINEAR PROBLEMS
130121,COLLOCATION TREFFTZ METHOD
130122,HETEROGENEOUS MATERIALS
130123,CONNECTED DOMAINS
130124,FREDHOLM INTEGRODIFFERENTIAL EQUATIONS
130125,ORDER DIFFERENTIAL-EQUATIONS
130126,PETROV-GALERKIN METHODS
130127,LANE-EMDEN TYPE
130128,SPLINES
130129,3RD
130130,AMPLIFICATION
130131,ANOMALOUS SUBDIFFUSION EQUATION
130132,BASIS FUNCTION INTERPOLATION
130133,CONSERVATIVE SCHEME
130134,DIFFUSION EQUATION
130135,SOLITON SOLUTION
130136,NONLOCAL CONTINUUM-MECHANICS
130137,DIFFERENTIAL TRANSFORMATION
130138,FGM PLATE
130139,NONLOCAL ELASTICITY THEORY
130140,TIMOSHENKO BEAM THEORY
130141,NONLINEAR VIBRATION
130142,SINGLE
130143,OPERATIONAL MATRIX
130144,INTEGRODIFFERENTIAL EQUATIONS
130145,LEGENDRE WAVELETS
130146,ULTRASPHERICAL POLYNOMIALS
130147,COLLOCATION METHODS
130148,JACOBI-POLYNOMIALS
130149,CHEBYSHEV WAVELET
130150,TRANSFORM METHOD
130151,EXPANSION METHOD
130152,DEBRIS
130153,PH-SENSITIVE HYDROGELS
130154,LARGE-DEFORMATION
130155,CONTACT-LENSES
130156,POLYMER GELS
130157,NANOCOMPOSITE
130158,VOLTAGE SOURCES
130159,COMPOSITE ARMORS
130160,BALLISTIC IMPACT
130161,PERFORATION
130162,PROJECTILES
130163,COAL
130164,BLOOD-FLOW
130165,PULSATILE FLOW
130166,NONLINEAR-ANALYSIS
130167,INCREASES
130168,PRESSURE
130169,SCALE ECONOMIC-DISPATCH
130170,LOAD DISPATCH
130171,IN-VIVO MRI
130172,CFD SIMULATION
130173,HEART
130174,PATCH
130175,DRIVEN SYNAPTIC PLASTICITY
130176,ANALOG VLSI
130177,ORIENTATION SELECTIVITY
130178,POPULATION CODES
130179,VISUAL-CORTEX
130180,SYNAPSES
130181,FEELINGS
130182,AUTONOMY
130183,FRAGILITY
130184,MOTIVES
130185,CHOKING
130186,SALIENCY
130187,SEGREGATION
130188,LONG-TERM DEPENDENCIES
130189,SPEECH RECOGNITION
130190,ORBITS
130191,BRIGHT
130192,MATCHING STEGANOGRAPHY
130193,REAL-WORLD SCENES
130194,OVERT VISUAL-ATTENTION
130195,NATURAL SCENES
130196,LUMINANCE CONTRAST
130197,SCENE CONTEXT
130198,ACTIVE-VISION
130199,HUMAN EMOTIONS
130200,VISUAL SURVEILLANCE
130201,REMEMBERING EMOTIONAL EVENTS
130202,AUTOMATIC SIGNATURE VERIFICATION
130203,ALZHEIMERS-DISEASE
130204,WRITER IDENTIFICATION
130205,BIOMETRICS
130206,DYSGRAPHIA
130207,ALCOHOL
130208,UNUSUAL EVENT DETECTION
130209,TIME INTEREST POINTS
130210,SUSCEPTIBILITY ANALYSIS
130211,LANGUAGE MODEL
130212,LINE RECOGNITION
130213,PATTERN-CLASSIFICATION
130214,TIME NONLINEAR-SYSTEMS
130215,STORAGE SYSTEM
130216,CRITIC DESIGNS
130217,FEEDFORWARD NEURAL-NETWORKS
130218,FUNCTIONAL-LINK NET
130219,MIXED SELECTIVITY
130220,HIDDEN NODES
130221,PERCEPTRON
130222,ELMS
130223,SOCIALLY ASSISTIVE ROBOTICS
130224,SPECTRUM DISORDERS
130225,JOINT ATTENTION
130226,FUNCTIONING AUTISM
130227,SPECIAL-EDUCATION
130228,THERAPY
130229,ELM
130230,UNIVERSAL APPROXIMATION
130231,DIGITAL IMAGE CORRELATION
130232,VIKOR
130233,THREAT
130234,MAGICAL NUMBER 3
130235,THEORETIC ROUGH SETS
130236,LATERAL FLOW IMMUNOASSAY
130237,INFINITY STATE ESTIMATION
130238,IMMUNOCHROMATOGRAPHIC ASSAY
130239,QUANTITATIVE-ANALYSIS
130240,RAPID DETECTION
130241,TERM SETS
130242,QUALIFLEX METHOD
130243,OUTRANKING APPROACH
130244,UNCERTAIN LINGUISTIC VARIABLES
130245,HERONIAN MEAN OPERATORS
130246,TIME-VARYING DELAYS
130247,STATE ESTIMATION
130248,CORRELATION-COEFFICIENTS
130249,3-WAY DECISIONS
130250,TODIM METHOD
130251,ELECTRE-III METHOD
130252,WEIGHT
130253,ARCHIMEDEAN T-CONORM
130254,INFANTS
130255,HOT HAND
130256,Z-READER MODEL
130257,IDEAL-OBSERVER MODEL
130258,SACCADE GENERATION
130259,COMPOUND WORDS
130260,FIXATION DURATIONS
130261,LETTER PERCEPTION
130262,FOVEAL
130263,FINNISH COMPOUND WORDS
130264,PERCEPTUAL SPAN
130265,FIXATION LOCATIONS
130266,DISAPPEARING TEXT
130267,PARAFOVEAL VISION
130268,COVERT ATTENTION
130269,SACCADES
130270,CONFORMIST TRANSMISSION
130271,ALTRUISTIC PUNISHMENT
130272,GROUP SELECTION
130273,SIZABLE GROUPS
130274,KIN SELECTION
130275,MAYA LOWLANDS
130276,RESEMBLANCE
130277,STROOP
130278,SPREADING-ACTIVATION THEORY
130279,INTEGRATED THEORY
130280,SPEECH PRODUCTION
130281,STROOP TASK
130282,TIME-COURSE
130283,WORD
130284,HUMAN-PERFORMANCE
130285,SALESPERSON PROBLEM
130286,MONKEY DOPAMINE NEURONS
130287,DELAYED-RESPONSE TASK
130288,NEURAL-NETWORK MODEL
130289,CAUDATE-NUCLEUS
130290,COMPUTATIONAL MODEL
130291,COGNITIVE DEFICITS
130292,CORTICOSTRIATAL SYNAPSES
130293,REINFORCEMENT SIGNAL
130294,AUTOBIOGRAPHICAL MEMORY
130295,TRANSACTIVE MEMORY
130296,COLLABORATIVE RECALL
130297,FLASHBULB MEMORIES
130298,COLLECTIVE MEMORY
130299,EXTENDED MIND
130300,INHIBITION
130301,CONFORMITY
130302,GESTURES
130303,E-Z READER
130304,ACQUISITION
130305,SKILLS
130306,JUDGMENT
130307,HAPPY
130308,SADNESS
130309,CIRCADIAN-RHYTHMS
130310,THRESHOLD CONTROL
130311,BODY-TEMPERATURE
130312,FLY BALLS
130313,TRANSACTIVE MEMORY-SYSTEMS
130314,TRAIL SYSTEMS
130315,BENEFITS
130316,NEED
130317,ACTION SLIPS
130318,INTERRUPTION
130319,SUSTAINED ATTENTION
130320,SLEEP-DEPRIVATION
130321,DATA-ENTRY
130322,SHORT-TERM MEMORY
130323,ORBITOFRONTAL CORTEX
130324,ANTERIOR CINGULATE
130325,PREFRONTAL CORTEX
130326,BASAL GANGLIA
130327,RISKY CHOICE
130328,POSITRON-EMISSION-TOMOGRAPHY
130329,BRAIN ACTIVITY
130330,WAVELET
130331,DISGUST
130332,GIST
130333,SYMPATHY
130334,EYE-MOVEMENT ANALYSIS
130335,INDIVIDUAL-DIFFERENCES
130336,DIFFICULTY
130337,SENTENCES
130338,RENORMALIZATION-GROUP
130339,VARIABLE-STRUCTURE
130340,JOINT VISUAL-ATTENTION
130341,INFANT
130342,MOTHER
130343,SPEECH
130344,SENSORY SUBSTITUTION
130345,EXTENDED COGNITION
130346,PERCEPTUAL SIMULATION
130347,MENTAL REPRESENTATION
130348,TEMPORAL CONSTRAINTS
130349,WORD-ASSOCIATION
130350,SEMANTIC MEMORY
130351,OBJECT CONCEPTS
130352,FMRI EVIDENCE
130353,EXPERIMENTAL SEMIOTICS
130354,HUMAN-COMMUNICATION
130355,SOCIAL-INTERACTION
130356,INTERACTING MINDS
130357,FORMAL THEORY
130358,REINFORCEMENT
130359,ROBOTICS
130360,ATTENTIONAL CONTROL
130361,AI
130362,THEORY-OF-MIND
130363,FALSE-BELIEF
130364,PRACTICE HYPOTHESIS
130365,SPORT
130366,TRAGEDY
130367,COMMONS
130368,PATH PLANNING ALGORITHM
130369,REGULATOR
130370,POLITICAL-SCIENCE
130371,CHOICE
130372,PUNCTUATIONS
130373,INCREMENTALISM
130374,KOLMOGOROV-SMIRNOV TEST
130375,ELITIST-ANT SYSTEM
130376,PARADOX
130377,MOTION MAGNIFICATION
130378,EXTREMAL GRAPHS
130379,WEIGHTS
130380,STRUCTURAL GENOMICS
130381,DEHYDROGENASE
130382,REACTION CENTERS
130383,BACTERIAL PHOTOSYNTHESIS
130384,VARIATIONAL PRINCIPLE
130385,ENERGY TRANSDUCTION
130386,QUANTUM YIELDS
130387,ECOSYSTEM FLOW NETWORKS
130388,USER-FRIENDLY TOOL
130389,TROPHIC LEVELS
130390,STEADY-STATE
130391,FOOD WEBS
130392,COUPLED CHEMICAL-REACTIONS
130393,QUASI-STEADY-STATE
130394,REACTION-KINETICS
130395,ENZYME-KINETICS
130396,PROTEIN-STRUCTURE
130397,COMMON
130398,BIOSYNTHESIS
130399,DIFFERENTIALLY EXPRESSED GENES
130400,TUMOR-SUPPRESSOR
130401,ZYXIN
130402,CELL-WALL
130403,IRON TRANSPORT
130404,FIBROBLAST-GROWTH-FACTOR
130405,HUMAN MOLYBDOPTERIN SYNTHASE
130406,ANTISENSE RNA TRANSCRIPT
130407,OPPOSITE STRAND
130408,READING FRAMES
130409,ERBA-ALPHA
130410,COMPLEMENTARY TRANSCRIPTS
130411,MAMMALIAN EVOLUTION
130412,PROTEIN SUBCELLULAR LOCATION
130413,CLEAVAGE SITES
130414,GRAPHIC RULES
130415,EXPRESSED SEQUENCE TAGS
130416,RNA SECONDARY STRUCTURE
130417,SHORT-INTERFERING RNA
130418,FOLDING FREE-ENERGIES
130419,ARABIDOPSIS-THALIANA
130420,PLANT MICRORNAS
130421,POSTTRANSCRIPTIONAL REGULATION
130422,CAENORHABDITIS-ELEGANS/
130423,MAMMALIAN CIRCADIAN CLOCK
130424,FUNCTIONAL DOMAIN COMPOSITION
130425,ACETOHYDROXY ACID ISOMEROREDUCTASE
130426,DEEP TREFOIL KNOT
130427,BETA-SHEETS
130428,METHYLTRANSFERASE
130429,PROTEIN TRANSLATION
130430,CODON USAGE
130431,ELONGATION
130432,NUCLEAR EXPORT
130433,DNA MICROARRAY DATA
130434,TIME TAG APPROACH
130435,PROTEOMICS DATA
130436,ACCURATE MASS
130437,SPECTROMETRY
130438,FUNCTION NEURAL-NETWORK
130439,DIFFUSION-COEFFICIENTS
130440,DIMETHYL-SULFOXIDE
130441,BETAINE
130442,IMPROVES
130443,MIXTURE
130444,DMSO
130445,ARABIDOPSIS
130446,SERVER
130447,SCOP
130448,SUPERFAMILIES
130449,NUCLEOTIDE-SEQUENCE
130450,EST DATA
130451,COMPLEX GENOMES
130452,TAG ALIGNMENT
130453,ENZYME SUBFAMILY CLASSES
130454,SUBCELLULAR LOCATION
130455,APPROXIMATE ENTROPY
130456,DIFFERENTIAL EXPRESSION DISCOVERIES
130457,CANCER CLASSIFICATION
130458,GENE SELECTION
130459,MICRORNA EXPRESSION
130460,MIR-17-92 CLUSTER
130461,TINY RNAS
130462,PROGRESSION
130463,PROSTATE-CANCER
130464,COLON-CANCER
130465,MIRNAS
130466,PROLIFERATION
130467,SACCHAROMYCES-CEREVISIAE GENOME
130468,ESSENTIAL GENES
130469,DOCKING
130470,ESTROGEN-RECEPTOR
130471,KINASE
130472,HYDROPHOBICITY
130473,READING FRAME
130474,PROTEIN-SYNTHESIS
130475,E-SITE
130476,E COLI
130477,SUBUNIT
130478,CANDIDATE GENES
130479,DISEASE GENES
130480,BIOLOGICAL PATHWAYS
130481,PHENOTYPE
130482,INCREASE DEVELOPMENTAL STABILITY
130483,ANTITERMINATION TRANSFER-RNAS
130484,MITOCHONDRIAL GENOMES
130485,ANTICODON LOOP
130486,CIRCULAR CODE
130487,AMINO-ACID
130488,REPLICATION ORIGIN
130489,AMBUSH HYPOTHESIS
130490,COST-MINIMIZATION
130491,TOXICITY
130492,AMINE-OXIDATION
130493,DENSITY FUNCTIONALS
130494,CATALYZED OXIDATION
130495,BOND-CLEAVAGE
130496,HALF-REACTION
130497,PM6 METHOD
130498,MAO-B
130499,INSIGHTS
130500,BENZYLAMINE
130501,UNRES FORCE-FIELD
130502,POTENTIAL-ENERGY FUNCTIONS
130503,AB-INITIO PREDICTION
130504,INTRINSICALLY UNSTRUCTURED PROTEINS
130505,ACID SUBSTITUTION MATRICES
130506,KNOWLEDGE-BASED POTENTIALS
130507,CRYO-EM
130508,EUKARYOTIC RIBOSOME
130509,80S RIBOSOME
130510,GENOME REGULATION
130511,MESSENGER-RNAS
130512,CHROMATIN
130513,PROTEIN NETWORKS
130514,EFFECTIVE NUMBER
130515,MUTAGENESIS
130516,DEFICIENT
130517,VIABILITY
130518,NUMERICAL FUNCTION OPTIMIZATION
130519,MOLECULAR CLASSIFICATION
130520,ANTIBIOTIC-RESISTANCE
130521,LIPID-BILAYERS
130522,CORAL SOFTWARE
130523,MASTOPARAN
130524,SPECTROSCOPY
130525,TOPOLOGICAL FEATURES
130526,GENE PRIORITIZATION
130527,THERAPIES
130528,UROTHELIAL CARCINOMA
130529,URINARY-BLADDER
130530,ACTIN ACTA2
130531,GRADE
130532,UBE2C
130533,STAGE
130534,CKS2
130535,OUTER-MEMBRANE PROTEIN
130536,IN-SILICO APPROACH
130537,STRUCTURE REFINEMENT
130538,COLONIZATION FACTOR
130539,IMMUNE-RESPONSES
130540,FUSION PROTEIN
130541,TOXIN
130542,NADPH-OXIDASE
130543,TRANSCRIPTIONAL ACTIVATORS
130544,PROMOTER ELEMENTS
130545,DNA-BINDING
130546,ANTISENSE TRANSFER-RNAS
130547,SPADELLA-CEPHALOPTERA
130548,GENETIC-CODES
130549,MISSING LINK
130550,SISTER GROUP
130551,ANTICODONS
130552,ENDOPEROXIDE-H SYNTHASE-1
130553,CYCLOOXYGENASE ACTIVE-SITE
130554,PROSTAGLANDIN G/H SYNTHASE-2
130555,TIME-DEPENDENT INHIBITION
130556,UNIVERSAL FORCE-FIELD
130557,ONE-POT SYNTHESIS
130558,ANTIMICROBIAL ACTIVITY
130559,ARACHIDONIC-ACID
130560,STRUCTURAL BASIS
130561,GREEN SYNTHESIS
130562,POTENT TYROSINASE INHIBITOR
130563,MUSHROOM TYROSINASE
130564,SKIN PIGMENTATION
130565,SYNTHETIC ACCESSIBILITY
130566,LIGHTENING AGENTS
130567,OXYRESVERATROL
130568,MELANOGENESIS
130569,GENE-BODY METHYLATION
130570,CELL-LINES
130571,MICROARRAY
130572,INHIBITORS
130573,RISK-FACTORS
130574,AUTOMATED DOCKING
130575,SCORING FUNCTION
130576,BRAZIL
130577,EPIDEMIOLOGY
130578,TOTAL PHENOLIC CONTENT
130579,ANTIOXIDANT ACTIVITY
130580,ALPHA-GLUCOSIDASE
130581,ETHNOPHARMACOLOGICAL SURVEY
130582,PHYTOCHEMICAL PROFILE
130583,BIOLOGICAL-ACTIVITIES
130584,TURKEY
130585,ACID
130586,L.
130587,BIOLOGICAL EVALUATION
130588,MOLECULAR SIMULATION
130589,KINASE INHIBITORS
130590,REDOX REGULATION
130591,PHOSPHATASES
130592,TYROSINE
130593,HUMAN SERUM-ALBUMIN
130594,RANDOM PROJECTION
130595,PROTEIN DYNAMICS
130596,ATOMIC-STRUCTURE
130597,DENSITY-FUNCTIONAL METHOD
130598,COUMARIN DERIVATIVES
130599,VIBRATIONAL-SPECTRA
130600,7-HYDROXYCOUMARIN
130601,ANTITUMOR
130602,RAMAN
130603,MICE
130604,CONSTRAINED LEAST-SQUARES
130605,NAPL GROUNDWATER CONTAMINATION
130606,2-PHASE FLOW
130607,UNSATURATED FLOW
130608,REMEDIATION
130609,SUBSURFACE
130610,MIXED FINITE-ELEMENTS
130611,ADVECTION-DIFFUSION EQUATION
130612,ORDER ELLIPTIC PROBLEMS
130613,SCALE-UP PROBLEM
130614,MISCIBLE DISPLACEMENT
130615,ADJUSTED ADVECTION
130616,SIMULATED TRANSMISSIVITY FIELDS
130617,PILOT POINT METHODOLOGY
130618,AUTOMATED CALIBRATION
130619,ANISOTROPIC MEDIA
130620,UNSTRUCTURED GRIDS
130621,PRESSURE EQUATION
130622,CAPILLARY HYSTERESIS
130623,HORIZONTAL REDISTRIBUTION
130624,VOLUME DISCRETIZATION
130625,LOGICALLY RECTANGULAR GRIDS
130626,NATURAL DISCRETIZATIONS
130627,DIVERGENCE
130628,MESHES
130629,CURL
130630,PARAMETER-ESTIMATION
130631,NONLINEARITY
130632,IMMISCIBLE FLOW
130633,REACTIVE TRANSPORT
130634,GEOLOGICAL MEDIA
130635,MACRODISPERSION
130636,RADIALLY CONVERGENT FLOW
130637,SPATIAL-FILTERING THEORY
130638,LARGE-SCALE DYNAMICS
130639,EFFECTIVE DIFFUSIVITY
130640,GRADIENT FLOWS
130641,TRANSMISSIVITY
130642,POROUS-MEDIUM
130643,GROUNDWATER-FLOW
130644,FINITE-ELEMENT APPROXIMATIONS
130645,VOLUME METHODS
130646,INNER PRODUCTS
130647,FLUID-FLOW
130648,3-DIMENSIONAL NETWORKS
130649,ROCK
130650,HYDRAULIC CONDUCTIVITY
130651,HYPERBOLIC CONSERVATION-LAWS
130652,RIEMANN PROBLEM
130653,DISPLACEMENT
130654,NONCONFORMING GALERKIN METHODS
130655,BIOT SLOW-WAVE
130656,FREQUENCY-DOMAIN
130657,NIVELSTEINER SANDSTONE
130658,ACOUSTIC SIGNATURES
130659,ELASTIC WAVES
130660,2-PHASE FLUID
130661,SCALAR WAVES
130662,AVALANCHES
130663,SURGES
130664,WATER
130665,ALPS
130666,2-SCALE CONVERGENCE
130667,BOUNDARY-CONDITION
130668,DERIVATION
130669,STOCHASTIC-APPROXIMATION
130670,SIMPLEX-METHOD
130671,SOBOLEV SPACES
130672,BOREHOLE
130673,CARBON-DIOXIDE
130674,SALINE AQUIFERS
130675,MULTIPHASE FLOW
130676,INJECTION
130677,CONSOLIDATION
130678,FINITE-VOLUME METHOD
130679,HETEROGENEOUS FORMATIONS
130680,RESERVOIR SIMULATION
130681,POLYHEDRAL MESHES
130682,DIFFUSION-PROBLEMS
130683,DIFFERENCE METHOD
130684,VOLUME METHOD
130685,NEIGHBORHOOD ALGORITHM
130686,GEOPHYSICAL INVERSION
130687,SUBSURFACE FLOW
130688,CO2-H2O MIXTURES
130689,ABANDONED WELL
130690,SEQUESTRATION
130691,RESERVOIR
130692,LEAKAGE
130693,LEAKY WELLS
130694,AQUIFERS
130695,STORAGE CAPACITY ESTIMATION
130696,GRANULAR-MATERIALS
130697,SLOPES
130698,ENSEMBLE KALMAN FILTER
130699,ATMOSPHERIC DATA ASSIMILATION
130700,4D SEISMIC DATA
130701,BOUND-CONSTRAINED OPTIMIZATION
130702,DATA ASSIMILATION
130703,ENSEMBLE-KALMAN-FILTER
130704,PRODUCTION-DATA INTEGRATION
130705,GRADUAL DEFORMATION METHOD
130706,FLOW PRODUCTION DATA
130707,MONTE-CARLO METHODS
130708,NORTH-SEA FIELD
130709,PRESSURE DATA
130710,SQUARE-ROOT FILTERS
130711,SOIL
130712,MULTISCALE METHOD
130713,CONDITIONAL SIMULATIONS
130714,STOCHASTIC SIMULATION
130715,PARAMETERIZATION
130716,RESERVOIRS
130717,WELLS
130718,GRAVIMETRIC GEOID DETERMINATION
130719,TOPOGRAPHIC-ISOSTATIC MASSES
130720,STOKES-HELMERT METHOD
130721,GRAVITATIONAL-FIELD
130722,CONDENSATION
130723,FORMULA
130724,EARLY DIAGENESIS
130725,MASS-TRANSFER
130726,GIBBS ENERGY
130727,EQUILIBRIA
130728,CARBON
130729,KALMAN FILTERS
130730,KALMAN FILTER
130731,ENKF
130732,PLACEMENT OPTIMIZATION
130733,SMOOTHED AGGREGATION
130734,PARTICLE-SIZE DISTRIBUTION
130735,VARIABLY SATURATED FLOW
130736,DYNAMIC LEACHING TESTS
130737,FLUID-ROCK INTERACTION
130738,GEOCHEMICAL SPECIATION
130739,PREFERENTIAL FLOW
130740,CO2 SEQUESTRATION
130741,MINERAL SEQUESTRATION
130742,CONTAMINANT TRANSPORT
130743,DISCRETE FRACTURES
130744,PRESSURIZED FRACTURES
130745,FLOW SIMULATION
130746,NUMERICAL SCHEMES
130747,FORSMARK
130748,SWEDEN
130749,LEVEL-SET PARAMETERIZATION
130750,GRADUAL DEFORMATION
130751,DIFFERENTIABLE PARAMETERIZATION
130752,PERFORMANCE PREDICTIONS
130753,ITERATIVE CALIBRATION
130754,RESERVOIR DESCRIPTION
130755,FACIES
130756,INCOMPRESSIBLE 2-PHASE FLOWS
130757,NAVIER-STOKES EQUATION
130758,CELLULAR-AUTOMATON FLUIDS
130759,PORE-SCALE SIMULATIONS
130760,CONTACT-LINE MOTION
130761,HIGH-DENSITY RATIOS
130762,NUMERICAL SIMULATIONS
130763,RELATIVE PERMEABILITY
130764,HYDROPHOBIC MICROCHANNELS
130765,IMMISCIBLE DROPLET
130766,MUDROCKS
130767,DEGENERATE PARABOLIC PROBLEMS
130768,LINEARIZATION SCHEME
130769,NUMERICAL-METHODS
130770,FIELD-DEVELOPMENT OPTIMIZATION
130771,BANG-BANG CONTROL
130772,RESERVOIR MANAGEMENT
130773,JOINT OPTIMIZATION
130774,WELL PLACEMENT
130775,CLIMATE
130776,ELECTRICAL-RESISTIVITY TOMOGRAPHY
130777,SEA-WATER INTRUSION
130778,SALTWATER INTRUSION
130779,TRANSPORT PARAMETERS
130780,TRACER TEST
130781,AQUIFER
130782,COUNTY
130783,NUMERICAL RESERVOIR SIMULATION
130784,WELL-BLOCK PRESSURES
130785,INTERWELL CONNECTIVITY
130786,APPROXIMATE GRADIENT
130787,RATE FLUCTUATIONS
130788,NUMERICAL EXPERIMENTS
130789,SEQUENTIAL-METHODS
130790,BRITTLE-FRACTURE
130791,FIXED-STRESS
130792,SET METHOD
130793,GEOMECHANICS
130794,DISCOURSE
130795,COHERENCE
130796,ABSTRACTS
130797,ASSOCIATIONS
130798,TRANSDUCTION
130799,MEDICAL LITERATURE
130800,INFORMATION NEEDS
130801,TEXT SEGMENTATION
130802,LOW KAPPA
130803,PARADOXES
130804,REFERENTIAL COHERENCE
130805,WINNOW
130806,FINITE-STATE TRANSDUCERS
130807,TO-SPEECH TRANSLATION
130808,WEATHER FORECASTS
130809,FEATURE PRODUCTION NORMS
130810,SPACE MODELS
130811,LARGE SET
130812,RECOGNIZING TEXTUAL ENTAILMENT
130813,OPTIMUM BRANCHINGS
130814,WEB-SEARCH
130815,CONTROLLED ENGLISH
130816,VERBNET
130817,CONDITIONAL RANDOM-FIELDS
130818,ENGLISH
130819,CORPUS
130820,LEXICAL VARIATION
130821,LANGUAGE STYLE
130822,TURKISH
130823,LINGUISTICS
130824,PERSUASION
130825,METAPHORS
130826,CONCRETE CONCEPTS
130827,RHETORICAL STRUCTURE
130828,NEGATIVITY BIAS
130829,SENTENCE
130830,IRONY
130831,WORD-GRAPH
130832,PLAN RECOGNITION
130833,SOLID MODELS
130834,PYTHAGOREAN-HODOGRAPH CURVES
130835,MODEL GENERATION
130836,POINTS
130837,ALPHA-SHAPES
130838,CONCURRENT ENGINEERING DESIGN
130839,3-DIMENSIONAL COMPONENT LAYOUT
130840,HEURISTICS
130841,PACKING
130842,OPTIMUM-SHAPE DESIGN
130843,FLAT-END CUTTER
130844,SCULPTURED SURFACES
130845,STRIP EVALUATION
130846,SCALLOP-HEIGHT
130847,QUINTIC-SPLINE INTERPOLATION
130848,CURVES
130849,AUTOMATED VISUAL INSPECTION
130850,MULTIPLE RANGE IMAGES
130851,DIMENSIONAL INSPECTION
130852,PARTS
130853,MOMENTS
130854,PRODUCT FAMILY
130855,CAPABILITY INDEXES
130856,COMMONALITY
130857,VARIETY
130858,CNC INTERPOLATORS
130859,TOPOLOGICAL SIMILARITY
130860,MOMENT INVARIANTS
130861,DATABASE SYSTEM
130862,GROUPING PARTS
130863,DESIGN SYNTHESIS
130864,SCAFFOLDS
130865,DEPOSITION
130866,PRODUCT DESIGN
130867,MODELER
130868,ONE HEAR
130869,DRUM
130870,CURVATURE
130871,FEATURE-BASED DESIGN
130872,PROCESS PLANNING INTEGRATION
130873,FEATURE RECOGNITION
130874,MACHINING FEATURES
130875,SOLID MODEL
130876,PARAMETRIC INTERPOLATOR
130877,CURVE INTERPOLATORS
130878,MOTION CONTROL
130879,MESH SEGMENTATION
130880,MILLING MACHINE
130881,INTERPOLATION ALGORITHM
130882,ENVELOPE SURFACE
130883,MESH GENERATION
130884,CELLULAR-MODEL
130885,TOOL-PATH GENERATION
130886,FREE-FORM SURFACES
130887,SPACE-FILLING CURVES
130888,OPTIMAL CUTTER SELECTION
130889,5-AXIS MILLING MACHINE
130890,ROLLING BALL METHOD
130891,C-SPACE
130892,ACCESSIBILITY ANALYSIS
130893,METAL-FORMING PROCESS
130894,CRACK-GROWTH
130895,HOMOGENIZATION
130896,PARTITION
130897,DEFORMABLE PLATE WORKPIECES
130898,CONFIGURATION-DESIGN
130899,MODULAR FIXTURE
130900,FAULT-DIAGNOSIS
130901,PART 1
130902,LOCALIZATION ACCURACY
130903,ASSEMBLY PROCESSES
130904,TOLERANCE ANALYSIS
130905,B-SPLINE
130906,CONFINED CHORD ERROR
130907,LIMITED ACCELERATION
130908,VARIABLE-FEEDRATE
130909,JERK
130910,DECELERATION
130911,FUNCTIONAL REPRESENTATION
130912,IDEA GENERATION
130913,ADAPTIVE DESIGN
130914,OUTCOMES
130915,PARAMETRIC DESIGN
130916,COMPLEX-SYSTEMS
130917,OSA
130918,CIM
130919,BIOLOGICALLY INSPIRED DESIGN
130920,WORKING SITUATION MODEL
130921,CONCEPTUAL DESIGN
130922,COLLABORATIVE DESIGN
130923,FAMILY DESIGN
130924,PLASTIC PROPERTY CLOSURES
130925,RAY MICRO-TOMOGRAPHY
130926,UNCERTAINTY PROPAGATION
130927,DISLOCATION NUCLEATION
130928,INELASTIC BEHAVIOR
130929,EXPLORATION METHOD
130930,CONCURRENT DESIGN
130931,PHT-SPLINES
130932,T-SPLINES
130933,UNIT CELLS
130934,PERCOLATION
130935,DEVIATIONS
130936,JACOBIAN-TORSOR MODEL
130937,FREQUENCY-DISTRIBUTIONS
130938,MECHANICAL ASSEMBLIES
130939,GEOMETRIC TOLERANCES
130940,CLEARANCE
130941,SUBDIVISION SURFACES
130942,T-SPLINE
130943,VOLUME PARAMETERIZATION
130944,ISOGEOMETRIC ANALYSIS
130945,MESH
130946,SOLID FREEFORM FABRICATION
130947,DEPTH-NORMAL IMAGES
130948,DISCRETE BAR AREAS
130949,CERAMIC STEREOLITHOGRAPHY
130950,ULTRASONIC CONSOLIDATION
130951,TRUSS TOPOLOGY
130952,AGENT-BASED SYSTEMS
130953,LOCAL COMPOSITION CONTROL
130954,HETEROGENEOUS OBJECTS
130955,PROSTHETIC SOCKET
130956,RESIDUAL LIMB
130957,FABRICATION
130958,CONSTRAINED DELAUNAY TRIANGULATIONS
130959,DIRECT METAL-DEPOSITION
130960,POINT-SEQUENCE CURVE
130961,VORONOI DIAGRAMS
130962,OFFSET ALGORITHM
130963,TOOLPATH
130964,METAL PARTS
130965,WIRE
130966,FRACTURE-TOUGHNESS
130967,SHAPE SENSITIVITY
130968,AUXETIC MATERIALS
130969,T-SPLINE CONSTRUCTION
130970,POLYNOMIAL-APPROXIMATION
130971,OPTIMAL QUADRATURE
130972,ADAPTIVE ISOGEOMETRIC ANALYSIS
130973,T-MESHES
130974,CAD
130975,SPLINE SPACES
130976,DOMAIN PARAMETERIZATION
130977,TIME VISUAL TRACKING
130978,GEOMETRY PROJECTION METHOD
130979,REGENERATION
130980,BIOMECHANICS
130981,MASSETER
130982,POROSITY
130983,PRINCIPAL-AXIS METHOD
130984,B-REP GENERATION
130985,STURM SEQUENCE
130986,SPECIALIZATION
130987,SUBRESULTANTS
130988,INTERSECTION
130989,MEDIAL AXIS TRANSFORM
130990,LEVEL SET APPROACH
130991,FRONT PROPAGATION
130992,RECURRENCE RELATION
130993,ACTIVE CONTOUR
130994,STATE SMOLUCHOWSKI EQUATION
130995,FINITE-ELEMENT SOLUTION
130996,MOLECULAR-SURFACES
130997,MOUSE ACETYLCHOLINESTERASE
130998,TRIANGULATIONS
130999,RIBOSOME
131000,MEAN-CURVATURE FLOW
131001,LAPLACE-BELTRAMI OPERATORS
131002,TILINGS
131003,CONVEX
131004,SUBDIVISION SCHEMES
131005,CLOTH
131006,SEGMENTS
131007,SPIRALS
131008,HERMITE INTERPOLATION
131009,FAIR
131010,FRAMELETS
131011,SPACE-CURVES
131012,POLYTOPES
131013,REPAIR
131014,SALIENCE
131015,BASIS TRANSFORMATIONS
131016,MATRIX REPRESENTATION
131017,HAHN
131018,JACOBI
131019,MACRO-ELEMENTS
131020,TOTALLY POSITIVE BASES
131021,SPLINE CURVES
131022,INTEGRAL INVARIANTS
131023,HIERARCHICAL T-MESHES
131024,POLYNOMIAL SPLINES
131025,CUBIC SPLINE INTERPOLATION
131026,DISCRETE SPLINES
131027,LOCAL REFINEMENT
131028,COMPANION MATRIX RESULTANT
131029,AIDED GEOMETRIC DESIGN
131030,DEGREE REDUCTION
131031,OPTIMAL STABILITY
131032,UNIFIED APPROACH
131033,MARKOV-CHAINS
131034,BEZIER
131035,PARTITIONS
131036,ROTATION-MINIMIZING FRAMES
131037,PATH GENERATION
131038,MULTIPOINT
131039,QUATERNION
131040,INTERPOLATORY SUBDIVISION
131041,QUINTIC TRANSITION
131042,2 CIRCLES
131043,SPLINE
131044,RATIONAL RULED SURFACE
131045,MU-BASIS
131046,IMPLICITIZATION
131047,SINGULARITIES
131048,PROJECTION
131049,INDEPENDENCE
131050,CUTS
131051,BIOPROSTHETIC HEART-VALVES
131052,FINITE CELL METHOD
131053,DIRICHLET BOUNDARY-CONDITIONS
131054,GENERALIZED-ALPHA METHOD
131055,LARGE-EDDY SIMULATION
131056,LAYOUT
131057,SURFACE RECONSTRUCTION
131058,QUASI-INTERPOLATION
131059,BIVARIATE SPLINES
131060,PLANE-CURVES
131061,VIRTUAL HUMANS
131062,MPEG-4 ANIMATION
131063,LIQUIDS
131064,CROWDS
131065,DENSE ESTIMATION
131066,MIXED REALITY
131067,INTERVENTIONAL RADIOLOGY
131068,HUMAN-ROBOT INTERACTION
131069,INTERPERSONAL TOUCH
131070,CROWD
131071,PUBLIC SPEAKING
131072,AUDIENCE
131073,ADAPTIVE SOLVER
131074,VELOCITY OBSTACLES
131075,ROADMAPS
131076,INTERPERSONAL DISTANCE
131077,STEERING BEHAVIORS
131078,COMPUTER VISION
131079,DEFORMABLE SOLIDS
131080,SPH
131081,BEZIER SURFACES
131082,DOCUMENTS
131083,PAPER
131084,BODIES
131085,DEFORMABLE-BODIES
131086,TRIANGLE MESHES
131087,SYMMETRY DETECTION
131088,EDGEBREAKER
131089,MESH RECONSTRUCTION
131090,BODY SHAPE
131091,SCANS
131092,INSECTS
131093,REALISM
131094,ARCHITECTURAL DESIGN
131095,PUPILLARY RESPONSES
131096,RANDOM-SEARCH
131097,NONSTAGGERED GRID ARRANGEMENTS
131098,MACHINE DRIVE
131099,AUTOMATIC-CONTROL
131100,CONTROL SYSTEMS
131101,CURRICULUM
131102,MATHCAD
131103,FIELD-ORIENTED CONTROL
131104,NETWORK CONTROLLER
131105,LOGIC CONTROLLER
131106,EDUCATIONAL-TOOL
131107,WATER DISTRIBUTION-SYSTEMS
131108,PIPE NETWORK OPTIMIZATION
131109,POWER CYCLES
131110,STEAM
131111,LEARNING ENVIRONMENTS
131112,PARADIGM
131113,SUPERVISORY CONTROL
131114,DATA-ACQUISITION
131115,CURRENT SITUATION
131116,UNDERGRADUATE STUDENTS
131117,STANDARDIZATION
131118,STUDENTS
131119,TEACH
131120,SOFTWARE PACKAGES
131121,ENGINEERING CURRICULUM
131122,SCHOOL
131123,INTELLIGENT TUTORING SYSTEMS
131124,RULE-BASED CLASSIFIERS
131125,DECISION TREE
131126,FUZZY RULES
131127,SCIENCE-EDUCATION
131128,VIRTUAL LABORATORIES
131129,LEARNING MODULES
131130,WEB3D TECHNOLOGIES
131131,LABORATORIES
131132,SINGULARITY-FREE ZONES
131133,PARALLEL MANIPULATORS
131134,WORKSPACES
131135,SUCCESS
131136,MARINE ENGINEERS
131137,SPREADSHEETS
131138,COMPUTER-SIMULATIONS
131139,COURSES
131140,LEARNERS
131141,FRICTION FACTOR
131142,STEELS
131143,MULTIHOP RADIO NETWORKS
131144,DIGITAL-SIGNATURES
131145,SIGNING CONTRACTS
131146,PACKET RADIO NETWORK
131147,WIRELESS NETWORKS/
131148,LONG-RANGE DEPENDENCE
131149,MOBILITY MANAGEMENT
131150,SMART CARDS
131151,AD-HOC
131152,ACTIVE QUEUE MANAGEMENT
131153,LOCATION DETERMINATION
131154,CONTENT DISTRIBUTION NETWORKS
131155,TO-PEER NETWORKS
131156,CONTENT DELIVERY NETWORKS
131157,APPLICATION-LEVEL MULTICAST
131158,REPLICATED WEB SERVICES
131159,JOINT OBJECT PLACEMENT
131160,FILE-SHARING SYSTEMS
131161,VIDEO-ON-DEMAND
131162,STREAMING SYSTEMS
131163,ENERGY MANAGEMENT-SYSTEM
131164,TO-MACHINE COMMUNICATIONS
131165,POWER-LINE COMMUNICATIONS
131166,DISTRIBUTED GENERATION
131167,MULTIAGENT APPROACH
131168,ELECTRIC-POWER
131169,LRU CACHES
131170,RELIABLE DATA DELIVERY
131171,IP-BASED INTERNET
131172,CONSTRAINED DEVICES
131173,CLUSTERING APPROACH
131174,MOBILE SINK
131175,TELECOMMUNICATION NETWORKS
131176,EQUIPMENT
131177,AUTHENTICATION PROTOCOL
131178,COMMUNICATION TECHNOLOGIES
131179,SERVICE DIFFERENTIATION
131180,ROUTING PROTOCOLS
131181,MULTIMEDIA SENSOR
131182,SINGLE-PATH
131183,QOS
131184,LOCALIZATION SOLUTION
131185,STATIONARY
131186,DISTRIBUTED POWER ALLOCATION
131187,BIO-INSPIRED NETWORKING
131188,WIRELESS MESH NETWORKS
131189,MAC PROTOCOL
131190,COMMUNICATIONS CHALLENGES
131191,IEEE802.15.4E NETWORKS
131192,SOCIAL INTERNET
131193,AD HOC NETWORKING
131194,MOBILITY MODELS
131195,TEST-BED
131196,APARTMENT
131197,RUNTIME
131198,BATTERY-FREE
131199,THERMAL-PROPERTIES
131200,ERROR DIFFUSION
131201,ISOSURFACES
131202,COLLISION DETECTION
131203,NONCONVEX
131204,RANGE DATA
131205,SHAPE RECONSTRUCTION
131206,OBJECT VIEWS
131207,CAD MODELS
131208,METAMORPHOSIS
131209,VECTOR FIELD TOPOLOGY
131210,VORTEX
131211,LINE INTEGRAL CONVOLUTION
131212,VECTOR FIELD VISUALIZATION
131213,GRAPHICS HARDWARE
131214,HIERARCHIES
131215,SURGERY SIMULATION
131216,DEVELOPABLE SURFACES
131217,THEORETICAL APPROACH
131218,FABRICS
131219,HOUGH TRANSFORM
131220,PRIMITIVES
131221,POLYHEDRAL SURFACE DECOMPOSITION
131222,3D SHAPE
131223,SURFACE PARAMETERIZATION
131224,INFORMATION VISUALIZATION
131225,RIEMANNIAN-MANIFOLDS
131226,NONLOCAL MEANS
131227,VARYING VECTOR-FIELDS
131228,STREAMLINE PLACEMENT
131229,HIGH-QUALITY
131230,NONRIGID REGISTRATION
131231,SPHERICAL-HARMONICS
131232,PART CORRESPONDENCE
131233,COMPOUND DIGRAPHS
131234,HIERARCHICAL DATA
131235,DIRECTED-GRAPHS
131236,EDGE BUNDLES
131237,ANALYTICS
131238,CONTINUUM
131239,MESH DEFORMATION
131240,CONICAL MESHES
131241,PRECOMPUTED RADIANCE TRANSFER
131242,REAL-TIME CAUSTICS
131243,BAS-RELIEF AMBIGUITY
131244,DYNAMIC SCENES
131245,TRANSLUCENT OBJECTS
131246,PARTICIPATING MEDIA
131247,SINGLE SCATTERING
131248,RELIGHTING ENGINE
131249,HEIGHT FIELDS
131250,3D BUILDING MODELS
131251,FACADE
131252,FIELD DESIGN
131253,VORONOI
131254,ICP
131255,AUTOMATIC REGISTRATION
131256,STEINER TREE
131257,HYDRAULIC EROSION
131258,TERRAINS
131259,3D SHAPES
131260,HEAT KERNEL
131261,IMAGE MOSAICS
131262,TEXTURES
131263,PARALLEL THINNING ALGORITHM
131264,HEXAHEDRAL MESH GENERATION
131265,MEDIAL SURFACE SUBDIVISION
131266,SKIN SURFACES
131267,AXIS
131268,MATERIAL APPEARANCE
131269,REFLECTANCE
131270,DEFORMABLE SHAPES
131271,VECTOR-FIELDS
131272,IMPLICIT SURFACES
131273,PROVENANCE
131274,LONGITUDINAL SOCIAL NETWORKS
131275,MENTAL MAP
131276,ANIMATED VISUALIZATION
131277,TEMPORAL-CHANGES
131278,DYNAMIC GRAPHS
131279,AUGMENTED REALITY
131280,RADIOMETRIC COMPENSATION
131281,NONRIGID SURFACE
131282,VISUAL ANALYSIS
131283,PERFORMABILITY
131284,FORMAL SPECIFICATION
131285,CHEMICAL SIMILARITY
131286,MOLECULAR GRAPHS
131287,CODE ASSIGNMENT
131288,DATA-COMPRESSION
131289,FAILURE DETECTORS
131290,NON-REPUDIATION PROTOCOL
131291,HEART-RATE-VARIABILITY
131292,CAPSULE
131293,SPECTRUM
131294,MULTIHOP PACKET RADIO
131295,DISTANCE 2 LABELINGS
131296,TREEWIDTH
131297,TASK-ALLOCATION
131298,MAXIMIZING RELIABILITY
131299,NETWORK RELIABILITY
131300,SECRET SHARING SCHEMES
131301,CELLULAR RADIO NETWORKS
131302,CHROMATIC NUMBER
131303,"L(2,1)-LABELING PROBLEM"
131304,INTERFERENCE AVOIDANCE
131305,CARTESIAN PRODUCTS
131306,FLEXIBLE MANUFACTURING SYSTEMS
131307,PREVENTION POLICY
131308,LIVENESS
131309,DETECTORS
131310,CONFIDENCE MACHINES
131311,VICIOUS CIRCLE
131312,RESET NETS
131313,EPCS
131314,MAXIMUM CARDINALITY SEARCH
131315,LINEAR-TIME ALGORITHMS
131316,MINIMUM FILL-IN
131317,FIXED-PARAMETER ALGORITHMS
131318,TREE-DECOMPOSABLE GRAPHS
131319,NP-HARD PROBLEMS
131320,PARTIAL K-TREES
131321,PLANAR GRAPHS
131322,BRANCH DECOMPOSITIONS
131323,SEPARATOR THEOREM
131324,PACKING DIRECTED CIRCUITS
131325,GEOMETRIC PROBLEMS
131326,COUNTING PROBLEMS
131327,SUM
131328,BOUNDED CLIQUE-WIDTH
131329,CONSTRAINT-SATISFACTION PROBLEMS
131330,HIERARCHICALLY DEFINED GRAPHS
131331,DISTANCE-HEREDITARY GRAPHS
131332,DECOMPOSABLE GRAPHS
131333,RELATIONAL STRUCTURES
131334,SINGLE-CROSSING GRAPHS
131335,EXPONENTIAL SPEED-UP
131336,BOUNDED-GENUS GRAPHS
131337,TREE-WIDTH
131338,EXCLUDED MINORS
131339,VARIATIONAL APPROACH
131340,JOINT INTERPOLATION
131341,ECM ALGORITHM
131342,GRAY LEVELS
131343,RECONSTRUCTIONS
131344,MRI
131345,PET
131346,NOISY
131347,HUFFMAN
131348,HIGH-RESOLUTION IMAGE
131349,SUBPIXEL REGISTRATION
131350,UNDERSAMPLED IMAGES
131351,MOTION ESTIMATION
131352,SELF-AWARE NETWORKS
131353,SYNCHRONIZED INTERACTIONS
131354,AUTONOMOUS SEARCH
131355,BPEL PROCESSES
131356,GUARANTEES
131357,DISTANCE CONSTRAINED LABELINGS
131358,GENERALIZED PETERSEN GRAPHS
131359,CHANNEL-ASSIGNMENT PROBLEM
131360,K-4-MINOR FREE GRAPHS
131361,CLIQUE-WIDTH
131362,FAULT-TREE ANALYSIS
131363,REO
131364,MULTIPLE CLASSES
131365,PAIRINGS
131366,SERVER-AIDED VERIFICATION
131367,GENERIC CONSTRUCTION
131368,RSA
131369,BROADCAST ENCRYPTION
131370,SENSOR NETWORK NAVIGATION
131371,EVENT-BASED CONTROL
131372,DUAL SYSTEM ENCRYPTION
131373,HIBE
131374,IBE
131375,LINK AVAILABILITY ESTIMATION
131376,MANETS
131377,HUMAN ACTIVITY RECOGNITION
131378,HUMAN MOTION ANALYSIS
131379,PHYSICAL-ACTIVITY
131380,TRIAXIAL ACCELEROMETER
131381,BETA-MIXING PROCESSES
131382,CONCENTRATION INEQUALITIES
131383,DDOS ATTACKS
131384,TIER
131385,AVOIDING ENERGY HOLES
131386,NODE DEPLOYMENT
131387,SEARCHABLE ENCRYPTION
131388,TESTER
131389,CHOSEN CIPHERTEXT ATTACK
131390,BOUNDED-RETRIEVAL MODEL
131391,RANDOM ORACLES
131392,MISSION
131393,TRIANGLE-FREE GRAPHS
131394,CO-GEM-FREE
131395,BIPARTITE GRAPHS
131396,BROADCAST
131397,DIAGNOSABILITY MEASURES
131398,GENERALIZED MEASURES
131399,CONDITIONAL DIAGNOSABILITY
131400,PESSIMISTIC DIAGNOSABILITY
131401,T/K-DIAGNOSABILITY
131402,RATE-MODIFYING ACTIVITY
131403,DUE-WINDOW ASSIGNMENT
131404,FLOW TIME
131405,GEODESIC-PANCYCLICITY
131406,TWISTED CUBES
131407,LOGARITHM-PROCESSING-TIMES
131408,WEIGHTED COMPLETION-TIME
131409,MULTIPLE PRODUCT TYPES
131410,SINGLE-MACHINE
131411,MINIMIZE
131412,TARDINESS
131413,SAFE AMBIENTS
131414,PARTIAL REDUNDANCY ELIMINATION
131415,OPTIMAL CODE MOTION
131416,STRENGTH REDUCTION
131417,INFORMATION-FLOW SECURITY
131418,COMPILER CONSTRUCTION SYSTEM
131419,REFLECTION
131420,PRODUCT LINE ARCHITECTURES
131421,INFORMATION-FLOW
131422,JAVA BYTECODE
131423,REACTIVE MOBILITY
131424,ML
131425,G-LOG
131426,CONTROL FLOW
131427,ESTEREL
131428,MPI
131429,COMPONENT MODEL
131430,RELATIONAL ALGEBRA
131431,AGGREGATE FUNCTIONS
131432,SQL QUERIES
131433,CONFIGURATION MANAGEMENT
131434,LIME
131435,BUG ISOLATION
131436,COINDUCTIVE TYPE SYSTEMS
131437,DOMAIN-SPECIFIC LANGUAGE
131438,CONCURRENCY
131439,DOMAIN-SPECIFIC LANGUAGES
131440,GENERATOR
131441,INCREMENTAL GENERATION
131442,EXTENSIBILITY
131443,LISA
131444,SPATIAL COMPLEXITY
131445,SOFTWARE MODEL CHECKING
131446,OBJECT-ORIENTED METRICS
131447,MULTIOBJECTIVE EVOLUTIONARY ALGORITHM
131448,AMPLITUDE-MODULATED TONES
131449,EVOKED-POTENTIALS
131450,OTOACOUSTIC EMISSIONS
131451,HEARING THRESHOLDS
131452,SCALP
131453,HZ
131454,FUNDUS
131455,NONLINEAR-REGRESSION
131456,DIABETIC PATIENT-MANAGEMENT
131457,3-DIMENSIONAL RECONSTRUCTION
131458,CHITOSAN SCAFFOLDS
131459,CT DATA
131460,SURGERY
131461,STEREOLITHOGRAPHY
131462,ACTIVE CONTOUR MODELS
131463,MEDIA THICKNESS
131464,DEFORMABLE CONTOURS
131465,BALLOONS
131466,INFORMATION TECHNOLOGY
131467,ATRIAL-FIBRILLATION
131468,OPTICAL-PROPERTIES
131469,MULTIPLE SCATTERING
131470,HUMAN TISSUE
131471,ABSORPTION
131472,INVIVO
131473,CHROMOPHORES
131474,INVITRO
131475,TEXTURE ANALYSIS
131476,MICROCALCIFICATIONS
131477,COLONOSCOPY
131478,MARGINAL STRUCTURAL MODELS
131479,COVARIATE MODEL
131480,TEMPORAL-LOBE EPILEPSY
131481,ELECTROENCEPHALOGRAM
131482,SEIZURES
131483,RECORDINGS
131484,AUTOMATIC SEIZURE DETECTION
131485,EPILEPTIC SEIZURES
131486,STRANGE ATTRACTORS
131487,HUMAN ELECTROENCEPHALOGRAM
131488,CORRELATION DIMENSION
131489,EXPONENT
131490,AGE
131491,HUMAN BRAIN
131492,AXONAL PROJECTIONS
131493,NAVIGATOR ECHOES
131494,CORNEAL TEMPERATURE
131495,OCULAR SURFACE
131496,RABBIT EYES
131497,EVAPORATION
131498,BANDS
131499,IMAGE-ANALYSIS
131500,TONGUE IMAGE
131501,PRESCRIPTIONS
131502,IMAGE REGISTRATION
131503,INJURY
131504,PATIENT SATISFACTION
131505,POTENTIAL IMPACT
131506,TELEMEDICINE
131507,TELEHEALTH
131508,TELECARE
131509,P-VALUES
131510,NONMEM
131511,OSTEOPOROSIS
131512,DIGITAL RETINAL IMAGES
131513,DIABETIC-RETINOPATHY
131514,AUTOMATED DETECTION
131515,FUNDUS PHOTOGRAPHY
131516,LESIONS
131517,BRAIN POTENTIALS
131518,DECEPTION
131519,FMRI
131520,NONLINEAR-REGRESSION ANALYSIS
131521,VIVO CORRELATION PROBLEMS
131522,SPREADSHEET PROGRAM
131523,COMPUTERIZED ANALYZING SYSTEM
131524,BOUNDARY DETECTION ALGORITHMS
131525,CARDIOVASCULAR RISK
131526,INTRAVASCULAR ULTRASOUND
131527,VASCULAR ULTRASOUND
131528,SONOGRAPHIC IMAGES
131529,INTEGRATED-SYSTEM
131530,PLAQUE
131531,COMPUTER-PROGRAM
131532,AUTOMATIC 3-D SEGMENTATION
131533,MULTIPLE-SCLEROSIS LESIONS
131534,FREE-FORM TRANSFORMATIONS
131535,TISSUE CLASSIFICATION
131536,FETAL-BRAIN
131537,UNIFIED SEGMENTATION
131538,SUBJECT REGISTRATION
131539,PSN
131540,FUNDUS IMAGES
131541,MATCHED-FILTER
131542,STEERABLE FILTERS
131543,PREMATURE-INFANTS
131544,LINE OPERATORS
131545,RED-FREE
131546,MEDICAL IMAGES
131547,MENTAL STRESS
131548,COMPUTER RECOGNITION
131549,PSYCHOLOGICAL STRESS
131550,EMOTION RECOGNITION
131551,NERVOUS-SYSTEM
131552,BLOOD-PRESSURE
131553,PUPIL SIZE
131554,ACTIVE SHAPE MODELS
131555,DISCRETE DYNAMIC CONTOUR
131556,3D MR-IMAGES
131557,AUTOMATIC SEGMENTATION
131558,GUIDED RADIOTHERAPY
131559,SEMIAUTOMATIC SEGMENTATION
131560,BOUNDARY DELINEATION
131561,STATISTICAL SHAPE
131562,FRACTAL DIMENSION
131563,MEG
131564,SEIZURE
131565,LEVODOPA
131566,EPISODES
131567,ONSET
131568,SPECTRAL-ANALYSIS
131569,UNIFORM MAGNETIC-FIELD
131570,SERIES SOLUTIONS
131571,ROTATIONS
131572,FINS
131573,COMPETING RISKS
131574,COX REGRESSION
131575,LIKELIHOOD
131576,TUPLE NUCLEOTIDE COMPOSITION
131577,SEQUENCE-BASED PREDICTOR
131578,PHYSICOCHEMICAL PROPERTIES
131579,TRINUCLEOTIDE COMPOSITION
131580,SUBCELLULAR-LOCALIZATION
131581,MEMBRANE-PROTEINS
131582,FEATURE-EXTRACTION TECHNIQUES
131583,BLOOD-VESSEL SEGMENTATION
131584,RETINAL IMAGES
131585,ARTIFICIAL NEURAL-NETWORK
131586,SEIZURE CLASSIFICATION
131587,PROBABILISTIC NEURAL-NETWORK
131588,BEAT CLASSIFICATION
131589,QRS DETECTION
131590,WAVELET TRANSFORMS
131591,COMPONENT ANALYSIS
131592,INTERVAL FEATURES
131593,HEART-DISEASE
131594,ELECTROCARDIOGRAM
131595,COMPUTER-AIDED DIAGNOSIS
131596,NEURAL-NETWORK MTANN
131597,OPTIMUM-PATH FOREST
131598,LUNG NODULES
131599,CHEST CT
131600,DATABASE CONSORTIUM
131601,ROENTGEN DIAGNOSIS
131602,FALSE POSITIVES
131603,INDEPENDENT COMPONENT ANALYSIS
131604,SIGNAL-PROCESSING TECHNIQUES
131605,EEG SIGNALS
131606,OPTIMAL COMBINATION
131607,POLYSOMNOGRAPHY
131608,BCI
131609,INVERSE GAUSSIAN PARAMETERS
131610,FACTOR WAVELET TRANSFORM
131611,CONVOLUTIONAL NEURAL-NETWORK
131612,SEIZURE-PREDICTION METHODS
131613,BRAIN-COMPUTER INTERFACE
131614,CORONARY-ARTERY-DISEASE
131615,NONLINEAR FEATURES
131616,DAMAGE DETECTION
131617,ORIENTED FLUX SYMMETRY
131618,ACTIVE CONTOUR MODEL
131619,COMPUTED-TOMOGRAPHY
131620,LUMEN SEGMENTATION
131621,MINIMAL PATHS
131622,FAST EXTRACTION
131623,POSTERIORI ERROR ESTIMATION
131624,HAMILTON-JACOBI
131625,FRONTS
131626,FINITE-ELEMENT ANALYSIS
131627,AEROELASTIC COMPUTATIONS
131628,STAGGERED ALGORITHM
131629,TRANSIENT ANALYSIS
131630,DISCONTINUOUS COEFFICIENTS
131631,MULTIQUADRIC INTERPOLATION
131632,EXTENDED FINITE-ELEMENT
131633,LEVEL SETS
131634,METHOD/
131635,INTERPOLATION METHOD
131636,METAL-MATRIX COMPOSITES
131637,MICRO-MACRO
131638,SCALE ANALYSIS
131639,TRANSITIONS
131640,LANGEVIN EQUATION APPROACH
131641,SOLID-SURFACE SCATTERING
131642,CRACKS
131643,DISCRETE DISLOCATION PLASTICITY
131644,STRAIN GRADIENT PLASTICITY
131645,TO-MACRO TRANSITIONS
131646,COUPLE-STRESS
131647,FREE GALERKIN METHODS
131648,NODAL INTEGRATION
131649,FRAGMENTATION
131650,VARIATIONAL MULTISCALE METHOD
131651,TURBULENT FLOWS
131652,STABILIZED METHODS
131653,RATIONAL CURVES
131654,NONLINEAR MUSKINGUM MODELS
131655,FINITE-PART INTEGRALS
131656,QUADRATURE-FORMULAS
131657,IMPROVED NUMERICAL DISSIPATION
131658,FRACTIONAL-STEP METHOD
131659,2ND-ORDER
131660,COMPUTER-SIMULATION
131661,VESSEL MECHANICS
131662,HEMODYNAMICS
131663,CIRCULATION
131664,PULMONARY
131665,FLUID-STRUCTURE INTERACTION
131666,FINITE-ELEMENT METHOD
131667,WALL SHEAR-STRESS
131668,SURGICAL-PROCEDURES
131669,NUMERICAL-ANALYSIS
131670,CEREBRAL-ARTERY
131671,RELIABILITY-BASED OPTIMIZATION
131672,EVOLUTIONARY ALGORITHM
131673,HOMOGENEOUS ISOTROPIC TURBULENCE
131674,DISCONTINUOUS GALERKIN METHOD
131675,FINITE-ELEMENT FORMULATION
131676,ERROR ESTIMATION
131677,SQUARES-PARTICLE HYDRODYNAMICS
131678,DISCONTINUOUS ENRICHMENT
131679,COHESIVE ELEMENTS
131680,FAILURE ANALYSIS
131681,SPLINE FINITE-ELEMENT
131682,MESHLESS ANALYSIS
131683,LOGARITHMIC FREE-ENERGY
131684,FINITE-ELEMENT APPROXIMATION
131685,FOURIER-SPECTRAL METHOD
131686,DEGENERATE MOBILITY
131687,DIFFERENCE SCHEME
131688,NONUNIFORM SYSTEM
131689,MESH REFINEMENT
131690,ORDER-PARAMETER
131691,LINEAR DYNAMICAL-SYSTEMS
131692,ROBUST DESIGN
131693,STOCHASTIC EXCITATION
131694,SUBSET SIMULATION
131695,APPROXIMATE OPTIMIZATION
131696,ASSUMED STRAIN METHODS
131697,MIXED INTERPOLATION
131698,KARHUNEN-LOEVE EXPANSION
131699,NON-GAUSSIAN SIMULATION
131700,WEIGHTED INTEGRAL METHOD
131701,NONLINEAR FE-MODELS
131702,RANDOM GEOMETRIC IMPERFECTIONS
131703,UNCERTAIN MATERIAL PROPERTIES
131704,GENERALIZED POLYNOMIAL CHAOS
131705,RANDOM INITIAL IMPERFECTIONS
131706,REDUCED BASIS METHODS
131707,LAMINATED COMPOSITE PLATES
131708,FREQUENCY-CHARACTERISTICS
131709,MINDLIN PLATES
131710,3-DIMENSIONAL ANALYSIS
131711,PARAMETRIC RESONANCE
131712,SPHERICAL-SHELLS
131713,ENDOTHELIAL-CELLS
131714,ABDOMINAL-AORTA
131715,ATHEROSCLEROSIS
131716,ARTERIES
131717,CONTINUITY
131718,COMPUTATIONAL FRAMEWORK
131719,ENERGY MINIMIZATION
131720,TURBULENCE
131721,STRUCTURAL VIBRATIONS
131722,HOT-ROLLING TEXTURES
131723,CRYSTAL PLASTICITY
131724,FCC METALS
131725,INTRAGRANULAR BEHAVIOR
131726,DEFORMATION TEXTURES
131727,GRAIN-GROWTH
131728,ALUMINUM
131729,STABILIZED CONFORMING INTEGRATION
131730,WIND TURBINE ROTORS
131731,3D SIMULATION
131732,MODEL VALIDATION
131733,TIME INTEGRATION ALGORITHMS
131734,STRUCTURAL DYNAMICS
131735,CRACK-PROPAGATION
131736,FICTITIOUS DOMAIN APPROACH
131737,NONLINEAR ELASTICITY
131738,INTERFACE PROBLEMS
131739,CELL METHOD
131740,INTEGRALS
131741,INTEGRAL-EQUATION METHODS
131742,ASYMPTOTIC CONVERGENCE
131743,B-SPLINE COLLOCATION
131744,TRANSPORT-EQUATION
131745,KERNEL PARTICLE METHODS
131746,CYLINDRICAL PANELS
131747,LAMINATED PLATES
131748,LOCKING
131749,KP-RITZ METHOD
131750,THERMAL ENVIRONMENTS
131751,POLYMER COMPOSITES
131752,ELLIPSOIDAL INCLUSION
131753,MIMETIC FINITE-DIFFERENCES
131754,STOKES PROBLEM
131755,POLYTOPE
131756,LATTICE BOLTZMANN METHOD
131757,THERMAL-RADIATION
131758,AL2O3-WATER NANOFLUID
131759,HYDROTHERMAL BEHAVIOR
131760,PARALLEL PLATES
131761,MHD
131762,ENCLOSURE
131763,MIXED CONVECTION FLOW
131764,2-DIMENSIONAL DIFFERENTIAL TRANSFORM
131765,MAGNETIC-FIELD
131766,MHD FLOW
131767,GYROTACTIC MICROORGANISMS
131768,THERMAL-CONDUCTIVITY
131769,PHANTOM-NODE METHOD
131770,MESH-FREE METHODS
131771,COHESIVE CRACKS
131772,INCOMPRESSIBLE VISCOUS FLOWS
131773,AUGMENTED LAGRANGIAN-METHODS
131774,COMPLEX IMMERSED BOUNDARIES
131775,BABUSKA-BREZZI CONDITION
131776,CARTESIAN GRID METHOD
131777,MESHFREE THIN SHELL
131778,DAMAGE
131779,FREE GALERKIN METHOD
131780,DISCRETE SINGULAR CONVOLUTION
131781,RECTANGULAR MINDLIN PLATES
131782,DYNAMIC STABILITY ANALYSIS
131783,VARIABLE THICKNESS
131784,NONLINEAR FREE-VIBRATION
131785,HARMONIC DIFFERENTIAL QUADRATURE
131786,COMPOSITE CYLINDRICAL-SHELLS
131787,ELEMENT-FREE APPROACH
131788,SKEW PLATES
131789,NATURAL FREQUENCIES
131790,SHEAR-BAND PROPAGATION
131791,DYNAMIC CRACK
131792,DISCONTINUITIES
131793,NONLINEAR THERMAL-RADIATION
131794,HOMOGENEOUS-HETEROGENEOUS REACTIONS
131795,CHEMICAL-REACTION
131796,STRETCHING SHEET
131797,MHD NANOFLUID
131798,VISCOELASTIC NANOFLUID
131799,WILLIAMSON NANOFLUID
131800,BOUNDARY-LAYER-FLOW
131801,WATER NANOFLUID
131802,SLIP
131803,NANOPARTICLES
131804,VARIABLE MAGNETIC-FIELD
131805,HEAT-TRANSFER ENHANCEMENT
131806,WALL
131807,FLAWS
131808,POLYNOMIAL CHAOS EXPANSIONS
131809,ENERGY HARVESTERS
131810,NEGATIVE POISSONS RATIO
131811,MICROSTRUCTURES
131812,PHASE-FIELD MODELS
131813,VARIATIONAL FORMULATION
131814,INTRALUMINAL THROMBUS
131815,RUPTURE RISK
131816,DIAMETER
131817,ASYMMETRY
131818,AUTOPSY
131819,CEREBRAL BLOOD-VESSELS
131820,HUMAN BRAIN ARTERIES
131821,SUBARACHNOID HEMORRHAGE
131822,CAROTID ARTERIES
131823,VASOSPASM
131824,CANCELLOUS BONE
131825,UNIAXIAL COMPRESSION
131826,TISSUE MODULUS
131827,MICRODAMAGE
131828,ARTERIAL-WALL MECHANICS
131829,RUBBER-LIKE MATERIALS
131830,BIOLOGICAL TISSUES
131831,VISCOELASTIC BEHAVIOR
131832,CONSTITUTIVE MODEL
131833,BIOMECHANICAL ANALYSIS
131834,BALLOON ANGIOPLASTY
131835,HUMAN VERTEBRAL BODY
131836,SHELL
131837,MUSCLE FORCES
131838,SYNERGISTIC MUSCLES
131839,MUSCULAR SYNERGISM
131840,HUMAN WALKING
131841,CRITERION
131842,WALL STRESS
131843,SUPERFICIAL FEMORAL-ARTERY
131844,BALLOON EXPANSION
131845,CORONARY STENTS
131846,WALL MECHANICS
131847,ANGIOPLASTY
131848,IMPLANTATION
131849,ACTIVE APPEARANCE MODELS
131850,HOPFIELD NEURAL-NETWORK
131851,C-MEANS ALGORITHM
131852,CONTOUR MODELS
131853,SHAPE MODELS
131854,INCONTINENCE
131855,PREVALENCE
131856,TOTAL CAVOPULMONARY CONNECTION
131857,CARDIOVASCULAR-SYSTEM
131858,HEART-RATE
131859,EXERCISE
131860,SOFT-TISSUE ARTIFACT
131861,CENTER LOCATION
131862,JOINT CENTER
131863,STEREOPHOTOGRAMMETRY
131864,FINITE-ELEMENT MODEL
131865,ARTERIAL-WALL
131866,ROOT
131867,COMPRESSIBILITY
131868,INCOMPETENCE
131869,DILATION
131870,SINUSES
131871,CUSP
131872,INTRACRANIAL ANEURYSMS
131873,ASPECT RATIO
131874,RUPTURE
131875,ARTERY
131876,RISK
131877,CFD
131878,TRAUMATIC BRAIN-INJURY
131879,MULTIBODY DYNAMICS ANALYSIS
131880,HEAD-INJURY
131881,FALLS
131882,IRELAND
131883,BRITAIN
131884,ANNULUS FIBROSUS
131885,INTERVERTEBRAL DISC
131886,MECHANICAL-BEHAVIOR
131887,STEPWISE REDUCTION
131888,DEGENERATION
131889,LOADS
131890,JOINT
131891,TRABECULAR BONE
131892,FUZZY-LOGIC
131893,COMPUTATIONAL SIMULATION
131894,MECHANO-REGULATION
131895,GAP SIZE
131896,CALLUS
131897,VASCULARIZATION
131898,OSTEOTOMY
131899,TOTAL KNEE ARTHROPLASTY
131900,LOWER-EXTREMITY
131901,TIBIAL TORSION
131902,FEMORAL ANTEVERSION
131903,FUNCTIONAL AXES
131904,AXIAL ALIGNMENT
131905,PROXIMAL FEMUR
131906,GROUND REACTION FORCES
131907,CRUCIATE LIGAMENT RECONSTRUCTION
131908,KNEE-LAXITY
131909,INSTRUMENTED MEASUREMENT
131910,LACHMAN TEST
131911,ACL RUPTURE
131912,SCORE
131913,PASSIVE MECHANICAL-PROPERTIES
131914,COLLAGEN ORGANIZATION
131915,MEDIAL DEGENERATION
131916,ROOT MOTION
131917,TISSUE
131918,DISSECTION
131919,MEDIAL GASTROCNEMIUS
131920,SKELETAL-MUSCLE
131921,TENDON
131922,PENNATION
131923,ULTRASONOGRAPHY
131924,TENSION-COMPRESSION NONLINEARITY
131925,POROUS-MEDIA MODELS
131926,UNCONFINED COMPRESSION
131927,CONFINED COMPRESSION
131928,STRESS-RELAXATION
131929,EXPERIMENTAL-VERIFICATION
131930,POROELASTIC MODEL
131931,3-DIMENSIONAL MODEL
131932,DYNAMIC SIMULATION
131933,CRUCIATE LIGAMENT
131934,OSTEOARTHRITIS
131935,FRICTION
131936,ANATOMY
131937,AUTONOMIC NEUROPATHY
131938,RECURRENCE PLOTS
131939,NEPHROPATHY
131940,INTEGRATED VISUALIZATION SYSTEM
131941,MODELING BRAIN DEFORMATIONS
131942,FLUOROSCOPIC X-RAY
131943,DEFORMABLE REGISTRATION
131944,ELASTIC REGISTRATION
131945,RIGID REGISTRATION
131946,DEMONS ALGORITHM
131947,FRACTIONAL MAXWELL MODEL
131948,VISCOELASTIC FLUID
131949,UNIDIRECTIONAL FLOWS
131950,UNSTEADY-FLOW
131951,PUMP
131952,HIGH TIBIAL OSTEOTOMY
131953,ARTICULAR-CARTILAGE
131954,DEGENERATIVE ARTHRITIS
131955,VARUS GONARTHROSIS
131956,MEDIAL COMPARTMENT
131957,TIBIOFEMORAL JOINT
131958,UPPER PORTION
131959,FIXED BOVINE PERICARDIUM
131960,VALVULAR HEART-DISEASE
131961,HIGH-RISK PATIENTS
131962,STENOSIS
131963,VALVULOPLASTY
131964,PROSTHESIS
131965,COMPUTED MUSCLE CONTROL
131966,UPPER EXTREMITY
131967,JOINT MOMENTS
131968,WHEELCHAIR PROPULSION
131969,PART II
131970,SHOULDER
131971,WRIST
131972,POLYVINYL-ALCOHOL SPONGE
131973,HUMAN CORONARY-ARTERIES
131974,DUCTUS VENOSUS
131975,HYDROGELS
131976,HEALTHY
131977,SKELETAL STRUCTURAL ADAPTATIONS
131978,MECHANICAL USAGE SATMU
131979,TOTAL HIP-ARTHROPLASTY
131980,REDEFINING WOLFF LAW
131981,CONTACT MECHANICS
131982,RESURFACED FEMUR
131983,MUSCLE FORCE
131984,COORDINATE SYSTEM
131985,CONTACT FORCES
131986,HIP GEOMETRY
131987,CENTRAL CORNEAL THICKNESS
131988,INTRAOCULAR-PRESSURE MEASUREMENT
131989,GOLDMANN APPLANATION TONOMETRY
131990,BIOMECHANICAL PROPERTIES
131991,AXIAL LENGTH
131992,HUMAN SCLERA
131993,TONO-PEN
131994,OPTICAL COHERENCE TOMOGRAPHY
131995,FETAL MEMBRANES
131996,PRETERM
131997,VENTRICULAR-WALL MECHANICS
131998,MYOFIBER DISARRAY
131999,COMPUTATIONAL ASPECTS
132000,FIBER ORIENTATION
132001,LAMINAR STRUCTURE
132002,TISSUE STRUCTURE
132003,TRANSGENIC MICE
132004,ARTERIAL-WALLS
132005,CORTICAL BONE
132006,INTRACRANIAL-PRESSURE
132007,FACET JOINT FORCES
132008,INTRADISCAL PRESSURE
132009,INTERVERTEBRAL DISCS
132010,MOTION SEGMENT
132011,AXIAL ROTATION
132012,KNEE ADDUCTION MOMENT
132013,TIBIOFEMORAL CONTACT FORCES
132014,PREDICTIONS
132015,REDUCE
132016,LOWER-LIMB
132017,MULTIBODY OPTIMIZATION
132018,MUSCULO-TENDON
132019,LIGAMENT
132020,CAROTID BIFURCATION
132021,ASCENDING AORTA
132022,CFD MODELS
132023,PULSATILE
132024,DOFETILIDE
132025,BLOCK
132026,ELECTROPHYSIOLOGY
132027,LOWER CERVICAL-SPINE
132028,LUMBAR ANNULUS FIBROSUS
132029,HUMAN HEAD
132030,ANULUS FIBROSUS
132031,LIGAMENTS
132032,POSTURAL CONTROL
132033,HEIGHT
132034,MANDIBULAR SETBACK
132035,DISC POSITIONS
132036,ORTHOGNATHIC SURGERY
132037,CONDYLAR
132038,BITE
132039,MORPHOLOGY
132040,DISORDERS
132041,DIGITAL WAVE-GUIDES
132042,MUSIC PERFORMANCE
132043,COMPUTER MUSIC
132044,TEMPO
132045,SOUND SYNTHESIS
132046,TIME BEAT TRACKING
132047,MUSICAL RHYTHMS
132048,METER
132049,1/F NOISE
132050,INTENTIONS
132051,DANCE
132052,MELODY
132053,DISTORTION
132054,GRANULAR SYNTHESIS
132055,CULTURES
132056,MUSIC SYNTHESIS
132057,AFFORDANCES
132058,GRAND PIANO
132059,STRING VIBRATIONS
132060,ACTION MECHANISM
132061,TOUCH
132062,IMPEDANCE
132063,HAMMER
132064,POLYPHONIC MUSIC
132065,SOUNDS
132066,MUSICAL EXPRESSION
132067,SPECTRAL MODELING SYNTHESIS
132068,REPRODUCTION
132069,LAPTOP ORCHESTRA
132070,AUDITORY-MOTOR INTERACTIONS
132071,ECOLOGICAL ACOUSTICS
132072,TIMBRE PERCEPTION
132073,IMPACT SOUNDS
132074,CONTACT
132075,ELECTRONIC MUSIC
132076,FEEDBACK KEYBOARD
132077,PIANISTS
132078,MEDICAL DIAGNOSIS
132079,AGENCY
132080,HIGHER-ORDER AMBISONICS
132081,SOUND SOURCES
132082,PITCH
132083,SOUND FIELD REPRODUCTION
132084,DIRECTIVITY CONTROL
132085,ROOMS
132086,SOUND DIFFUSION
132087,INTERVIEW
132088,DETECTION SYSTEMS
132089,ROBOT LOCALIZATION
132090,LEVEL ACTIVE NETWORKING
132091,ACTIVE OFFICE
132092,BROAD-BAND
132093,P2P SYSTEM
132094,OVERLAY
132095,TRANSPORT PROTOCOL
132096,RELIABLE TRANSPORT
132097,IMPULSE RADIO
132098,UWB
132099,OF-ARRIVAL ESTIMATION
132100,HIGHLY CORRUPTIVE ENVIRONMENTS
132101,SIGNAL PARAMETER-ESTIMATION
132102,PASSIVE LOCATION
132103,MULTIPATH ENVIRONMENT
132104,DELAY ESTIMATION
132105,TIME-DELAY
132106,TRACKS
132107,GMPLS NETWORKS
132108,UBIQUITOUS HEALTH
132109,INTERNET ARCHITECTURE
132110,PROTECTION SYSTEM
132111,POWER-LINE
132112,DISTRIBUTION AUTOMATION
132113,ON-DEMAND
132114,MOBILE NETWORKS
132115,ROUTES
132116,PROVIDING QOS
132117,TRAFFIC GENERATION
132118,AUTOMATED SUBSTATIONS
132119,JAMMING ATTACKS
132120,IDENTITY MANAGEMENT
132121,COOPERATIVE COMMUNICATION
132122,MONITORING-SYSTEM
132123,CORRELATED DATA
132124,MPLS
132125,PLANETLAB
132126,POLICY ENFORCEMENT
132127,RELIABLE TRANSPORT PROTOCOL
132128,ERASURE CODES
132129,CYBER-PHYSICAL SYSTEMS
132130,CARE NETWORKS
132131,TO-DEVICE COMMUNICATION
132132,CHANNEL MODEL
132133,FUNCTION VIRTUALIZATION
132134,WAVE-FORMS
132135,28 GHZ
132136,WEST-EAST BRIDGE
132137,SERVICE FUNCTION CHAIN
132138,ATTACHED STORAGE
132139,NFV
132140,SDN
132141,MIGRATION
132142,BARRIER COVERAGE
132143,PLANE-STRESS STATE
132144,CONCRETE STRUCTURES
132145,DAMAGE MODEL
132146,PLASTIC MODEL
132147,HIGH-STRENGTH CONCRETE
132148,WEB REINFORCEMENT
132149,MEMBERS
132150,C-S-H
132151,CEMENT PASTES
132152,BINDING ISOTHERMS
132153,MIGRATION TEST
132154,IONS
132155,SALT
132156,OPC
132157,CONSTITUTIVE-EQUATIONS
132158,SHEAR
132159,SUPPLEMENTARY CEMENTING MATERIALS
132160,CALCIUM FLY-ASH
132161,CARBONATION
132162,RHEOLOGY
132163,ARLEQUIN METHOD
132164,LOADING PATH
132165,CALCIUM SILICATE HYDRATE
132166,HARDENING CEMENT PASTE
132167,AUTOGENOUS-SHRINKAGE
132168,MULTIPHASE MATERIALS
132169,HYDRATION
132170,SEISMIC PERFORMANCE
132171,FLEXURAL DUCTILITY
132172,BRIDGE PIERS
132173,RC COLUMNS
132174,SLABS
132175,ULTRASONIC PULSE VELOCITY
132176,BLAST-FURNACE SLAG
132177,QUANTITATIVE-DETERMINATION
132178,NATURAL POZZOLANS
132179,BLENDED CEMENTS
132180,SHEAR-STRENGTH
132181,PENETRATION
132182,HYDRATING CEMENT PASTE
132183,ENHANCED COMPUTATIONAL HOMOGENIZATION
132184,LINEAR ELASTIC PROPERTIES
132185,COHESIVE CRACK-GROWTH
132186,MICROMECHANICS MODEL
132187,COMPOSITE STRUCTURES
132188,ELECTRICAL-RESISTANCE MEASUREMENT
132189,REINFORCED CEMENT
132190,PIEZORESISTIVITY
132191,CORROSION
132192,UNBONDED TENDONS
132193,NORMAL-STRENGTH
132194,BEAM SECTIONS
132195,FIBER-REINFORCED-CONCRETE
132196,STEEL FIBERS
132197,3-POINT BEND TESTS
132198,QUASI-BRITTLE FRACTURE
132199,DOUBLE-K CRITERION
132200,NONLINEAR FRACTURE
132201,SPECIMEN-SIZE
132202,SOFTENING CURVE
132203,ENERGY APPROACH
132204,PLAIN CONCRETE
132205,TOUGHNESS
132206,FREQUENCY-DOMAIN DECOMPOSITION
132207,MERCURY INTRUSION POROSIMETRY
132208,MICROSTRUCTURE DEVELOPMENT
132209,BOND PERFORMANCE
132210,DIVERSE EMBEDMENT MODEL
132211,LOAD
132212,DUCTILITY
132213,TENSILE STRENGTHS
132214,STEEL
132215,CREEP
132216,INTERFACIAL TRANSITION ZONE
132217,REINFORCEMENT CORROSION
132218,MIGRATION COEFFICIENT
132219,ION DIFFUSION
132220,AGGREGATE
132221,DETERIORATION
132222,MODE-I
132223,COHESIVE CRACK
132224,COALESCENCE
132225,INCLUSIONS
132226,PORTLAND-CEMENT CONCRETE
132227,CRACKING
132228,LOAD-DISPLACEMENT CURVE
132229,ELEVATED-TEMPERATURES
132230,SPECIMEN GEOMETRY
132231,DIRECT TENSION
132232,REINFORCEMENT STABILITY
132233,BARS
132234,REINFORCED-CONCRETE
132235,DEFLECTION MEASUREMENT
132236,LASER SCANNER
132237,RC BEAMS
132238,FRACTURE COALESCENCE
132239,BEAM SPECIMENS
132240,SELF-COMPACTING CONCRETE
132241,PAVEMENTS
132242,TIO2 NANOPARTICLES
132243,WATER PERMEABILITY
132244,GFRP
132245,COOLING PIPES
132246,FLEXURAL BEHAVIOR
132247,NEURO-FUZZY CONTROLLER
132248,GRADED SANDWICH PLATES
132249,THERMAL BUCKLING ANALYSIS
132250,NANOSIZE FG PLATES
132251,CARBON NANOTUBE
132252,CONVEYING FLUID
132253,ACOUSTIC-EMISSION
132254,BRITTLENESS
132255,HYDRAULIC CONDUCTIVITY ESTIMATION
132256,COMMITTEE MACHINE
132257,LINGUISTIC-SYNTHESIS
132258,VULNERABILITY
132259,MACHINE VISION
132260,DIELECTRIC PERMITTIVITY
132261,SOLUTE TRANSPORT
132262,ELECTROMAGNETIC DETERMINATION
132263,MOISTURE MEASUREMENT
132264,UNDISTURBED SOIL
132265,MICROWAVE-FREQUENCIES
132266,TRANSMISSION-LINES
132267,UNSATURATED SOIL
132268,FIELD-EVALUATION
132269,MULTIPLE LINEAR-REGRESSION
132270,WATER-CONTENT
132271,SPATIAL PREDICTION
132272,SALINITY
132273,SOIL-MOISTURE
132274,MONITOR
132275,LASER SCANNER DATA
132276,FOREST STAND CHARACTERISTICS
132277,AIRBORNE LIDAR
132278,TERRAIN MODELS
132279,TOPOGRAPHY
132280,ALTIMETER
132281,BIOMASS
132282,MOUNTAINOUS TERRAIN
132283,POULTRY CARCASSES INSPECTION
132284,FLUORESCENCE IMAGING-SYSTEM
132285,DEFECT DETECTION
132286,LEAVES
132287,VEGETATION
132288,RADIATION
132289,CANOPY
132290,SPAIN
132291,NO-TILL CORN
132292,LAND-COVER
132293,CROPS
132294,YIELD
132295,GROUND-PENETRATING RADAR
132296,ORGANIC-MATTER
132297,ELECTRICAL-CONDUCTIVITY
132298,ELECTROMAGNETIC INDUCTION
132299,MECHANICAL IMPEDANCE
132300,SPECTROPHOTOMETER
132301,TIME-DOMAIN REFLECTOMETRY
132302,SITE-SPECIFIC MANAGEMENT
132303,ELECTROMAGNETIC INDUCTION TECHNIQUES
132304,SPATIAL VARIABILITY
132305,DEPTH RELATIONS
132306,VADOSE ZONE
132307,PRECISION AGRICULTURE
132308,CRITICAL PATH-ANALYSIS
132309,SHALY SANDS
132310,PARTICLE-SHAPE
132311,ELECTROLYTIC CONDUCTION
132312,EFFECTIVE PERMITTIVITY
132313,TRANSPORT-PROPERTIES
132314,DIELECTRIC-CONSTANT
132315,CROP
132316,PREDICTION METHODS
132317,GROUNDWATER
132318,GEOSTATISTICS
132319,WEEDS
132320,MECHANICAL-STRESS
132321,CONTAMINANTS
132322,INSPECTION
132323,CARCASSES
132324,FRUIT
132325,PURE WATER EVAPORATION
132326,SWEET-POTATO SLICES
132327,RED-PEPPER
132328,MOISTURE DIFFUSIVITY
132329,FRUITS
132330,SOIL ELECTRICAL-CONDUCTIVITY
132331,NITROGEN MANAGEMENT
132332,CLAYPAN SOILS
132333,SOIL PROPERTIES
132334,POULTRY CARCASSES
132335,SOLUBLE SOLIDS
132336,FIRMNESS
132337,COTTON GOSSYPIUM-HIRSUTUM
132338,PLANT-IDENTIFICATION
132339,SUGAR-BEET
132340,SPECTRAL PROPERTIES
132341,DIGITAL IMAGES
132342,WEED DETECTION
132343,CHLOROPHYLL METER READINGS
132344,USE EFFICIENCY
132345,CORN PRODUCTION
132346,IRRIGATED CORN
132347,WINTER-WHEAT
132348,REFLECTANCE CHARACTERISTICS
132349,TEMPORAL VARIATION
132350,NITRATE LOSSES
132351,LEAF NITROGEN
132352,WAVELET DECOMPOSITION
132353,SATELLITE IMAGERY
132354,TILLAGE PRACTICES
132355,AUSTRALIA
132356,SITE
132357,AGRICULTURE
132358,CAULIFLOWER-MOSAIC-VIRUS
132359,APHID FEEDING-BEHAVIOR
132360,PENETRATION GRAPH DATA
132361,MYZUS-PERSICAE
132362,PLANT-VIRUSES
132363,CUCUMIS-MELO
132364,SALIVATION
132365,CANDIDATUS-LIBERIBACTER-ASIATICUS
132366,ELECTRONIC NOSE DATA
132367,REAL-TIME PCR
132368,FLUORESCENCE SPECTROSCOPY
132369,REFLECTANCE MEASUREMENTS
132370,SPECTRAL REFLECTANCE
132371,MULTISPECTRAL FLUORESCENCE
132372,NONDESTRUCTIVE MEASUREMENT
132373,PHYTOPHTHORA-INFESTANS INFECTION
132374,VEGETATION INDEXES
132375,BIOTIC STRESS
132376,ON-THE-GO
132377,INFRARED REFLECTANCE SPECTROSCOPY
132378,SOIL-MOISTURE CONTENT
132379,AIRBORNE HYPERSPECTRAL IMAGERY
132380,GRAIN-SORGHUM YIELD
132381,LEAF-AREA INDEX
132382,QUICKBIRD SATELLITE IMAGERY
132383,DIFFERENCE VEGETATION INDEX
132384,TREE CANOPY CHARACTERISTICS
132385,COMPACTION PROFILE SENSOR
132386,HYPERSPECTRAL VEGETATION INDEXES
132387,RADIATIVE-TRANSFER MODELS
132388,REMOTE-SENSING DATA
132389,RED EDGE POSITION
132390,REFLECTANCE DATA
132391,BIOPHYSICAL VARIABLES
132392,HETEROGENEOUS GRASSLAND
132393,SQUARES REGRESSION
132394,BUBBLE-COLUMN REACTORS
132395,FLAT-PLATE PHOTOBIOREACTOR
132396,CARBON-DIOXIDE FIXATION
132397,DRAG FORCE FORMULATION
132398,AIRLIFT PHOTOBIOREACTOR
132399,PHOTOTROPHIC MICROORGANISMS
132400,COMMERCIAL APPLICATIONS
132401,MASS CULTIVATION
132402,CHLOROPHYLL CONTENT
132403,APPLE FRUIT
132404,CAROTENOIDS
132405,FLAVONOLS
132406,SCAB
132407,TECHNICAL-NOTE
132408,VITICULTURE
132409,FUNCTIONAL-STRUCTURAL MODEL
132410,NITROGEN ECONOMY
132411,WHEAT CULMS
132412,LIDAR
132413,NEMA
132414,FOREST CANOPY STRUCTURE
132415,APPLE FRUIT SIZE
132416,WATER-USE
132417,DEFICIT IRRIGATION
132418,LIGHT INTERCEPTION
132419,LEAF-AREA
132420,FOLIAGE DENSITY
132421,STEREO VISION
132422,EROSION
132423,NEAR INFRARED-SPECTROSCOPY
132424,WATER-STRESS
132425,DISEASES
132426,COVER
132427,HEMISPHERICAL PHOTOGRAPHY
132428,METHOD-PERFORMANCE
132429,FRACTION
132430,LAI-2000
132431,ANGLE
132432,AGRICULTURAL IMAGES
132433,UNMANNED AIRCRAFT
132434,AUTOMATED CROP
132435,PICKING ROBOT
132436,COUNTRY NORTHERN SPAIN
132437,ETO ANN MODELS
132438,COMPUTING TECHNIQUE
132439,CLIMATIC DATA
132440,SEMIARID CLIMATE
132441,HUMID CONDITIONS
132442,ANFIS
132443,DECISION-SUPPORT-SYSTEMS
132444,NETWORK PROCESS
132445,PLANT LOCATION
132446,MAKING METHOD
132447,AHP TECHNIQUE
132448,SUITABILITY
132449,MANAGEMENT-TECHNIQUES
132450,LEARNING AUTOMATA
132451,WATER MANAGEMENT
132452,FIRE DETECTION
132453,FOOD-INDUSTRY
132454,APPLE HARVESTING ROBOT
132455,AUTOMATIC RECOGNITION
132456,GREEN APPLES
132457,CITRUS
132458,FIREFLY ALGORITHM
132459,CORN ZEA-MAYS
132460,WEED-CONTROL
132461,CRITICAL PERIOD
132462,YIELD LOSS
132463,COLOR SEGMENTATION
132464,RELATIVE-TIME
132465,VENATION
132466,PHOTOCHEMICAL REFLECTANCE INDEX
132467,SENSING SYSTEM
132468,PLANT HEIGHT
132469,PHENOMICS
132470,COTTON
132471,TRACE-ELEMENTS
132472,AUTHENTICITY
132473,SAMPLES
132474,WATER-STRESS INDEX
132475,CANOPY TEMPERATURE
132476,ESTIMATING EVAPOTRANSPIRATION
132477,INFRARED THERMOGRAPHY
132478,PLANT-DISEASES
132479,SENSED DATA
132480,HARGREAVES-SAMANI EQUATION
132481,INPUTS
132482,IRAN
132483,UNMANNED AERIAL VEHICLE
132484,GROWTH-STAGES
132485,HELICOPTER
132486,IRRIGATED AGRICULTURE
132487,POINT-CLOUD
132488,INVENTORY
132489,CHINA
132490,HIGH-STRAIN RATES
132491,COMPRESSIVE BEHAVIOR
132492,SEEPAGE
132493,STABILIZATION
132494,RESIDUAL SOIL SLOPE
132495,UNSATURATED SOILS
132496,INFILTRATION
132497,DISCRETE NUMERICAL-MODEL
132498,GRANULAR MEDIA
132499,PARTICLES
132500,SATURATED SOILS
132501,RANDOM PARTICLE MODEL
132502,ROCK FAILURE
132503,MICROCRACKS
132504,MILLS
132505,WATER CHARACTERISTIC CURVE
132506,COLLAPSE
132507,CLAY
132508,SHEAR-BAND DEVELOPMENT
132509,MICROMECHANICAL ANALYSIS
132510,SAND
132511,DRIVEN PILES
132512,DAM
132513,CRITICAL SLIP SURFACES
132514,CONE PENETRATION TEST
132515,CPT
132516,MUNICIPAL SOLID-WASTE
132517,LEACHATE RECIRCULATION
132518,ENZYMATIC-HYDROLYSIS
132519,INSOLUBLE CELLULOSE
132520,ANAEROBIC-DIGESTION
132521,REFUSE
132522,CLAYS
132523,FOUNDATION
132524,SURFACE PLASTICITY MODEL
132525,STRESS-STRAIN BEHAVIOR
132526,SILT
132527,EARTHQUAKE ANALYSIS
132528,PARTIALLY SATURATED SOILS
132529,ELASTOPLASTIC MODEL
132530,GENERALIZED PLASTICITY
132531,HYDRAULIC HYSTERESIS
132532,ROLLING RESISTANCE
132533,PILES
132534,MINIMUM RELIABILITY INDEX
132535,STRUCTURAL RELIABILITY
132536,EARTH SLOPES
132537,LIMIT EQUILIBRIUM
132538,STABILITY ANALYSIS METHOD
132539,UPPER BOUND THEOREM
132540,HIGH WATER-CONTENT
132541,VIRGIN COMPRESSION
132542,SHEAR BEHAVIOR
132543,SOFT CLAYS
132544,ADMIXED CLAY
132545,RESPONSE-SURFACE METHOD
132546,BACK-ANALYSIS
132547,EMBANKMENTS
132548,POLYNOMIAL CHAOS
132549,NONCOAXIAL GRANULAR-MATERIALS
132550,DYNAMIC PROPERTIES
132551,KINEMATIC MODELS
132552,DEM
132553,SPREADSHEET
132554,STRESS INTENSITY FACTORS
132555,PRECRACKED MARBLE
132556,PLANAR CRACKS
132557,INTERMEDIATE PRINCIPAL STRESS
132558,DEFORMABLE SOILS
132559,STRAIN BEHAVIOR
132560,COMPACTED SILT
132561,HYSTERESIS
132562,CRITICAL-STATE
132563,MATERIAL BEHAVIOR
132564,SCALES
132565,BONDED-PARTICLE MODEL
132566,CRACK COALESCENCE
132567,3 FLAWS
132568,CORRELATED NONNORMAL VARIABLES
132569,RETAINING WALLS
132570,PARTICLE MODEL
132571,RAILROAD BALLAST
132572,TRACK
132573,STRATA
132574,MINE
132575,SHAKING TABLE TESTS
132576,STRUCTURE SYSTEM
132577,THERMAL PERFORMANCE
132578,EXCHANGERS
132579,HYDRAULIC-PROPERTIES
132580,LENGTH DISTRIBUTION
132581,PERMEABILITY MODEL
132582,APERTURE
132583,JOINTS
132584,STABILIZED FRACTIONAL STEP
132585,SATURATED POROUS-MEDIA
132586,COMPUTER EXPERIMENTS
132587,SLIP SURFACES
132588,LAND SUBSIDENCE
132589,CONFINED AQUIFER
132590,DRAWDOWN
132591,PIT
132592,SURFACE-ROUGHNESS
132593,POLYHEDRAL BLOCKS
132594,INCOMPLETE PROBABILITY INFORMATION
132595,MONTE-CARLO-SIMULATION
132596,SITE CHARACTERIZATION
132597,GEOTECHNICAL VARIABILITY
132598,HIGH DIMENSIONS
132599,NONSTATIONARY RANDOM-FIELDS
132600,SYSTEM RELIABILITY
132601,DISCONTINUOUS DEFORMATION ANALYSIS
132602,SUBCRITICAL CRACK-GROWTH
132603,STRESS-DEPENDENT PERMEABILITY
132604,EXCAVATION DAMAGED ZONE
132605,DISTINCT ELEMENT MODEL
132606,CRYSTALLINE ROCK
132607,SHANGHAI
132608,FRACTURING PROCESS
132609,CRACKING BEHAVIOR
132610,STRAIN-RATE
132611,SANDSTONE
132612,GENERALIZED PLASTICITY MODEL
132613,SOIL-STRUCTURE INTERFACE
132614,FACE ROCKFILL DAM
132615,PARTICLE BREAKAGE
132616,CONVEX POLYGONS
132617,GRAVELLY SOILS
132618,INTERPOLANTS
132619,SHALLOW TUNNELS
132620,VERTICAL DRAINS
132621,SOFT
132622,BIAXIAL COMPRESSION
132623,FAILURE BEHAVIOR
132624,NONPERSISTENT JOINTS
132625,CYLINDRICAL OPENINGS
132626,FRACTURE EVOLUTION
132627,BRITTLE ROCK
132628,PHOTOGRAMMETRY
132629,COGNITIVE DIMENSIONS
132630,SOFTWARE COMPLEXITY-MEASURES
132631,SMALL ORGANIZATIONS
132632,SMALL ENTERPRISES
132633,SMALL FIRMS
132634,COMPANIES
132635,EXTRACTING GRAMMAR
132636,ROLLING SPHERE
132637,BDI
132638,NOISE REMOVAL
132639,NONLINEAR DIFFUSION
132640,SHOCK FILTERS
132641,SNAKES
132642,SUCCINCT DATA-STRUCTURES
132643,COMPRESSED TEXT INDEXES
132644,HIGH-ORDER ENTROPY
132645,EFFICIENT ALGORITHMS
132646,STRING RETRIEVAL
132647,MANAGEMENT-SYSTEMS
132648,COLLABORATION
132649,M2M
132650,ACO
132651,PROPOSAL
132652,INDUCED AGGREGATION OPERATORS
132653,EUCLIDEAN DISTANCE
132654,QUERY TRANSFORMATION
132655,FOLKSONOMIES
132656,DIRECT-SEQUENCE
132657,CODE ACQUISITION
132658,DS/CDMA
132659,VISUALIZATIONS
132660,VISUAL-WORDS
132661,OBJECT BANK
132662,SCENE
132663,CONTROL MODEL
132664,UNDERGRADUATE STUDENTS USE
132665,E-MAIL TUTORIALS
132666,KINEMATICS
132667,ELEMENTARY-SCHOOLS
132668,WORK TEAMS
132669,COMPUTER-MEDIATED COMMUNICATION
132670,NEWSPAPERS
132671,INSTRUCTIONAL-DESIGN
132672,SYSTEMS SERVICE QUALITY
132673,BUSINESS-TO-BUSINESS
132674,CUSTOMER SATISFACTION
132675,CONSUMER SATISFACTION
132676,USER ACCEPTANCE
132677,DISCONFIRMATION
132678,CMC
132679,DISCUSSIONS
132680,SELF-EXPLANATIONS
132681,SCRIPTS
132682,SOCIAL COGNITIVE THEORY
132683,PERCEIVED EASE
132684,EMPIRICAL-EVALUATION
132685,SELF-EFFICACY
132686,TECHNOLOGY ACCEPTANCE MODEL
132687,PERCEIVED USEFULNESS
132688,PERSPECTIVES
132689,WEBSITES
132690,EASE
132691,USER PARTICIPATION
132692,EXPECTATION-CONFIRMATION MODEL
132693,COMPUTER SELF-EFFICACY
132694,MANAGEMENT EDUCATION
132695,DISTANCE EDUCATION
132696,HOME
132697,TEACHER KNOWLEDGE
132698,ELEMENTARY
132699,LIGHT
132700,INTERNET USAGE
132701,DECISIONS
132702,ELECTRONIC VOTING SYSTEM
132703,PEER INSTRUCTION
132704,LECTURES
132705,INTERACTIVITY
132706,PLANNED BEHAVIOR
132707,EMPIRICAL-ANALYSIS
132708,SYSTEMS SUCCESS
132709,FLOW THEORY
132710,KNOWLEDGE ENGINEERING APPROACH
132711,WEB-BASED ASSESSMENT
132712,PLAYERS
132713,COLLEGE-STUDENTS
132714,SCIENCES
132715,UBIQUITOUS LEARNING-ENVIRONMENT
132716,GEOMETRY EDUCATION
132717,CONTINUED USE
132718,COMPUTER-SIMULATED EXPERIMENTS
132719,LECTURE
132720,ONLINE SOCIAL NETWORKING
132721,DIGITAL NATIVES
132722,WEB 2.0
132723,SELF-DETERMINATION
132724,EXTRINSIC REWARDS
132725,1ST PRINCIPLES
132726,INFORMATION-TECHNOLOGY CONTINUANCE
132727,SELF-DETERMINATION THEORY
132728,2 THEORETICAL-MODELS
132729,CORPORATE REPUTATION
132730,SYSTEMS CONTINUANCE
132731,DELIVERY
132732,STUDENTS LEARNING-PERFORMANCE
132733,PROSOCIAL VIDEO GAMES
132734,DIGITAL GAMES
132735,SIMULATION GAMES
132736,EDUCATIONAL VIDEOGAMES
132737,FLOW-EXPERIENCES
132738,USER ENGAGEMENT
132739,COMPUTER-BASED INSTRUCTION
132740,RESPONSE SYSTEMS
132741,UBIQUITOUS GAMES
132742,LAPTOP PROGRAMS
132743,TABLET PC
132744,EFL
132745,WORLDS
132746,CONTROL ENGINEERING-EDUCATION
132747,ELEMENTARY-SCHOOL STUDENTS
132748,WEB-BASED EXPERIMENTATION
132749,CO-WORD ANALYSIS
132750,LABORATORY EXPERIMENTS
132751,UNIT OPERATIONS
132752,H-INDEX
132753,STUDENTS MOTIVATION
132754,COURSE OUTCOMES
132755,HELP-SEEKING
132756,EFFICACY
132757,DIGITAL GAME
132758,EFL LEARNERS
132759,CRITICAL-THINKING
132760,WILLINGNESS
132761,COMMUNICATE
132762,TAIWAN
132763,UNDERGRADUATE MEDICAL-EDUCATION
132764,STUDENT PERCEPTIONS
132765,TRADITIONAL INSTRUCTION
132766,UNIVERSITY-STUDENTS
132767,SOCIAL PRESENCE
132768,TO-FACE
132769,IPADS
132770,VIDEOS
132771,EXPOSURE THERAPY
132772,CHINESE VERSION
132773,NORMAL ADULTS
132774,ASPERGER
132775,COMPETENCE
132776,CAVE
132777,EYES
132778,ACTIVE VIDEO GAMES
132779,ACADEMIC-PERFORMANCE
132780,SOCIOEMOTIONAL OUTCOMES
132781,AEROBIC EXERCISE
132782,EXERGAME PLAY
132783,FITNESS
132784,CHILDHOOD
132785,STABILIZABILITY
132786,POSITIVE REAL CONTROL
132787,FUZZY MODEL IDENTIFICATION
132788,ASYMPTOTIC MODAL OBSERVER
132789,LAG SYSTEMS
132790,OP-AMP REALIZATION
132791,CHUA CIRCUIT
132792,OSCILLATOR
132793,ALL-PASS NETWORKS
132794,PLUS-TYPE CCIIS
132795,2 CURRENT CONVEYORS
132796,BANDPASS
132797,LOWPASS
132798,FOLLOWER
132799,FAN
132800,ADAPTIVE SUBCARRIER
132801,POWER ALLOCATION
132802,BIT
132803,SPECTRAL SUBTRACTION
132804,NONNEGATIVE GARROTE
132805,GROUNDED PASSIVE COMPONENTS
132806,OUTPUT CURRENT CONVEYORS
132807,ACTIVE-ONLY BIQUAD
132808,DIFFIE-HELLMAN
132809,SPREAD-SPECTRUM WATERMARKING
132810,INVISIBLE-ROBUST
132811,POSITIONING SYSTEM APS
132812,MICROSENSOR NETWORKS
132813,CLUSTERED MICROCALCIFICATIONS
132814,SMALL OBJECTS
132815,CLUTTER
132816,BIVARIATE DISTRIBUTIONS
132817,QUALITY ASSESSMENT
132818,ACCOUNTABILITY
132819,ORTHONORMAL BASES
132820,SECURITY ENHANCEMENT
132821,CLUSTERING-ALGORITHM
132822,DETECTION SYSTEM
132823,DATA-COLLECTION
132824,DEVICE INTEGRATION
132825,COLOR CORRECTION
132826,MODULATED SIGNALS
132827,CONTRACT
132828,MOBILE SOCIAL NETWORKS
132829,SMART CARD
132830,WHOLE HUMAN-BLOOD
132831,CONSTITUTIVE EQUATION
132832,CONSTRICTED CHANNEL
132833,PIPE-FLOW
132834,REYNOLDS-NUMBER
132835,STRESS MODEL
132836,SOURCE TERMS
132837,LOW-REYNOLDS-NUMBER
132838,CONFINED SWIRLING FLOW
132839,VORTEX BREAKDOWN
132840,CYLINDRICAL CAVITIES
132841,SPECTRAL ALGORITHM
132842,GEOMETRIES
132843,CHANNEL FLOW
132844,CAHN-HILLIARD EQUATION
132845,WELL-BALANCED SCHEME
132846,CONSERVATION-LAWS
132847,SEQUEL
132848,UNSTRUCTURED DYNAMIC MESHES
132849,GEOMETRIC CONSERVATION LAW
132850,FLOW COMPUTATIONS
132851,TIME INTEGRATION
132852,FLUX-SPLITTING METHODS
132853,2-PHASE FLOW MODELS
132854,DIFFERENCE-SCHEMES
132855,MULTIMATERIAL FLOWS
132856,RIEMANN SOLVERS
132857,LAWS
132858,SUBGRID-SCALE MODEL
132859,WAVY SURFACES
132860,HEART-VALVES
132861,DIRECT NUMERICAL-SIMULATION
132862,NONMATCHING BLOCKS
132863,STEP METHOD
132864,PARTITIONED PROCEDURES
132865,TRANSIENT SOLUTION
132866,RAYLEIGH-BENARD CONVECTION
132867,SQUARE CAVITY
132868,GAS AUTOMATA
132869,BGK MODELS
132870,AIR
132871,ESSENTIALLY NONOSCILLATORY SCHEMES
132872,SHOCK-CAPTURING SCHEMES
132873,HIGH-ORDER
132874,ONE-DIMENSIONAL SYSTEMS
132875,GHOST FLUID METHOD
132876,CONDITION CAPTURING METHOD
132877,HAMILTON-JACOBI EQUATIONS
132878,WEIGHTED ENO SCHEMES
132879,2-PHASE FLOWS
132880,FREE-SURFACE
132881,IRREGULAR DOMAINS
132882,NUMERICAL DISSIPATION
132883,SURFACE COMBATANT
132884,ROTATING CIRCULAR-CYLINDER
132885,REYNOLDS-NUMBERS
132886,INTERFACE METHOD
132887,UNIFORM-FLOW
132888,HARMONIC MAPS
132889,INCOMPRESSIBLE-FLOW COMPUTATIONS
132890,SPACE-TIME PROCEDURE
132891,GEOMETRIC CONSERVATION
132892,PARACHUTE
132893,EMPHASIS
132894,LARGE-EDDY SIMULATIONS
132895,COORDINATE TRANSFORMATION
132896,SOLAR CONVECTION
132897,ANELASTIC MODEL
132898,MESH ADAPTIVITY
132899,GRID ADAPTIVITY
132900,BOUNDARY-LAYERS
132901,MPDATA
132902,FINITE-DIFFERENCE
132903,PARABOLIC BODIES
132904,LAMINAR-FLOW
132905,RECEPTIVITY
132906,FREE-SURFACE FLOWS
132907,FINITE-DIFFERENCE SIMULATION
132908,TRANSIENT CREEP FLOWS
132909,IN-CELL CALCULATIONS
132910,OF-FLUID METHOD
132911,FRONT-TRACKING
132912,VOF METHOD
132913,INTERFACE TRACKING
132914,IMPELLER
132915,VOLUTE
132916,DIFFUSION-WAVE TREATMENT
132917,FINITE-VOLUME ALGORITHM
132918,GODUNOV-TYPE SCHEME
132919,WATER EQUATIONS
132920,NUMERICAL-MODEL
132921,FLUX GRADIENTS
132922,DAM-BREAK
132923,FINITE-VOLUME SCHEMES
132924,UNSTRUCTURED MESHES
132925,TURBULENT CHANNEL FLOW
132926,CIRCULAR-CYLINDER
132927,SEPARATED FLOWS
132928,WALL MODELS
132929,CONSTRICTIONS
132930,LES
132931,DNS
132932,DISCONTINUOUS GALERKIN SCHEMES
132933,SHALLOW-WATER SYSTEMS
132934,HIGH-ORDER EXTENSIONS
132935,DYNAMIC GRID MOTION
132936,RIEMANN SOLVER
132937,BALANCE LAWS
132938,TURBULENT INFLOW CONDITIONS
132939,SUBGRID-SCALE MODELS
132940,VELOCITY-FIELD
132941,VORTEX METHOD
132942,TURBULENCE MODELS
132943,PITCHING AIRFOIL
132944,SIMULATION MONTE-CARLO
132945,NONLINEAR HYPERBOLIC SYSTEMS
132946,SOUND GENERATION
132947,MIXING LAYER
132948,SATURATED POROUS-MEDIUM
132949,SHRINKING SHEET
132950,PERMEABLE SURFACE
132951,MIXED CONVECTION
132952,VERTICAL SURFACE
132953,FLAT-PLATE
132954,SUCTION
132955,FREE-CONVECTION FLOW
132956,CLOSED-LOOP RESERVOIR
132957,OPTIMAL INJECTION POLICIES
132958,ENHANCED OIL-RECOVERY
132959,WATERFLOOD MANAGEMENT
132960,SMART WELLS
132961,EXPLICIT SERIES SOLUTION
132962,NON-NEWTONIAN FLUIDS
132963,UNSTEADY MHD FLOW
132964,UNIFORM SUCTION
132965,VISCOUS-FLOW
132966,2ND-GRADE FLUID
132967,LAMINAR
132968,DENSITY RATIO
132969,FLUIDS
132970,MICROCHANNELS
132971,IMPINGEMENT
132972,DETACHED-EDDY SIMULATION
132973,MOMENTUM INTERPOLATION METHOD
132974,FREE-BOUNDARY PROBLEMS
132975,LEVEL SET METHODS
132976,CONSERVATION LAW
132977,PURE WATER
132978,GAS BUBBLE
132979,STAGNATION POINT FLOW
132980,ATMOSPHERIC BOUNDARY-LAYER
132981,POLLUTANT DISPERSION
132982,BLUFF-BODIES
132983,WALLS
132984,MHD NATURAL-CONVECTION
132985,CU-WATER NANOFLUID
132986,ENTROPY GENERATION
132987,ROTATING SYSTEM
132988,ANNULUS
132989,UNSTEADY CAVITATION
132990,TWISTED HYDROFOIL
132991,HEAT-TRANSFER CHARACTERISTICS
132992,SQUARE ENCLOSURE
132993,HORIZONTAL TUBE
132994,CYLINDER
132995,SERIES SOLUTION
132996,WEDGE FLOW
132997,NANOFLUIDS
132998,POWER-LAW FLUID
132999,MAGNETOHYDRODYNAMIC FLOW
133000,NANOFLUID
133001,2ND-GRADE
133002,DRIVEN BUOYANCY CONVECTION
133003,THERMAL-INSTABILITY
133004,VISCOSITY VARIATION
133005,VERTICAL PLATE
133006,PROPER-ORTHOGONAL-DECOMPOSITION
133007,POD-BASED INTERPOLATION
133008,FORCED-CONVECTION
133009,2-DIMENSIONAL FLOW
133010,PARALLEL WALLS
133011,DOWNSTREAM
133012,RAYLEIGH-TAYLOR INSTABILITY
133013,INCOMPRESSIBLE SPH METHOD
133014,KELVIN-HELMHOLTZ INSTABILITIES
133015,VELOCITY IMPACT COMPUTATIONS
133016,ANGULAR-MOMENTUM PROBLEM
133017,IMMERSED BOUNDARY METHOD
133018,BOUSSINESQ EQUATIONS
133019,SOLITARY-WAVE
133020,OPENFOAM(R)
133021,BOLTZMANN-EQUATION
133022,RAREFIED FLOWS
133023,SOLID BOUNDARY
133024,COMPRESSIBLE LIQUID
133025,TRANSIENT CAVITIES
133026,RIGID BOUNDARY
133027,SINGLE BUBBLE
133028,CUBED-SPHERE
133029,CONTINUUM-MECHANICS
133030,WAVE GENERATION
133031,TRACKING METHOD
133032,FINITE-ELEMENT COMPUTATION
133033,PETROV-GALERKIN FORMULATIONS
133034,FLAPPING-WING AERODYNAMICS
133035,INVISCID SUPERSONIC FLOWS
133036,V-SGS STABILIZATION
133037,INCOMPRESSIBLE FLOWS
133038,COMPRESSIBLE FLOWS
133039,HIGH REYNOLDS-NUMBERS
133040,PARTICLE-TRANSPORT
133041,VENTILATED ROOMS
133042,NONLINEAR RANS
133043,ARTIFICIAL-HEART CONTROL
133044,BLOOD-FLOW VELOCITY
133045,CHAIN MONTE-CARLO
133046,SUBSELECTIVE MEASUREMENT
133047,NONINVASIVE ESTIMATION
133048,SYSTOLIC PRESSURE
133049,AMERICAN-SOCIETY
133050,KAWASAKI-DISEASE
133051,POWER-LAW FLUIDS
133052,BINGHAM PLASTIC FLUIDS
133053,HEAT-TRANSFER COEFFICIENT
133054,RECTANGULAR ENCLOSURES
133055,SIDE WALLS
133056,KINETIC SCHEME
133057,NUMERICAL ERRORS
133058,TURBULENT COMBUSTION
133059,FUYO-1 SAR DATA
133060,MULTIVARIATE CLASSIFICATION
133061,VEGETATION DISCRIMINATION
133062,TEXTURAL CLASSIFICATION
133063,SENSED IMAGES
133064,SEMIVARIOGRAM
133065,VARIOGRAM
133066,LAND
133067,CLASSIFIER STC
133068,VARIOGRAMS
133069,FUZZY MEMBERSHIP
133070,QUANTITATIVE TEXTURAL ANALYSIS
133071,BULK-DENSITY
133072,GARNET
133073,CORES
133074,DISEQUILIBRIUM
133075,DIGITAL ELEVATION MODELS
133076,DRAINAGE-BASIN EVOLUTION
133077,LANDSCAPE MORPHOLOGY
133078,DELINEATION
133079,HILLSLOPES
133080,FINE-GRAINED SEDIMENTS
133081,PARTICLE SETTLING VELOCITY
133082,BOUNDARY-LAYER DYNAMICS
133083,COMBINED WAVES
133084,BED ROUGHNESS
133085,FIELD OBSERVATIONS
133086,RIPPLE GEOMETRY
133087,SAND TRANSPORT
133088,TIDAL CURRENTS
133089,BREAKING WAVES
133090,SYSTEMATIC-ERRORS
133091,ABSOLUTE AGES
133092,INTERCALIBRATION
133093,GEOCHRONOLOGY
133094,WATER SOLUBILITY
133095,MELTS
133096,H2O
133097,SPECIATION
133098,KILOBARS
133099,STRIKE-SLIP-FAULT
133100,POSTSEISMIC SUBSURFACE DISPLACEMENTS
133101,RECTANGULAR DIPPING FAULT
133102,HALF-SPACE
133103,GRAVITY CHANGES
133104,EARTH MODEL
133105,SPHERICAL EARTH
133106,THRUST-FAULT
133107,GRAVITATIONAL DEFORMATION
133108,INTERNAL DISLOCATIONS
133109,IRON-TITANIUM-OXIDES
133110,SOFTWARE PACKAGE
133111,OXYGEN FUGACITY
133112,PASCAL PROGRAM
133113,BIOTITE
133114,ROCKS
133115,THERMOMETRY
133116,MULTICOMPONENT
133117,HELIUM DIFFUSION
133118,(U-TH)/HE AGES
133119,SIERRA-NEVADA
133120,APATITE
133121,THERMOCHRONOMETRY
133122,CALIFORNIA
133123,LAND DATA SET
133124,VEGETATION INDEX
133125,AVHRR
133126,IDAHO
133127,DETRITAL ZIRCON PROVENANCE
133128,U-PB GEOCHRONOLOGY
133129,BELT SUPERGROUP
133130,AGES
133131,CANADA
133132,MICROPROBE
133133,ESTIMATOR
133134,GRAVIMETERS
133135,ARMA MODELS
133136,SUBSURFACE FLOW SYSTEMS
133137,WATER-ROCK INTERACTION
133138,HYDROTHERMAL SYSTEMS
133139,MODEL DEVELOPMENT
133140,FRACTURED ROCKS
133141,YUCCA MOUNTAIN
133142,DISPOSAL
133143,GRID SIZE
133144,RADAR TOPOGRAPHY MISSION
133145,DIGITAL ELEVATION MODEL
133146,GEOSTATISTICAL METHODS
133147,SWISS GLACIER INVENTORY
133148,ELEVATION CHANGES
133149,SATELLITE DATA
133150,ASTER DATA
133151,IMAGE DATA
133152,AIRBORNE
133153,GEOGRAPHIC INFORMATION
133154,GLACIAL-ISOSTATIC-ADJUSTMENT
133155,DEEP MANTLE VISCOSITY
133156,EARTH
133157,RELAXATION
133158,ICE-3G
133159,OCEANS
133160,CONTINENTAL-SHELF
133161,COASTAL WATERS
133162,ELEVATION
133163,MULTICRITERIA EVALUATION
133164,SUITABILITY ANALYSIS
133165,MANTLE ANISOTROPY BENEATH
133166,SEISMIC ANISOTROPY
133167,SUBDUCTION ZONE
133168,STATIONS
133169,GEOSCOPE
133170,SKS
133171,STATISTICAL-MODELS
133172,REGION TURKEY
133173,HAZARD
133174,BASIN
133175,SLOPE
133176,MERCURY POROSIMETRY
133177,TEXTURAL CHARACTERIZATION
133178,METHANE RESERVOIRS
133179,QINSHUI BASIN
133180,SURFACE-AREA
133181,BED METHANE
133182,ADSORPTION
133183,FLUIDIZED GRANULAR MASSES
133184,DEBRIS FLOWS
133185,3-DIMENSIONAL TERRAIN
133186,RAPID LANDSLIDES
133187,RUNOUT
133188,ENTRAINMENT
133189,PORE NETWORK MODEL
133190,TOPOLOGICAL CHARACTERIZATION
133191,BLACK-SEA REGION
133192,HAZARD ZONATION
133193,HIMALAYAS
133194,VALLEY
133195,JAPAN
133196,TRACE LENGTH MEASUREMENTS
133197,ROCK MASS
133198,FLUCTUATIONS
133199,CONDITIONAL-PROBABILITY
133200,DARJEELING HIMALAYAS
133201,FREQUENCY RATIO
133202,MALAYSIA
133203,LAKE COEUR-DALENE
133204,GEOCHEMICAL TRANSPORT
133205,MULTIREGION MODEL
133206,BRINE PILOT
133207,CO2 STORAGE
133208,USA
133209,PARTITIONED SOLUTION PROCEDURE
133210,FRACTURED ROCK PERMEABILITY
133211,DRIFT SCALE TEST
133212,GEOTHERMAL-FIELD
133213,CO2
133214,GEYSERS
133215,SPATIAL PREDICTION MODELS
133216,KOREA
133217,COLONY ABC ALGORITHM
133218,EVOLUTION ALGORITHM
133219,CONVERSION
133220,WEIGHTED JOINT DENSITY
133221,NW TURKEY
133222,SAMPLING STRATEGIES
133223,CATCHMENT-AREA
133224,HOA BINH PROVINCE
133225,VIETNAM
133226,DISCRETIZED BOLTZMANN-EQUATION
133227,FINITE-ELEMENT SIMULATIONS
133228,LATTICE-BOLTZMANN
133229,POROUS MATERIALS
133230,FONTAINEBLEAU SANDSTONE
133231,PARTICULATE SUSPENSIONS
133232,WAVE VELOCITIES
133233,SANDSTONES
133234,PORE
133235,GEOSCIENCES
133236,LAND-COVER CLASSIFICATION
133237,BROKEN-HILL BLOCK
133238,IMAGE CLASSIFICATION
133239,AIRBORNE GEOPHYSICS
133240,WILLYAMA SUPERGROUP
133241,3-DIMENSIONAL MAGNETOTELLURIC INVERSION
133242,VARIATIONAL STATISTICAL-ANALYSIS
133243,CONJUGATE-GRADIENT INVERSION
133244,RECURSIVE FILTERS
133245,NUMERICAL ASPECTS
133246,MULTIFREQUENCY
133247,INTERNATIONAL-MINERALOGICAL-ASSOCIATION
133248,CRYSTAL-CHEMISTRY
133249,CLINOHOLMQUISTITE
133250,LITHIUM
133251,GEOGRAPHICAL INFORMATION-SYSTEMS
133252,ANALYTICAL HIERARCHY PROCESS
133253,URMIA LAKE BASIN
133254,AHP
133255,LANDFILL
133256,ROCK GLACIER
133257,SPECIES DISTRIBUTION
133258,WESTERN COLORADO
133259,HYBRID MORTAR METHOD
133260,SAFETY ASSESSMENT
133261,SOLVING FLOW
133262,SEDIMENT GEOCHEMICAL DATA
133263,PORPHYRY COPPER-DEPOSIT
133264,EXPECTED VALUE
133265,STREAM SEDIMENTS
133266,YUNNAN-PROVINCE
133267,RESOURCE ASSESSMENT
133268,FLOATING-POINT
133269,MAPPING SINGULARITIES
133270,GOLD DEPOSITS
133271,VMS DEPOSITS
133272,COPPER-GOLD
133273,BELT
133274,GEOMAGNETIC SECULAR VARIATION
133275,OROCLINE HYPOTHESIS
133276,POLAR WANDER
133277,PALEOGEOGRAPHY
133278,RANDOM NOISE ATTENUATION
133279,SEISMIC DATA
133280,SHAPING REGULARIZATION
133281,SEISLET TRANSFORM
133282,VIBROSEIS DATA
133283,SINGULAR SPECTRUM ANALYSIS
133284,DATA INTERPOLATION
133285,TRACE INTERPOLATION
133286,MODEL FORMULATIONS
133287,FLUIDIZED-BEDS
133288,MFIX
133289,DISSOLUTION-INDUCED CHANGES
133290,PORE-SCALE
133291,REACTION-RATES
133292,ICE-SHEET
133293,ELEVATION CHANGE
133294,SATELLITE RADAR
133295,ALTIMETRY
133296,SEDIMENT-TRANSPORT
133297,AQUATIC VEGETATION
133298,STORM-SURGE
133299,ATTENUATION
133300,GSI
133301,RETENTION SERVICE
133302,CATCHMENT
133303,LANDSCAPE
133304,HILLSLOPE
133305,(DIS)CONNECTIVITY
133306,CASCADES
133307,EMPIRICAL-MODE DECOMPOSITION
133308,WAVE-FORM INVERSION
133309,VELOCITY ANALYSIS
133310,DEPTH MIGRATION
133311,INUNDATION
133312,INTERFERENCE DETECTION
133313,CONVEX POLYHEDRA
133314,ATTRACTORS
133315,CAMERA CALIBRATION
133316,OCCLUSION
133317,MOSAICS
133318,LINE-DRAWINGS
133319,3-DIMENSIONAL OBJECTS
133320,FACES
133321,ISOSURFACE GENERATION
133322,VOLUME VISUALIZATION
133323,CONSTRUCTING ISOSURFACES
133324,SURFACE EXTRACTION
133325,SPAN-SPACE
133326,POLYGONIZATION
133327,VIDEO COMPLETION
133328,COMBINING MULTIPLE CLASSIFIERS
133329,DYNAMIC-RANGE
133330,CHROMA
133331,QUALITY TEXTURE RECONSTRUCTION
133332,DUST
133333,SCRATCHES
133334,HAND-DRAWN SKETCHES
133335,FREEHAND SKETCHES
133336,NODAL SETS
133337,ARBITRARY GENUS
133338,EIGENFUNCTIONS
133339,VISUALIZATION SKILLS
133340,SET SURFACES
133341,SHAPE INTERPOLATION
133342,DESIGN AUTOMATION
133343,COMPUTER-GRAPHICS
133344,SCIENTIFIC VISUALIZATION
133345,UNIVARIATE
133346,RAINBOW
133347,TABLE-TENNIS SIMULATION
133348,CATCHING FLY BALLS
133349,HANDBALL THROWER
133350,CONTEXTUAL INTERFERENCE
133351,STEREOSCOPIC DISPLAYS
133352,PERCEIVED DEPTH
133353,AIMING MOVEMENT
133354,FOCUS CUES
133355,RECEPTIVE-FIELDS
133356,REVEAL
133357,STREAM SURFACES
133358,ADVECTION
133359,FITTS LAW
133360,OCCLUSION MANAGEMENT
133361,MULTIMODAL FEEDBACK
133362,HIGH-DYNAMIC-RANGE
133363,WIDE COLOR GAMUT
133364,BINOCULAR DISPARITY
133365,MOTION PARALLAX
133366,UNSHARP MASKING
133367,STEREO DEPTH
133368,REFRESH-RATE
133369,3-D FACE
133370,BIT ALLOCATION
133371,PROGRESSIVE COMPRESSION
133372,MOBILE APPLICATION
133373,MESH COMPRESSION
133374,2ND LIFE
133375,LASER-SCANNING DATA
133376,LIDAR POINT CLOUDS
133377,CONTEXTUAL CLASSIFICATION
133378,AERIAL LIDAR
133379,VARIATIONAL SHAPE APPROXIMATION
133380,CONSTRAINED MESHES
133381,MASONRY BUILDINGS
133382,PATCHES
133383,RATIONALIZATION
133384,CYCLIDES
133385,CIRCLES
133386,COMPUTING DIRICHLET TESSELLATIONS
133387,EXPECTED TIME
133388,INSERTION
133389,BLUE-NOISE
133390,WANG TILES
133391,VISCOUS FLUIDS
133392,REFLECTIVE SYMMETRY
133393,PULMONARY NODULES
133394,RESONANCE BRAIN IMAGES
133395,CONNECTEDNESS
133396,PRIOR KNOWLEDGE
133397,QRS
133398,CELLULAR-AUTOMATON
133399,BIOMEDICAL SIGNALS
133400,PATIENT RECORD SYSTEM
133401,ELBOW
133402,HEARTBEAT
133403,MORPHOMETRIC ANALYSIS
133404,EPILEPSY
133405,ATLAS
133406,VELOCITY WAVE-FORMS
133407,PULSED DOPPLER DATA
133408,SONOGRAM OUTPUTS
133409,BINARY
133410,MONTE-CARLO METHOD
133411,HEAT-CONDUCTION
133412,AR SPECTRAL-ANALYSIS
133413,NEURAL-NETWORK ANALYSIS
133414,SPECTRAL ESTIMATION
133415,HEMODIALYSIS
133416,THORACIC ELECTRICAL BIOIMPEDANCE
133417,STROKE VOLUME
133418,IMPEDANCE CARDIOGRAPHY
133419,VOLUME-COMPENSATION METHOD
133420,NON-INVASIVE MEASUREMENT
133421,ARTERIAL-PRESSURE
133422,AUTONOMIC FUNCTION
133423,HUMAN FINGERS
133424,FINAPRES
133425,INSTRUMENT
133426,PENAZ
133427,MAGNETIC-RESONANCE
133428,EEG-SIGNALS
133429,AUTOMATIC DETECTION
133430,ALERTNESS LEVEL
133431,EYE-MOVEMENT
133432,NEUROPSYCHOPHARMACOLOGY
133433,QUANTITATIVE FOLLOW-UP
133434,FUZZY-CONNECTEDNESS
133435,COAGULATION
133436,CARTILAGE
133437,MIXTURE SPEAKER MODELS
133438,BREATH SOUNDS
133439,LUNG SOUNDS
133440,PULSE TRANSIT-TIME
133441,AGE-RELATED-CHANGES
133442,ARTERIAL PULSE
133443,EARS
133444,TOES
133445,FINGERS
133446,THUMBS
133447,MUSCULOSKELETAL MODEL
133448,ACTIVATION PATTERNS
133449,ISOMETRIC TASKS
133450,NERVE HEAD
133451,VESSELS
133452,MASS CLASSIFICATION
133453,MUTUAL INFORMATION ANALYSIS
133454,PARTIAL DIRECTED COHERENCE
133455,LINEAR-DEPENDENCE
133456,ELUSIVE CONCEPT
133457,EEG DATA
133458,MAMMOGRAMS
133459,POSITIVE LYAPUNOV EXPONENT
133460,APNEA
133461,CURVELET
133462,UNIT ACTION-POTENTIALS
133463,COLOR FUNDUS PHOTOGRAPHS
133464,RETINAL IMAGE-ANALYSIS
133465,COTTON-WOOL SPOTS
133466,MACULAR EDEMA
133467,MATHEMATICAL MORPHOLOGY
133468,EMPIRICAL MODE DECOMPOSITION
133469,HILBERT-HUANG TRANSFORM
133470,TIME-SERIES ANALYSIS
133471,SEIZURE DETECTION
133472,THRESHOLD-VALUE-R
133473,RATE DYNAMICS
133474,IRREGULARITY
133475,CELL LUNG-CANCER
133476,STANDARDIZED UPTAKE VALUE
133477,GROSS TUMOR VOLUME
133478,DYNAMIC PET IMAGES
133479,GAUSSIAN MIXTURE MODEL
133480,GRADIENT-BASED METHOD
133481,TO-BACKGROUND RATIO
133482,F-18-FDG PET
133483,FDG-PET
133484,CT IMAGES
133485,ECG BEAT CLASSIFICATION
133486,HIGHER-ORDER STATISTICS
133487,STRUCTURAL SYSTEM-IDENTIFICATION
133488,PLAQUE TISSUE CHARACTERIZATION
133489,LINEAR DISCRIMINANT-ANALYSIS
133490,DISCRETE WAVELET TRANSFORM
133491,MICRORNA
133492,COLOR FUNDUS IMAGES
133493,CONTRAST-ENHANCED MRI
133494,MAGNETIC-RESONANCE-SPECTROSCOPY
133495,PROBABILISTIC BOOSTING-TREE
133496,DIFFUSION-WEIGHTED MRI
133497,PERIPHERAL ZONE
133498,MULTIPARAMETRIC MRI
133499,3 TESLA
133500,RHYTHM
133501,STROKE
133502,ECG
133503,ACCELEROMETER
133504,RECALLS
133505,CONVERGENCE INDEX FILTER
133506,RETINAL BLOOD-VESSELS
133507,CUP SEGMENTATION
133508,MAGNETOHYDRODYNAMIC 3-DIMENSIONAL FLOW
133509,STRETCHING SURFACE
133510,DIFFERENT BREATHING CONDITIONS
133511,AEROSOL DEPOSITION
133512,INSPIRATORY FLOW
133513,MOUTH-THROAT
133514,ORAL AIRWAY
133515,QUANTITATIVE TISSUE CHARACTERIZATION
133516,INTEGRATED INDEX
133517,RADON-TRANSFORM
133518,MORTALITY
133519,GAUSSIAN MIXTURE-MODELS
133520,WAVELET COEFFICIENTS
133521,PULMONARY SOUNDS
133522,HEART SOUNDS
133523,PCA
133524,OPTIC-NERVE DAMAGE
133525,AUTOMATED DIAGNOSIS
133526,GLOBAL DATA
133527,BIREFRINGENCE
133528,VOXEL-BASED MORPHOMETRY
133529,DIFFEOMORPHIC ANATOMIC REGISTRATION
133530,DIMENSIONAL PATTERN-CLASSIFICATION
133531,EXPONENTIATED LIE-ALGEBRA
133532,MACHINE LEARNING-METHODS
133533,DIFFUSION TENSOR IMAGES
133534,MRI DATA
133535,SPECT
133536,CARDIAC-ARRHYTHMIAS
133537,ECG CLASSIFICATION
133538,INVENTORY MODEL
133539,TARDINESS PENALTIES
133540,JOB-SHOP
133541,PRECEDENCE CONSTRAINTS
133542,PROPORTIONAL WEIGHTS
133543,EARLINESS
133544,DATES
133545,LIFE-CYCLE COST
133546,ELECTROMECHANICAL PRODUCTS
133547,PRODUCTION FLOW-ANALYSIS
133548,GROUP TECHNOLOGY PROBLEM
133549,PART-FAMILIES
133550,UNCERTAIN ENVIRONMENT
133551,ONE-PERIOD
133552,TRANSPORTATION
133553,RELOCATION
133554,FACILITY LOCATION PROBLEM
133555,HYBRID SIMULATION
133556,HIERARCHY PROCESS
133557,DESIGN REQUIREMENTS
133558,CUSTOMER
133559,QFD
133560,HOUSE
133561,HYBRID EVOLUTIONARY METHOD
133562,MULTISOURCE WEBER PROBLEM
133563,POSTPONEMENT
133564,MULTIPLE OBJECTIVES
133565,MACHINE-CELLS
133566,SIMILARITY COEFFICIENT
133567,GROUPING EFFICIENCY
133568,LIFE-CYCLE
133569,PRODUCT RECOVERY
133570,SUSTAINABILITY
133571,MULTIPASS TURNING OPERATIONS
133572,TO-NOISE RATIOS
133573,PERFORMANCE CRITERIA
133574,MACHINING OPERATIONS
133575,PARAMETER SELECTION
133576,TAGUCHI METHOD
133577,PROCESS MODEL
133578,SHIFTING BOTTLENECK
133579,STRATEGIC MANAGEMENT
133580,SMES
133581,SET COVERING PROBLEMS
133582,HEURISTIC METHODS
133583,MCDM
133584,DATA ENVELOPMENT ANALYSIS
133585,LAYOUT DESIGN PROBLEM
133586,SCHEDULING PROBLEMS
133587,SHOP SEQUENCING PROBLEM
133588,TABU SEARCH ALGORITHM
133589,FLOWTIME MINIMIZATION
133590,N-JOB
133591,C-I
133592,MAKESPAN
133593,SUPPLY-CHAIN MANAGEMENT
133594,NETWORK APPROACH
133595,TIME WINDOWS
133596,DELIVERY PROBLEM
133597,HEURISTIC ALGORITHMS
133598,TRAFFIC INFORMATION
133599,CONGESTION
133600,CORN STOVER
133601,ETHANOL
133602,COSTS
133603,NO-WAIT FLOWSHOP
133604,IMPROVED APPROXIMATION ALGORITHM
133605,LINEAR DETERIORATING JOBS
133606,2 PARALLEL MACHINES
133607,WORST-CASE ANALYSIS
133608,2-MACHINE FLOWSHOP
133609,COMPLETION TIMES
133610,MAKESPAN MINIMIZATION
133611,WEIGHTED SUM
133612,OWA OPERATOR WEIGHTS
133613,QUANTIFIERS
133614,TRAVEL-TIMES
133615,WINDOWS
133616,CONTAINERS
133617,SPEEDS
133618,GENERALIZED OWA OPERATOR
133619,LINGUISTIC INFORMATION
133620,SUPPLY CHAIN MANAGEMENT
133621,MEASUREMENT SYSTEM-DESIGN
133622,MEDIUM-SIZED ENTERPRISES
133623,RESEARCH AGENDA
133624,WEIGHTED GEOMETRIC OPERATORS
133625,REPRESENTATION MODEL
133626,ERP SYSTEM
133627,MANAGING PRODUCT RETURNS
133628,RESOURCE RECOVERY
133629,INVENTORY CONTROL
133630,NEWSBOY PROBLEM
133631,NETWORK DESIGN
133632,IMPERFECT PREVENTIVE MAINTENANCE
133633,OPTIMAL REPLACEMENT POLICY
133634,ROLLING ELEMENT BEARINGS
133635,CONDITION MONITORING TECHNIQUES
133636,PROPORTIONAL HAZARDS MODEL
133637,REPAIR-COST LIMIT
133638,PREDICTIVE MAINTENANCE
133639,MINIMAL REPAIR
133640,DETERIORATING SYSTEM
133641,DISTANCE CONSTRAINTS
133642,OBNOXIOUS FACILITY
133643,SERVICE FACILITIES
133644,HEURISTIC SOLUTION
133645,COVERAGE MODELS
133646,LOCAL-SEARCH
133647,DEMAND-DEPENDENT SETUP
133648,ALLOCATION PROBLEM
133649,STOCHASTIC DEMANDS
133650,WAREHOUSE LOCATION
133651,SERVICE FACILITY
133652,SUPPLY CHAINS
133653,NETWORK DESIGN PROBLEM
133654,MEDIAN PROBLEM
133655,UNCAPACITATED SINGLE
133656,SPOKE NETWORK
133657,CUT ALGORITHM
133658,TABU-SEARCH
133659,AIR TRANSPORTATION
133660,SYSTEM-RELIABILITY
133661,FUZZY RELIABILITY
133662,POSSIBILITY CONTEXT
133663,SERIES SYSTEMS
133664,APPORTIONMENT
133665,METAHEURISTIC ALGORITHM
133666,LIFE-CYCLE ASSESSMENT
133667,SOCIAL-RESPONSIBILITY
133668,LEAN PRODUCTION
133669,INDICATORS
133670,ENTERPRISES
133671,RISK-MANAGEMENT FRAMEWORK
133672,INCENTIVES
133673,SEISMIC RESILIENCE
133674,DISRUPTIONS
133675,HYBRID GENETIC ALGORITHM
133676,CAPACITATED VRP
133677,QUALITY FUNCTION DEPLOYMENT
133678,LINGUISTIC REPRESENTATION MODEL
133679,VENDOR SELECTION
133680,AHP APPROACH
133681,SUPPLIER SELECTION
133682,INFORMATION MEASURES
133683,SIMILARITY MEASURE
133684,ANALYTIC NETWORK PROCESS
133685,ENVIRONMENTAL PERFORMANCE
133686,SELECTION CRITERIA
133687,ITERATED LOCAL SEARCH
133688,SOFT TIME WINDOWS
133689,STOCHASTIC TRAVEL-TIMES
133690,PREDEFINED CUSTOMER SEQUENCE
133691,MULTI-DEPOT
133692,HETEROGENEOUS FLEET
133693,LOGISTICS
133694,IDEAS
133695,3RD-PARTY LOGISTICS
133696,CLOUD MODEL
133697,ACCURACY FUNCTION
133698,AUTHOR
133699,BOTTOM-LINE APPROACH
133700,MULTI CRITERIA APPROACH
133701,ENVIRONMENTAL CRITERIA
133702,DEMAND
133703,REGULATIONS
133704,PREDICTIVE ANALYTICS
133705,DATA SCIENCE
133706,PARAMETER REDUCTION
133707,REGRET THEORY
133708,MABAC
133709,LINGUISTIC PREFERENCE RELATIONS
133710,E-DEMOCRACY
133711,COMPATIBILITY
133712,OPINIONS
133713,PRIORITY
133714,COWGA
133715,MULTICRITERIA DECISION
133716,RESUBSTITUTION
133717,EXTENDED ENTERPRISE
133718,INTERNAL CUSTOMERS
133719,INFORMATION-SYSTEM
133720,SUPPLY CHAIN
133721,PDM
133722,JOB SHOPS
133723,SITE SELECTION
133724,AXIOMATIC DESIGN
133725,EXTENT ANALYSIS METHOD
133726,AIRFOIL
133727,FLUTTER
133728,EVENT-BASED DATA
133729,LOGS
133730,MANUFACTURE
133731,BALANCED SCORECARD
133732,LINKING
133733,MANUFACTURING FIRMS
133734,WEB-ERP
133735,PLANNING SYSTEM
133736,ENTERPRISE
133737,CONTROL-SYSTEMS
133738,REVERSE LOGISTICS
133739,REMANUFACTURE
133740,IMPORTANCE WEIGHTS
133741,MAJORITY
133742,ERP IMPLEMENTATION
133743,SYSTEMS IMPLEMENTATION
133744,CANADIAN ORGANIZATIONS
133745,CRITICAL-ISSUES
133746,LIFE-CYCLE INFORMATION
133747,MOBILE DEVICES
133748,NUMERICAL OPTIMIZATION
133749,PARAMETER DESIGN
133750,FAULT-DIAGNOSIS SYSTEM
133751,MULTIAGENT ARCHITECTURE
133752,FOOD
133753,CUSTOMIZED APPAREL
133754,PATTERN GENERATION
133755,2-DIMENSIONAL AEROELASTIC SYSTEM
133756,SINGULAR-VALUE DECOMPOSITION
133757,SLIDING-MODE
133758,LOGIC-CONTROLLER
133759,PID CONTROLLER
133760,MOBILE-ROBOT
133761,PROGRAMMING APPROACH
133762,MULTIPLE CRITERIA
133763,MAKING PROCEDURE
133764,GREEN
133765,LOGIC SYSTEMS
133766,HYBRID APPROACH
133767,FRACTAL THEORY
133768,AWARE INFORMATION-SYSTEMS
133769,DYNAMIC CHANGES
133770,PSS
133771,SYNTAX MODIFICATIONS
133772,PROCESS MANAGEMENT
133773,PROCESS DESIGN
133774,REPOSITORIES
133775,SERVICE NETWORK DESIGN
133776,FREIGHT TRANSPORT
133777,PATH ALGORITHM
133778,MANUFACTURING GRID SYSTEM
133779,ONTOLOGY-BASED APPROACH
133780,COLLABORATIVE PRODUCT DEVELOPMENT
133781,CONFIGURATION SYSTEM
133782,DECENTRALIZATION
133783,GREENHOUSE-GAS EMISSIONS
133784,IMPACTS
133785,CRT
133786,AGENT-BASED ARCHITECTURE
133787,METAMORPH
133788,GRAVITATIONAL SEARCH ALGORITHM
133789,REDUCED PARAMETRIC SENSITIVITY
133790,EXTREME LEARNING-MACHINE
133791,TP MODEL TRANSFORMATION
133792,FUZZY-LOGIC CONTROLLERS
133793,PID-CONTROLLERS
133794,SERVO SYSTEMS
133795,NEURAL-NETWORK APPROACH
133796,WAVELET RECONSTRUCTION
133797,OPTICAL INSPECTION
133798,PREVENTIVE SERVICES
133799,QUERY EXPANSION
133800,MANUFACTURING CONTROL
133801,ADACOR
133802,CONCEPTUAL-FRAMEWORK
133803,DYNAMIC CUSTOMER REQUIREMENTS
133804,VALUE CO-CREATION
133805,ROUGH SET
133806,MASS CUSTOMIZATION
133807,BUSINESS MODEL
133808,PLUG
133809,AUTOMATIC CLASSIFICATION
133810,COLOR INDEXES
133811,RESTRICTED BOLTZMANN MACHINE
133812,DISTRESS
133813,OPTIMIZATION MODEL
133814,RESEARCH-AND-DEVELOPMENT
133815,MODEL UNCERTAINTY
133816,ERROR MEASURES
133817,CYCLES
133818,PRIORITY THEORY
133819,SPATIAL OPTIMIZATION
133820,RESERVE SELECTION
133821,PLANNING-MODELS
133822,EXAMPLE
133823,DIVIDEND YIELDS
133824,HETEROSKEDASTICITY
133825,PREMIUMS
133826,MODEL ASSEMBLY LINES
133827,CONTROLLED RANDOM SEARCH
133828,PRICES
133829,SCORING MODELS
133830,CONSTRAINED TRAFFIC EQUILIBRIUM
133831,DISTRIBUTED COMPUTER-SYSTEMS
133832,UPLINK POWER-CONTROL
133833,OPTIMAL FLOW-CONTROL
133834,SUM MARKOV GAMES
133835,S-MODULAR GAMES
133836,NONCOOPERATIVE NETWORKS
133837,POTENTIAL GAMES
133838,BANDWIDTH ALLOCATION
133839,TIME-WINDOW CONSTRAINTS
133840,SELLER GAME MODEL
133841,TOTAL-COST
133842,QUANTITY DISCOUNTS
133843,CHOICE STRATEGIES
133844,OBJECTIVES
133845,FLOWTIME
133846,PLANT LOCATION PROBLEM
133847,MULTIPURPOSE MACHINES
133848,MINIMIZE MAKESPAN
133849,SHOP
133850,MANUFACTURING FLOW-CONTROL
133851,MULTI-INVENTORY SYSTEMS
133852,PREDICTIVE CONTROL
133853,OPTIMAL POLICIES
133854,HIERARCHICAL PRODUCTION
133855,LIMITED CAPACITY
133856,INFINITE-HORIZON
133857,PRODUCTION PLANS
133858,CONTROL STRATEGY
133859,DELIVERY MODES
133860,ATTRIBUTE DECISION-ANALYSIS
133861,FUZZY INFERENCE
133862,MULTIPLE RETAILER SYSTEMS
133863,DIRECT SHIPPING STRATEGY
133864,MULTIPRODUCT DISTRIBUTION
133865,DECOMPOSITION APPROACH
133866,SATELLITE FACILITIES
133867,DISTRIBUTION MODEL
133868,DELIVERY PROBLEMS
133869,CONTINUOUS MOVES
133870,SUPPLY CHAIN NETWORK
133871,LOCATION PROBLEM
133872,DEPENDENT SETUP TIMES
133873,LIMITED INTERMEDIATE BUFFERS
133874,UNRELATED PARALLEL MACHINES
133875,MINIMIZING TOTAL TARDINESS
133876,MULTIPLE PROCESSORS
133877,2-STAGE FLOWSHOP
133878,MULTIPROCESSOR TASKS
133879,TO-RECORD TRAVEL
133880,VALID INEQUALITIES
133881,HYBRID MANUFACTURING/REMANUFACTURING SYSTEMS
133882,STOCHASTIC ITEM RETURNS
133883,POLICY
133884,SURROGATE-CONSTRAINTS ALGORITHM
133885,DEPOT LOCATION
133886,LEVY FLIGHTS
133887,COMBINATORIAL
133888,NEIGHBORHOOD SEARCH
133889,TAGUCHI-GENETIC ALGORITHM
133890,EMERGENCY MANAGEMENT
133891,ANP
133892,EPSILON-CONSTRAINT METHOD
133893,ORIENTEERING PROBLEM
133894,EMERGENCY LOGISTICS MANAGEMENT
133895,MEDICAL SUPPLIES
133896,RELIEF
133897,ARC ROUTING PROBLEM
133898,REFUSE COLLECTION
133899,PROGRAMMING MODEL
133900,LOCATION ANALYSIS
133901,CREW ASSIGNMENTS
133902,CENTRAL PORTUGAL
133903,RANKING SUPPLIERS
133904,BIOGEOGRAPHY-BASED OPTIMIZATION
133905,PREDICTION MODEL
133906,GRAVITY-WAVES
133907,TRAVELING-SALESMAN PROBLEM
133908,LOT-SIZING PROBLEMS
133909,LARGE NEIGHBORHOOD SEARCH
133910,BRANCH-AND-PRICE
133911,INTEGRATED PRODUCTION
133912,COLUMN-GENERATION
133913,POPULATION MANAGEMENT
133914,COMBINED INVENTORY
133915,GREEN LOGISTICS
133916,CLOSED-LOOP
133917,MEASURING ENVIRONMENTAL PERFORMANCE
133918,CO2 EMISSIONS
133919,SLACKS
133920,UNCERTAINTIES
133921,PROVINCES
133922,MULTIOBJECTIVE GENETIC ALGORITHM
133923,IMMUNE
133924,LOGISTICS NETWORK
133925,CENTERS
133926,RAPID-TRANSIT NETWORKS
133927,TERMINAL CONTROL AREA
133928,JUNCTIONS
133929,ROSTERING PROBLEMS
133930,TIMES
133931,NURSES
133932,SEQUENCE-DEPENDENT SETUP
133933,VIKOR METHOD
133934,TAX
133935,CAP
133936,MULTICOMMODITY
133937,OVERLAPPING ARTICULATORY FEATURES
133938,GRAPHICAL STRUCTURES
133939,BELIEF NETWORKS
133940,SUBSEQUENTIAL TRANSDUCERS
133941,SAMPLE-SIZE
133942,FIT
133943,UNITS
133944,SPONTANEOUS SPEECH RECOGNITION
133945,COVARIANCE MATRICES
133946,TRAINABLE SUMMARIZER
133947,NOISY ENVIRONMENTS
133948,BLIND SEPARATION
133949,MASKING
133950,COMMUNICATING EMOTION
133951,CONVERSATIONAL SPEECH
133952,INTONATION
133953,JAPANESE
133954,PROSODY
133955,NORMALIZED AMPLITUDE QUOTIENT
133956,ELECTROGLOTTOGRAPHIC SIGNALS
133957,HIDDEN MARKOV MODEL
133958,SEMANTIC ROLES
133959,JOINT FACTOR-ANALYSIS
133960,TELEPHONE APPLICATIONS
133961,SUPERVECTORS
133962,VOCAL COMMUNICATION
133963,GENDER RECOGNITION
133964,FEIGNED DEPRESSION
133965,LINGUISTIC CUES
133966,VOICE
133967,BREATHY VOCAL QUALITY
133968,DECISION TEMPLATES
133969,FRY
133970,SPECTRAL AMPLITUDE ESTIMATOR
133971,ACTIVITY DETECTION ALGORITHM
133972,NOISE SPECTRUM
133973,PROBABILISTIC MODEL
133974,ROBUST LOCALIZATION
133975,SOURCE DISTANCE
133976,BAND SOURCES
133977,VOCABULARY SPEECH RECOGNITION
133978,HISTOGRAM EQUALIZATION
133979,FEATURE ENHANCEMENT
133980,SPEAKER-ADAPTATION
133981,MAXIMUM-LIKELIHOOD-ESTIMATION
133982,VOICE CONVERSION
133983,VOCAL-TRACT
133984,PARAMETER
133985,SPEAKER VERIFICATION
133986,SPEECH ENHANCEMENT
133987,SOURCE SEPARATION
133988,COMMAND RECOGNITION
133989,FREQUENCY-SELECTIVITY
133990,AMPLITUDE-MODULATION
133991,RECEPTION THRESHOLD
133992,FLUCTUATING NOISE
133993,NORMAL-HEARING
133994,CONDITIONAL MAP CRITERION
133995,ETHICS
133996,WORKPLACE
133997,INFORMATION SECURITY
133998,LOGARITHMS
133999,MILLENNIUM
134000,SERVER PUBLIC-KEYS
134001,ENDEMICITY
134002,HUMAN-COMPUTER INTERACTION
134003,SYSTEMS SECURITY
134004,FOCUS
134005,THREATS
134006,DETECTION FRAMEWORK
134007,INSIDER
134008,CIPHERTEXT
134009,INATTENTIONAL BLINDNESS
134010,PROTECTION MOTIVATION THEORY
134011,AIDED CREDIBILITY ASSESSMENT
134012,POLICY COMPLIANCE
134013,TECHNOLOGY ACCEPTANCE
134014,MANIPULATION THEORY
134015,RISK PERCEPTIONS
134016,DETERRENCE
134017,DIGITAL FORENSIC READINESS
134018,INTRUSION RESPONSE
134019,DATA REMNANTS
134020,COMPUTING ENVIRONMENTS
134021,RISK-MANAGEMENT
134022,CYBER SECURITY
134023,SOCIAL BONDS
134024,FUTURE-DIRECTIONS
134025,CREDIT CARD FRAUD
134026,DATA MINING TECHNIQUES
134027,MANAGEMENT FRAUD
134028,INSURANCE
134029,CLAIMS
134030,MACHINE LEARNING CLASSIFIERS
134031,MULTILABEL CLASSIFICATION
134032,MIXTURES
134033,REVOCATION
134034,INSIDER THREAT PREDICTION
134035,MECHANICALLY COUPLED MATERIAL
134036,LAMINATED COMPOSITE PLATE
134037,VIBRATION CONTROL
134038,SENSOR ACTUATOR
134039,INTELLIGENT STRUCTURES
134040,FLEXIBLE MANIPULATORS
134041,PIEZOCERAMIC SENSORS
134042,SMART STRUCTURES
134043,DYNAMIC ANALYSIS
134044,INCOMPATIBLE MODES
134045,PLATE-THEORY
134046,STRUCTURAL DAMAGE DETECTION
134047,STATIC RESPONSE
134048,MODAL-ANALYSIS
134049,TRANSIENT
134050,ARBITRARILY SHAPED FOUNDATIONS
134051,PARTIALLY EMBEDDED BEAMS
134052,FRAMED STRUCTURES
134053,PLANE FRAMES
134054,BUILDINGS
134055,PIEZOELECTRIC ACTUATORS
134056,MICROPOSITIONING STAGE
134057,HINGES
134058,DYNAMIC ITERATION METHODS
134059,COMPLIANT MECHANISMS
134060,SHAPE DESIGN
134061,PERIMETER
134062,DETERIORATING CONCRETE BRIDGES
134063,HIGHWAY BRIDGES
134064,GUST LOADS
134065,MINIMUM WEIGHT DESIGN
134066,CONFIGURATION OPTIMIZATION
134067,STEEL STRUCTURES
134068,MOVE-LIMITS
134069,CONTACT-LOSS
134070,BEARING
134071,IMPROVED INPLANE RESPONSES
134072,LAMINATED PLATE
134073,APPROXIMATION MODELS
134074,TOLERANCES
134075,MOVING BOUNDARIES
134076,FLOW PROBLEMS
134077,BRICK MASONRY
134078,INTERFACE MODEL
134079,SAFETY INDEX APPROACH
134080,MODAL SENSORS
134081,ACTUATORS
134082,SPRING ANALOGY
134083,STRUCTURAL INTERACTIONS
134084,FLUID-FLOWS
134085,PHENOMENOLOGICAL MODELS
134086,REINFORCED COMPOSITES
134087,FUZZY RANDOM-VARIABLES
134088,IMPRECISELY DEFINED SYSTEMS
134089,EPISTEMIC UNCERTAINTY
134090,PROBABILITY-DISTRIBUTIONS
134091,COHERENT LOWER
134092,RANDOM SETS
134093,STACKING-SEQUENCE DESIGN
134094,OPTIMUM GEOMETRY DESIGN
134095,MOVE LIMITS DEFINITION
134096,DYNAMIC CRACK-PROPAGATION
134097,METHOD X-FEM
134098,ARBITRARY DISCONTINUITIES
134099,MODELING CRACK
134100,ORTHOTROPIC MEDIA
134101,CONTACT FRICTION
134102,POINT INTERPOLATION METHOD
134103,METHOD LC-PIM
134104,ELASTICITY PROBLEMS
134105,CONCRETE DAMS
134106,MAXIMUM-ENTROPY APPROXIMATION
134107,STRONG DISCONTINUITY APPROACH
134108,ELASTIC FRACTURE-MECHANICS
134109,PLATE BENDING ELEMENT
134110,ERROR ESTIMATOR
134111,BLENDING ELEMENTS
134112,WALLED COMPOSITE BEAMS
134113,LAMINATED BEAMS
134114,THICKNESS LOCKING
134115,TUNED MASS DAMPERS
134116,PANTOGRAPHIC DEPLOYABLE STRUCTURES
134117,ROBUST SATURATION CONTROLLER
134118,SMART STRUCTURES TECHNOLOGY
134119,FLEXIBLE SPACE STRUCTURES
134120,AUTOMATIC FLIGHT CONTROL
134121,CABLE-STAYED BRIDGES
134122,TENSEGRITY STRUCTURES
134123,CIVIL STRUCTURES
134124,EUROPE
134125,NONPROBABILISTIC CONCEPT
134126,CONVEX MODELS
134127,MECHANICAL DESIGN
134128,ONE-POINT QUADRATURE
134129,WEAK DISCONTINUITIES
134130,CONSERVING ALGORITHMS
134131,NONLINEAR DYNAMICS
134132,MOMENTUM
134133,NODAL COORDINATE FORMULATION
134134,REVOLUTE JOINTS
134135,DIFFERENTIAL/ALGEBRAIC EQUATIONS
134136,INTEGRATION PROCEDURE
134137,MECHANICAL SYSTEMS
134138,CLEARANCE JOINTS
134139,JOURNAL BEARING
134140,BAYESIAN PROBABILISTIC APPROACH
134141,DAMAGE IDENTIFICATION
134142,CLASS SELECTION
134143,RESPONSE MEASUREMENTS
134144,STRUCTURAL MODELS
134145,NONLINEAR STRUCTURAL DYNAMICS
134146,ELASTIC PLATES
134147,SYSTEM SEARCH
134148,FREQUENCY CONSTRAINTS
134149,APPROXIMATE PROGRAMMING STRATEGY
134150,PROBABILISTIC CONSTRAINTS
134151,EXPERIMENTAL VALIDATION
134152,WEIGHT MINIMIZATION
134153,SKELETAL STRUCTURES
134154,RAYLEIGH-RITZ METHOD
134155,ORTHOTROPIC RECTANGULAR-PLATES
134156,SYMPLECTIC ELASTICITY APPROACH
134157,PARTIAL-DIFFERENTIAL-EQUATION
134158,COMPOSITE MINDLIN PLATES
134159,EXACT SERIES SOLUTION
134160,EXACT MODAL-ANALYSIS
134161,PART I THEORY
134162,FLEXURAL VIBRATION
134163,CRACKED PLATES
134164,TENSION
134165,XFEM
134166,COUPLE STRESS THEORY
134167,INPLANE MATERIAL INHOMOGENEITY
134168,FREE-VIBRATION
134169,THERMAL ENVIRONMENT
134170,BEAM ELEMENT
134171,SHAKEDOWN ANALYSIS
134172,BRICK-MASONRY
134173,BRIDGES
134174,ARCHES
134175,GENERAL SHELL ELEMENTS
134176,MITC3+SHELL ELEMENT
134177,DISCRETIZATIONS
134178,DAMPING CONTROLLER-DESIGN
134179,HOMOGENIZED LIMIT ANALYSIS
134180,HISTORICAL MASONRY TOWERS
134181,GRADED PIEZOELECTRIC MATERIALS
134182,SIMPLE ERROR ESTIMATOR
134183,ROCK MASSES
134184,SCENE CHANGE DETECTION
134185,MANAGING REPLICATED DATA
134186,NONDOMINATED K-COTERIES
134187,CONCURRENT PROGRAMMING CONTROL
134188,CRITICAL SECTION
134189,ARBITRARY NETWORK
134190,MULTIPLE ENTRIES
134191,QUORUM CONSENSUS
134192,GENERAL SCHEME
134193,GEOMETRIC APPROACH
134194,REQUIREMENTS DETERMINATION
134195,EIS
134196,STILL IMAGES
134197,SWARM
134198,WAVELET-BASED WATERMARKING
134199,M-COMMERCE
134200,COGNITIVE MAPS
134201,DELPHI METHOD
134202,COMBINATORIAL PROPERTIES
134203,TRACEABILITY SCHEMES
134204,FRAMEPROOF
134205,ONE-WAY FUNCTION
134206,COMPETING THEORIES
134207,PROFESSIONALS
134208,DISTRIBUTED COMPUTER-NETWORKS
134209,REMOTE AUTHENTICATION
134210,SELF-REFERENCE IMAGE
134211,INVARIANT
134212,INFORMATION DISTORTION
134213,ORGANIZATIONAL TRUST
134214,PROFIBUS
134215,LINKS
134216,PROCESS MODELING NOTATION
134217,CMMI
134218,MULTIPLIERLESS
134219,DCT
134220,CO-SIMULATION
134221,COEXISTENCE
134222,SESSION INITIATION PROTOCOL
134223,PUBLIC-KEY CRYPTOGRAPHY
134224,COMPRESSED IMAGES
134225,JPEG
134226,FORGERY
134227,MOBILE PHONES
134228,SEMANTIC WEB SERVICES
134229,DRIVEN DEVELOPMENT
134230,MOBILE AGENTS
134231,METAMODEL
134232,VIDEO GAMES
134233,DATA ANALYTICS
134234,INTEGRITY VERIFICATION
134235,SERVICE SYSTEMS
134236,ORGANIZATIONAL ROUTINES
134237,SOCIOLOGY
134238,NATURALISTIC DECISION-MAKING
134239,GROUP-PERFORMANCE
134240,ADJUSTMENT
134241,MULTIDISCIPLINARY
134242,RADIOLOGY
134243,PACS
134244,ORDER ENTRY
134245,ECOLOGICAL RESEARCH
134246,INFORMATION INFRASTRUCTURE
134247,MANAGING TIME
134248,MULTI-SITED ETHNOGRAPHY
134249,SYSTEMS-DEVELOPMENT
134250,NATIONAL PROGRAM
134251,ERP SYSTEMS
134252,ECOLOGICAL DATA
134253,ETHNOGRAPHY
134254,MANUFACTURING EMPLOYMENT
134255,FAMILY RESEMBLANCE
134256,COOPERATIVE WORK
134257,TAILORABILITY
134258,MOTIVATIONS
134259,GDSS
134260,SCIENTIFIC-DATA
134261,ORGANIZATIONAL KNOWLEDGE
134262,AFFORDANCE
134263,PATIENT RECORD
134264,ARTIFACT
134265,PACKAGES
134266,PLACES
134267,CITIZEN-SCIENCE
134268,DISASTER
134269,EARTHQUAKE
134270,ARTICULATION
134271,IMPROVISATION
134272,PHYSICAL TASKS
134273,VISUAL INFORMATION
134274,DYNAMIC-SYSTEMS
134275,LAW-ENFORCEMENT
134276,ASSISTED LIVING NEEDS
134277,CO-REALIZATION
134278,OLDER-PEOPLE
134279,COPRODUCTION
134280,INNOVATIONS
134281,PARTICIPATORY DESIGN
134282,LAY
134283,NETS
134284,PETRI-NETS
134285,NET-BASED APPROACH
134286,MANAGEMENT SCHEMES
134287,OPTIMAL ALGORITHM
134288,TREE STRUCTURE
134289,MATCHINGS
134290,TASK ALLOCATION ALGORITHMS
134291,PROCESS-CONTROL SYSTEMS
134292,SOFTWARE REQUIREMENTS
134293,TRANSCODING PROXIES
134294,SOFTWARE REUSE
134295,ACCESS-CONTROL MODEL
134296,HIGH-LEVEL ARCHITECTURE
134297,IEC
134298,SEMANTIC RELATIONS
134299,SEARCH ENGINES
134300,HOMES
134301,MISUSE DETECTION
134302,REQUIREMENTS INSPECTIONS
134303,CONCLUSIONS
134304,OXIDATIVE STRESS
134305,CALCIUM
134306,FUNDAMENTAL MATRIX
134307,THIN-PLATE SPLINES
134308,PROBABILISTIC ATLAS
134309,MR-ANGIOGRAPHY
134310,FACIAL FEATURE-EXTRACTION
134311,EYE-FEATURE-EXTRACTION
134312,REAL-TIME FACE
134313,HEAD TRACKING
134314,PARTIALLY OCCLUDED OBJECTS
134315,APPEARANCE-BASED PARTS
134316,MULTIPLE RANGE VIEWS
134317,ARTICULATED OBJECTS
134318,3D OBJECTS
134319,ARBITRARY DIMENSIONS
134320,DIGITAL-TOPOLOGY
134321,3 DIMENSIONS
134322,IMAGE SEQUENCES
134323,TRACKER
134324,LAFTER
134325,LIPS
134326,FACE
134327,EIGENFACES
134328,BINARY IMAGES
134329,QUADTREES
134330,ILLUMINANT DIRECTION
134331,AERIAL PHOTOGRAPHS
134332,DETECTING FACES
134333,EDGE
134334,SINGLE UNCALIBRATED IMAGE
134335,DETECTING MOVING-OBJECTS
134336,HUMAN ACTION RECOGNITION
134337,HUMAN-BODY TRACKING
134338,VIDEO SEQUENCES
134339,HUMAN ARM
134340,VIDEO IMAGES
134341,MONOCULAR IMAGE SEQUENCES
134342,3D HUMAN MOTION
134343,HUMAN POSE
134344,ARTICULATED MODELS
134345,SHAPE CONTEXTS
134346,HUMAN TRACKING
134347,GESTURE RECOGNITION
134348,FACIAL EXPRESSION RECOGNITION
134349,EYE
134350,QUANTITATIVE-EVALUATION
134351,THRESHOLDING TECHNIQUES
134352,SCENE-SEGMENTATION
134353,SPLIT
134354,MERGE
134355,RECOGNITION SYSTEM
134356,WAVELET PACKETS
134357,SEGMENTATION METHOD
134358,GABOR FILTERS
134359,RANDOM-FIELD MODELS
134360,WIDELY SEPARATED VIEWS
134361,NATURAL IMAGES
134362,K-SVD
134363,RECOGNIZING HUMAN ACTIONS
134364,CAMERAS
134365,CCTV
134366,VESSEL SEGMENTATION
134367,VISUAL RECOGNITION
134368,PEDESTRIAN DYNAMICS
134369,HUMAN-BEHAVIOR ANALYSIS
134370,HIERARCHICAL-MODELS
134371,DIFFERING VIEWS
134372,EFFICIENT BELIEF PROPAGATION
134373,GRAPH-CUTS
134374,MAP ESTIMATION
134375,RELAXATIONS
134376,CARTOON
134377,3D OBJECT RECOGNITION
134378,SPIN IMAGES
134379,ACCURATE OBJECT DETECTION
134380,RECOGNITION ALGORITHMS
134381,DYNAMIC SCENE ANALYSIS
134382,IMAGE MOTION
134383,OCCLUSION DETECTION
134384,PHOTOMETRIC INVARIANTS
134385,PARAMETERIZED MODELS
134386,VARYING ILLUMINATION
134387,MODEL RETRIEVAL
134388,OBJECT RETRIEVAL
134389,ZERNIKE MOMENTS
134390,LOCAL FEATURES
134391,WEB VIDEOS
134392,HUMAN MOTION CAPTURE
134393,SINGLE DEPTH IMAGES
134394,PARTICLE FILTER
134395,ANTHROPOMETRY
134396,COMPUTERIZED TRAVEL AID
134397,BLIND
134398,HUMAN GESTURE RECOGNITION
134399,VISUALLY-IMPAIRED USERS
134400,HAND GESTURE RECOGNITION
134401,1ST-PERSON VISION
134402,GAZE ESTIMATION
134403,NAVIGATION FRAMEWORK
134404,INDOOR NAVIGATION
134405,EGOCENTRIC VIDEO
134406,3D FACE
134407,DEFORMABLE MODEL
134408,MILITARY LOAD CARRIAGE
134409,WALKING SPEED
134410,HUMAN IDENTIFICATION
134411,PERSON RECOGNITION
134412,CHALLENGE PROBLEM
134413,EXPECTED UTILITY
134414,AUTOEPISTEMIC LOGIC
134415,EPISTEMIC LOGIC
134416,DIRECTED FIBER TREES
134417,WORKSTATIONS
134418,JOB
134419,FERET EVALUATION METHODOLOGY
134420,MODULAR MULTIPLICATION
134421,SHADOWS
134422,IMPLICATION OPERATORS
134423,CONNECTIVES
134424,GROUPWARE
134425,MAGNETIC-RESONANCE IMAGES
134426,DEDS CONTROL SYNTHESIS
134427,WEB TECHNOLOGIES
134428,ADAPTIVE HYPERMEDIA
134429,PERSONALIZED RECOMMENDATION
134430,SAR IMAGES
134431,LOCATION-PROBLEMS
134432,MULTIDIMENSIONAL KNAPSACK-PROBLEM
134433,HUB MEDIAN PROBLEM
134434,DELIVERY POINTS
134435,RULE INTERPOLATION
134436,RESOURCE-MANAGEMENT
134437,EVACUATION SIMULATION
134438,MODELING LANGUAGE
134439,ALVIS
134440,EVACUATION
134441,SUPPLEMENTAL BLUE
134442,EMITTING-DIODES
134443,PHOTOMORPHOGENESIS
134444,PHOTOSYNTHESIS
134445,PHYTOCHROME
134446,PRIVACY PROTECTION
134447,INCOMPLETE INFORMATION-SYSTEMS
134448,FUZZY-SET
134449,REDUCTS
134450,INTEGRAL-EQUATIONS
134451,RAPID SOLUTION
134452,EVOLVING SCALES
134453,HETEROGENEITY
134454,COMBINATION TECHNIQUE
134455,PDES
134456,HYPERBOLIC PROBLEMS
134457,POSTERIORI ERROR CONTROL
134458,AVERAGING TECHNIQUE
134459,FE
134460,BICRITERION APPROACH
134461,MINIMAL RESIDUAL ALGORITHM
134462,GMRES
134463,CG
134464,HIERARCHICAL MATRICES
134465,LYAPUNOV EQUATIONS
134466,H-MATRICES
134467,2ND KIND
134468,MIXED APPROXIMATIONS
134469,FEM SOLUTIONS
134470,CURE
134471,EFFICIENT PRECONDITIONERS
134472,H-MATRIX APPROXIMATION
134473,DATA-SPARSE APPROXIMATION
134474,VALUED FUNCTIONS
134475,ORDER TENSORS
134476,TOTAL VARIATION MINIMIZATION
134477,BOUNDED VARIATION
134478,QUADRATIC REGULARIZATION
134479,CONVEX ENVELOPE
134480,WAVELET SHRINKAGE
134481,BANACH-SPACES
134482,BV
134483,DOMAIN DECOMPOSITION PRECONDITIONERS
134484,MULTISCALE PDES
134485,MIXED-VOLUME COMPUTATION
134486,ALGEBRAIC EQUATIONS
134487,DEFLATION
134488,SPARSE FINITE-ELEMENTS
134489,HERMITIAN SPLITTING METHODS
134490,SADDLE-POINT PROBLEMS
134491,NONNEGATIVE SPLITTINGS
134492,IRREGULAR GRAPHS
134493,GRID INTERFACE
134494,VIRUS SPREAD
134495,DATA CENTER NETWORK
134496,LINK-RATE ALR
134497,MINLP
134498,HP-FEM
134499,PRIMAL FETI METHODS
134500,DOMAIN DECOMPOSITION
134501,SUBSTRUCTURING METHODS
134502,3-LEVEL BDDC
134503,DP
134504,MEMORY MODEL
134505,INSECURE NETWORKS
134506,NONCE
134507,VANET
134508,INFORMATION DISCLOSURE
134509,PERFORMANCE MANAGEMENT
134510,DYNAMIC CONSOLIDATION
134511,LINK NETWORK
134512,ECONOMIC LOAD DISPATCH
134513,WIND POWER
134514,DEFECT PREDICTION
134515,MISSING VALUES
134516,FAULT LOCALIZATION
134517,SILICON
134518,GEARS
134519,WIRES
134520,MULTISCALE SIMULATION
134521,GOLD ATOMS
134522,S(N)2 NUCLEOPHILIC-SUBSTITUTION
134523,MOLLER-PLESSET THEORY
134524,ATOMIC ORBITAL BASIS
134525,COULOMB PROBLEM
134526,AXONEME MECHANICS
134527,CILIARY
134528,3-DIMENSIONAL MHD SIMULATION
134529,CONSERVATIVE DIFFERENCE SCHEME
134530,SOLAR-WIND
134531,MAGNETOSPHERE
134532,PHASE-TRANSITION
134533,VOTER MODEL
134534,CULTURE
134535,PREDICTION SYSTEM ARPS
134536,COHERENCE-ENHANCING DIFFUSION
134537,VIRUS
134538,ISING SPIN SYSTEMS
134539,CLUSTER ALGORITHM
134540,SCIENTIFIC WORKFLOWS
134541,TRACKING PROVENANCE
134542,AUTOMATIC CAPTURE
134543,E-SCIENCE
134544,FREE ENERGY
134545,NANOTECHNOLOGY
134546,GRAPHICS PROCESSING UNITS
134547,EMBEDDED BOUNDARY METHOD
134548,ENERGY EFFICIENCY
134549,EXTREME VALUES
134550,OCEAN
134551,GAS-DIFFUSION LAYERS
134552,MEMBRANE FUEL-CELLS
134553,CAPILLARY-PRESSURE
134554,PERCOLATION THEORY
134555,CONTINUUM MODELS
134556,ATLAS-BASED SEGMENTATION
134557,BRAIN MRI
134558,MOSFETS
134559,CHEMISTRY
134560,DC MICROGRIDS
134561,DROOP CONTROL
134562,CONVERTERS
134563,PROGRAM VERIFICATION
134564,ADAPTIVE MESH REFINEMENT
134565,FORTRAN
134566,WORKSTATION CLUSTERS
134567,REMOTE METHOD INVOCATION
134568,RMI
134569,BIOLOGICAL DATA
134570,WEB-SERVICES
134571,GLOBAL COMBINE
134572,FAULT-TOLERANT MPI
134573,RECOVERY PROTOCOLS
134574,ROLLBACK-RECOVERY
134575,SOUTHERN CALIFORNIA
134576,LIKELIHOOD MODEL
134577,5-YEAR FORECAST
134578,SEISMICITY
134579,RELM
134580,MODERATE
134581,TIMED INTERACTION
134582,ASKALON
134583,MODULAR DATA CENTERS
134584,PYTHON
134585,MUMFORD
134586,TOP-K ELEMENTS
134587,FINDING FREQUENT
134588,LANGUAGE-ACQUISITION
134589,CONNECTIONIST MODELS
134590,STARTING SMALL
134591,RECOGNIZERS
134592,CORTICAL AREAS
134593,TEMPORAL SYNCHRONY
134594,CONNECTIONIST
134595,INFANTS ABILITY
134596,MOTOR DEVELOPMENT
134597,PERCEPTUAL DEVELOPMENT
134598,COGNITIVE-DEVELOPMENT
134599,SPONTANEOUS MOVEMENTS
134600,EXPLORATORY-BEHAVIOR
134601,HUMANOID ROBOTS/
134602,NEURAL-CONTROL
134603,ARMS RACES
134604,LANDMARK NAVIGATION
134605,ROBOT NAVIGATION
134606,CHICK GALLUS-GALLUS
134607,VECTOR SUM MODEL
134608,TOUCH-SCREEN
134609,SPATIAL SEARCH
134610,COLUMBA-LIVIA
134611,LANDMARK USE
134612,PIGEONS USE
134613,2-DIMENSIONAL ENVIRONMENT
134614,NONGEOMETRIC INFORMATION
134615,DIGITIZED IMAGES
134616,SENTENCE COMPREHENSION
134617,MENTAL ROTATION
134618,YOUNG-CHILDREN
134619,INTERACTIVE ROBOTS
134620,DURATIONS
134621,REDEPLOYMENT
134622,SIMPLE RECEPTIVE-FIELDS
134623,CAT STRIATE CORTEX
134624,HUMAN AMYGDALA
134625,CEREBELLAR MODEL
134626,TURN-TAKING
134627,SELF-REFRESHING MEMORY
134628,CONTINGENCY JUDGMENT
134629,BINARY VARIABLES
134630,COVARIATION
134631,DORSAL RAPHE NUCLEUS
134632,ANTERIOR CINGULATE CORTEX
134633,BASOLATERAL AMYGDALA
134634,LATERAL NUCLEUS
134635,UNCONDITIONED STIMULUS
134636,INTRINSIC CONNECTIONS
134637,INCENTIVE SALIENCE
134638,DOPAMINE
134639,PARIETAL CORTEX
134640,LSTM
134641,CENTRAL-NERVOUS-SYSTEM
134642,PHASE SYNCHRONY
134643,ESSENCE
134644,REGRESSION NEURAL-NETWORK
134645,VISUAL WORD RECOGNITION
134646,LETTER POSITION
134647,PRINTED WORD
134648,FUSIFORM GYRUS
134649,READING ALOUD
134650,PHONOLOGY
134651,GELFAND PROBLEM
134652,SPLINE METHOD
134653,NETWORK MANAGEMENT
134654,HOMOTOPY-PERTURBATION METHOD
134655,INITIAL-VALUE PROBLEMS
134656,NUMERICAL TREATMENT
134657,APPROXIMATE SOLUTION
134658,DECOMPOSITION METHOD
134659,MASS MODELS
134660,TYPICALITY
134661,SOAR
134662,COPRESENCE
134663,EFFICIENT FEATURE-SELECTION
134664,RELIANCE
134665,VISUAL FIXATION
134666,ACCOUNT
134667,NEURAL FIELDS
134668,EDINGER-WESTPHAL NUCLEUS
134669,LIGHT REFLEX
134670,PUPILLOMETRY
134671,DYNAMIC FIELD-THEORY
134672,NOT-B ERROR
134673,PERSEVERATION
134674,DISJUNCTIONS
134675,ARC-CONSISTENCY
134676,MULTICRITERIA DECISION-MAKING
134677,CREW ASSIGNMENT
134678,COMBINATORIAL DESIGN
134679,EVOLUTIONARY LANDSCAPES
134680,CUBIC LATTICE
134681,HP-MODEL
134682,PORTFOLIO OPTIMIZATION
134683,DISTRIBUTED CONSTRAINT SATISFACTION
134684,BACKTRACKING
134685,CARDINALITY CONSTRAINT
134686,FILTERING ALGORITHMS
134687,CONSISTENCY ALGORITHM
134688,BOUND CONSISTENCY
134689,UNSATISFIABLE SUBFORMULAE
134690,SULFUR
134691,OPEN-SHOP PROBLEM
134692,CLAUSE-VARIABLE DIFFERENCE
134693,SUBSETS
134694,INVENTORY MANAGEMENT
134695,MILP
134696,COMMODITIES
134697,GLOBAL CONSTRAINT
134698,INTERVAL-ANALYSIS
134699,CNF
134700,PROJECT SCHEDULING PROBLEM
134701,CONSTRAINT PROPAGATION
134702,CLAUSE GENERATION
134703,LOG N)
134704,TRADE-OFF PROBLEM
134705,MULTIPLE RESOURCE
134706,PROJECT NETWORKS
134707,BOUND PROCEDURE
134708,TASK GRAPHS
134709,TRAVELING SALESMAN PROBLEMS
134710,SPANNING-TREE CONSTRAINT
134711,ADDITIVE BOUNDING PROCEDURE
134712,GLOBAL CONSTRAINTS
134713,TSPTW
134714,SAT MODULO THEORIES
134715,MAXIMUM SATISFIABILITY
134716,EXACT ALGORITHM
134717,CLAUSES
134718,DECLARATIVE LANGUAGE
134719,HANDLING RULES
134720,ABSTRACT MODEL
134721,CC-PI
134722,PROGRAMMING TECHNIQUES
134723,U-LINES
134724,QUANTIFIER ELIMINATION
134725,CONSTRAINT NETWORKS
134726,MINIMAL UNSATISFIABLE SUBSETS
134727,NORMAL FORMS
134728,DUALIZATION
134729,MAXSAT
134730,VEHICLE-ROUTING PROBLEM
134731,REBALANCING PROBLEM
134732,DICHOTOMY
134733,EXPRESSIBILITY
134734,COMPLETENESS
134735,UNSATISFIABLE SUBFORMULAS
134736,NONCONVEX QUADRATIC PROGRAMS
134737,BRANCH-AND-CUT
134738,BOUND ALGORITHMS
134739,BOX CONSTRAINTS
134740,PREPROCESSING TECHNIQUES
134741,PROCESS SYSTEMS
134742,ITEMSETS
134743,ROOMMATES PROBLEM
134744,MARRIAGE
134745,ASSEMBLY-LINE
134746,PRODUCT VARIETY
134747,TEAM
134748,ADOPT
134749,TABLE CONSTRAINTS
134750,MINIZINC
134751,STAR-SUBALGEBRAS
134752,ORTHOGONAL PAIRS
134753,TRINOMIALS
134754,CELLULAR AUTOMATA
134755,DPA ATTACKS
134756,S-BOXES
134757,BOOLEAN FUNCTIONS
134758,AFFINE EQUIVALENCE
134759,BLOCKING SETS
134760,FRAME DETECTION SCHEMES
134761,PCM SYSTEMS
134762,GOLAY SEQUENCES
134763,OFDM
134764,MESSAGE-AUTHENTICATION
134765,SCALAR MULTIPLICATION
134766,EXPONENTIATION
134767,ATOMICITY
134768,DISTINGUISHING ATTACKS
134769,KEYSTREAM GENERATOR
134770,STREAM CIPHER
134771,WEAKNESS
134772,3-WEIGHT
134773,LOW-ORDER APPROXIMATION
134774,STRONGER SECURITY BOUNDS
134775,ENCIPHERING MODE
134776,CBC MAC
134777,KEY
134778,OMAC
134779,TMAC
134780,GCM
134781,FINITE-FIELDS
134782,CYCLIC CODES
134783,PERFECT NONLINEAR FUNCTIONS
134784,3-WEIGHT CYCLIC CODES
134785,AUTHENTICATION CODES
134786,ABELIAN CODES
134787,PERMUTATION
134788,HULL
134789,IRREDUCIBLE CYCLIC CODES
134790,2-WEIGHT CODES
134791,3-WEIGHT CODES
134792,COMPLEMENTARY DUALS
134793,LINEAR CODES
134794,KEY RECTANGLE ATTACK
134795,AMPLIFIED BOOMERANG ATTACKS
134796,SLIDE ATTACKS
134797,SHACAL-1
134798,ROUNDS
134799,AES-192
134800,IDEA
134801,AES
134802,ANONYMOUS ATTESTATION DAA
134803,IDENTITY INFORMATION
134804,EASTER-ISLAND
134805,MULTISIGNATURE
134806,DATA ENCRYPTION STANDARD
134807,ALGEBRAIC ATTACKS
134808,CIPHERS
134809,WEAKNESSES
134810,KEY AGREEMENT SCHEME
134811,PANAMA
134812,INDIFFERENTIABILITY
134813,RADIOGATUN
134814,COLLISIONS
134815,LSB SUBSTITUTION
134816,ABWEHR ENIGMA
134817,VOYNICH MANUSCRIPT
134818,HOAX
134819,ROTOR
134820,CDNA MICROARRAY DATA
134821,FUZZY C-MEANS
134822,STATISTICAL PATTERN-RECOGNITION
134823,2-WAY CLUSTERING ANALYSIS
134824,PROBE LEVEL DATA
134825,ART. NO. E15
134826,NORMALIZATION METHODS
134827,NONPARAMETRIC METHODS
134828,DIPLOID POPULATIONS
134829,PERFECT PHYLOGENY
134830,SNP FRAGMENTS
134831,GENOTYPE DATA
134832,PEDIGREES
134833,MISSING VALUE ESTIMATION
134834,TIME-SERIES DATA
134835,CLUSTER-ANALYSIS
134836,DNA MICROARRAYS
134837,TRANSCRIPT MAP
134838,POLYPROLINE-II HELIX
134839,AMINO-ACID-SEQUENCE
134840,ANTIPARALLEL BETA-SHEETS
134841,SIDE-CHAIN INTERACTIONS
134842,C-TERMINAL REGION
134843,ALPHA-TURN MOTIFS
134844,ASSISTED-LASER-DESORPTION/IONIZATION
134845,COLLISION-INDUCED DISSOCIATION
134846,LARGE-SCALE PROTEOMICS
134847,MAPPING PROTEIN MODIFICATIONS
134848,PEPTIDE SEQUENCE TAGS
134849,AMINO-ACID-SEQUENCES
134850,CODED AFFINITY TAGS
134851,WEB-BASED TOOL
134852,SHOTGUN PROTEOMICS
134853,LIQUID-CHROMATOGRAPHY
134854,ACTIVATED T-CELLS
134855,GLYCOGEN-SYNTHASE KINASE-3
134856,ULTRAVIOLET-B IRRADIATION
134857,SMALL ORGANIC-MOLECULES
134858,SKELETAL-MUSCLE CELLS
134859,NUCLEAR-FACTOR
134860,CYCLOSPORINE-A
134861,SELECTIVE-INHIBITION
134862,KAPPA-B
134863,ENDOTHELIAL GROWTH-FACTOR
134864,PROTEIN-KINASE-B
134865,FORKHEAD TRANSCRIPTION FACTORS
134866,HUMAN PANCREATIC-CANCER
134867,ESTROGEN-RECEPTOR-ALPHA
134868,PHOSPHOINOSITIDE 3-KINASE INHIBITORS
134869,RECURRENT GLIOBLASTOMA-MULTIFORME
134870,HYPOXIA-INDUCIBLE FACTOR-1-ALPHA
134871,SIGNAL-TRANSDUCTION PATHWAY
134872,GENE STRUCTURE PREDICTION
134873,PRE-MESSENGER-RNA
134874,ARABIDOPSIS GENOME
134875,SPLICE SITES
134876,DATA-SET
134877,EUKARYOTES
134878,IMATINIB MESYLATE
134879,KINASE INHIBITOR
134880,INDEPENDENT MECHANISMS
134881,FACTOR RECEPTOR
134882,KIT MUTATIONS
134883,DYNAMIC-PROGRAMMING ALGORITHM
134884,FREE-ENERGY MINIMIZATION
134885,INCLUDING PSEUDOKNOTS
134886,TERTIARY STRUCTURES
134887,SIMPLE-SEQUENCE REPEATS
134888,COMPARATIVE PLANT GENOMICS
134889,INFORMATION RESOURCE TAIR
134890,MODEL ORGANISM DATABASE
134891,SSR-MARKERS
134892,MICROSATELLITE MARKERS
134893,EXPRESSED SEQUENCES
134894,COLLAGEN-INDUCED ARTHRITIS
134895,QING-LUO-YIN
134896,ALTERNATIVE MEDICINE
134897,DRUG DESIGN
134898,ANGIOGENESIS
134899,GROWTH-FACTOR RECEPTOR
134900,HUMAN PROSTATE-CANCER
134901,SKELETAL METASTASIS
134902,MULTIPLE-MYELOMA
134903,CELL-MIGRATION
134904,TUMOR-CELLS
134905,PROMOTES
134906,ENTROPIC SEGMENTATION METHOD
134907,PROTEIN-CODING REGIONS
134908,GENETIC-CODE
134909,ALGEBRAIC STRUCTURE
134910,3-BASE PERIODICITY
134911,GALOIS FIELD
134912,TRANSCRIPTION START SITES
134913,MICROARRAY DATA-ANALYSIS
134914,STACKED GENERALIZATION
134915,COMBINING CLASSIFIERS
134916,PROTEIN INTERACTIONS
134917,TRANSCRIPTION FACTOR SNAIL
134918,CIRCULATING TUMOR-CELLS
134919,E-CADHERIN EXPRESSION
134920,EVENT IN-VITRO
134921,BETA-CATENIN
134922,COLORECTAL-CANCER
134923,TGF-BETA
134924,MIR-200 FAMILY
134925,SAMPLE MICROARRAY CLASSIFICATION
134926,GENE-EXPRESSION SIGNATURE
134927,METASTASIS
134928,ARRAY-CGH DATA
134929,COMPARATIVE GENOMIC HYBRIDIZATION
134930,CIRCULAR BINARY SEGMENTATION
134931,HIDDEN-MARKOV MODEL
134932,SNP GENOTYPING DATA
134933,OLIGONUCLEOTIDE ARRAYS
134934,SIMPLEX-VIRUS TYPE-1
134935,EDGE-ADJACENCY MATRIX
134936,DETECTING STRUCTURAL ALERTS
134937,POLYMERASE SUBUNIT UL44
134938,URACIL-DNA GLYCOSYLASE
134939,UNIFIED QSAR APPROACH
134940,MAJOR CAPSID PROTEIN
134941,TOPS-MODE APPROACH
134942,THYMIDINE KINASE
134943,VOCAL-FOLD MODEL
134944,2-MASS MODEL
134945,FLOW-THROUGH
134946,GLOTTAL MODEL
134947,AIR-FLOW
134948,PHYSICAL MODEL
134949,NAVIER-STOKES
134950,LUNG PRESSURE
134951,THYROID-HORMONE RECEPTOR
134952,GENE-EXPRESSION ANALYSIS
134953,LIGAND-BINDING DOMAIN
134954,NUCLEAR RECEPTOR
134955,TRANSCRIPTIONAL ACTIVITY
134956,HISTONE ACETYLTRANSFERASE
134957,DIFFERENTIAL EXPRESSION
134958,COREGULATOR EXPRESSION
134959,MOLECULAR-MECHANISMS
134960,GELSOLIN EXPRESSION
134961,DNA PRIMARY SEQUENCES
134962,HIV-1 REVERSE-TRANSCRIPTASE
134963,FOOD-WEB
134964,DRUG-METABOLISM
134965,POLLINATION NETWORKS
134966,INFORMANT ACCURACY
134967,QSAR MODELS
134968,PHARMACEUTICAL DESIGN
134969,SPECTROMETRY-BASED METABOLOMICS
134970,MS-BASED METABOLOMICS
134971,LIQUID-CHROMATOGRAPHY-TIME
134972,MOLECULAR PROFILE DATA
134973,NMR-BASED METABOLOMICS
134974,RESOLUTION LC-MS
134975,CAPILLARY-ELECTROPHORESIS
134976,TITIN IMMUNOGLOBULIN DOMAINS
134977,BINDING-AFFINITY PREDICTION
134978,GENERIC EVOLUTIONARY METHOD
134979,INFLUENZA-A
134980,LIGAND-BINDING
134981,H5N1 INFLUENZA
134982,MECHANICAL STABILITY
134983,ACCURATE DOCKING
134984,NEURAMINIDASE
134985,PURINE NUCLEOSIDE PHOSPHORYLASE
134986,PROTEIN-LIGAND DOCKING
134987,INCREMENTAL CONSTRUCTION ALGORITHM
134988,MYCOBACTERIUM-TUBERCULOSIS REVEALS
134989,SHIKIMATE KINASE INHIBITORS
134990,EMPIRICAL SCORING FUNCTIONS
134991,STRUCTURE-BASED DESIGN
134992,SAMPLE-SIZE PROBLEM
134993,LDA
134994,TARGET INTERACTION NETWORKS
134995,NEAREST-NEIGHBOR ALGORITHM
134996,COMPOUND SIMILARITY
134997,DOMAIN COMPOSITION
134998,LOCAL BINARY PATTERNS
134999,BUDDING YEAST
135000,YEAST SACCHAROMYCES-CEREVISIAE
135001,H3
135002,H4
135003,LEAST-SQUARES IMPUTATION
135004,BIOLOGICAL KNOWLEDGE
135005,GRAM-NEGATIVE BACTERIA
135006,ENSEMBLE CLASSIFIER
135007,LOCATION PREDICTION
135008,CORTICOSTEROID-BINDING GLOBULIN
135009,CENTRAL CHIRALITY CODIFICATION
135010,MULTILINEAR ALGEBRAIC MAPS
135011,DOUBLY STOCHASTIC MATRICES
135012,ATOM ADJACENCY MATRIX
135013,FIELD ANALYSIS COMFA
135014,SIMILARITY-MATRICES
135015,QUADRATIC INDEXES
135016,STEROID-BINDING
135017,SHANNON ENTROPY ANALYSIS
135018,BINARY QSAR CALCULATIONS
135019,INFORMATION-CONTENT
135020,ORGANIC-MOLECULES
135021,TRYPANOSOMA-CRUZI
135022,INDOLE ALKALOIDS
135023,BIOLOGICAL-ACTIVITY
135024,NATURAL-PRODUCTS
135025,RECENT PROGRESS
135026,ORGANELLES
135027,LOCATIONS
135028,MODIFIED MAHALANOBIS DISCRIMINANT
135029,SECONDARY STRUCTURE-CONTENT
135030,STRUCTURAL CLASS
135031,SUBMITOCHONDRIA LOCATIONS
135032,CONOTOXIN SUPERFAMILY
135033,FOURIER-SPECTRUM
135034,CYCLIN D1
135035,COMPLEX CELLULAR-SYSTEMS
135036,INTEGRATED RESOURCE
135037,SIGNALING NETWORKS
135038,PPI NETWORK
135039,FEATURE-SELECTION METHODS
135040,PRESERVING PROJECTIONS
135041,MUSCARINIC M2 RECEPTORS
135042,PHARMACOKINETIC INTERACTION
135043,OLANZAPINE TREATMENT
135044,CARBAMAZEPINE
135045,BUPIVACAINE
135046,RATS
135047,SUBCELLULAR LOCATION PREDICTION
135048,RESTRICTED ISOMETRY PROPERTY
135049,MULTIPLE SITES
135050,FUSION CLASSIFIER
135051,HUM-MPLOC
135052,EUK-MPLOC
135053,MANGANESE-SUPEROXIDE-DISMUTASE
135054,RIBOSOMAL-RNA-BINDING
135055,NITROTYROSINE FORMATION
135056,METABOLIC PATHWAY
135057,PLASMA-PROTEINS
135058,PEROXYNITRITE
135059,SMRNA-SEQ DATABASE
135060,MICRORNA PRECURSORS
135061,TERMINAL SH2 DOMAIN
135062,UBA DOMAIN
135063,C-ABL
135064,SRC
135065,RAS SUPERFAMILY
135066,NUCLEAR-ENVELOPE
135067,MEL-28
135068,OBJECT DATABASE SCHEMATA
135069,MULTIPLE INHERITANCE
135070,FREQUENT CLOSED ITEMSETS
135071,DATA WAREHOUSE DESIGN
135072,PERSONALIZATION
135073,SESSIONS
135074,DEVELOPMENT METHODOLOGIES
135075,ADVERSE EVENTS
135076,GUIDELINE IMPLEMENTATION
135077,MEDICATION ERRORS
135078,WORKFLOW SYSTEMS
135079,QUERYING MOVING-OBJECTS
135080,SUFFIX TREE CONSTRUCTION
135081,SHARE-FREQUENT ITEMSETS
135082,INTERACTION MODELS
135083,MULTICRITERIA CLASSIFICATION
135084,ADDITIVE CONSISTENCY
135085,INTERVALS
135086,MULTIPLE CLUSTERINGS
135087,SUPERVISION
135088,UML CLASS DIAGRAMS
135089,COMMUNITY STRUCTURE
135090,DATA SET
135091,ELECTRONIC DATA INTERCHANGE
135092,REVERSE AUCTION
135093,MPEG-7
135094,EARTHQUAKES
135095,DISCERNIBILITY
135096,TROPOS METHODOLOGY
135097,GOAL MODELS
135098,FORMAL APPROACH
135099,DATA WAREHOUSES
135100,DATA WAREHOUSE
135101,MONETARY
135102,KNAPSACK
135103,ACCESS PATTERNS
135104,MICRODATA
135105,INDEPENDENT SETS
135106,HIGH BREAKDOWN-POINT
135107,CLOSED ITEMSETS
135108,SETS THEORY
135109,LARGE DATABASES
135110,EXPRESSIVE PROCESS MODELS
135111,WORKFLOW MODELS
135112,TRACES
135113,TREE INDUCTION
135114,PORTABLE POWER
135115,CLASSIFICATION SYSTEMS
135116,TOPICS
135117,COAUTHORSHIP NETWORKS
135118,SOCIETY
135119,DRUG REACTION SURVEILLANCE
135120,CASE SERIES
135121,TAXONOMIES
135122,GEOMETRIC FRAMEWORK
135123,ORACLE PROPERTIES
135124,SENTIMENT
135125,FINANCIAL RATIOS
135126,CLOSED PATTERNS
135127,QUASI-BICLIQUES
135128,STOCKS
135129,SIGNATURE-BASED METHODS
135130,FRAUD DETECTION
135131,DETECTION ALGORITHMS
135132,3-MODE FACTOR-ANALYSIS
135133,RELEVANT COMPONENT ANALYSIS
135134,EIGENMAPS
135135,SUBGROUP DISCOVERY
135136,STATISTICAL COMPARISONS
135137,MANIFOLD
135138,TRIP DISTRIBUTION
135139,SLAW
135140,NAIVE BAYES
135141,EXPERT-SYSTEMS
135142,DEMPSTER RULE
135143,DSS
135144,DSS IMPLEMENTATION
135145,OUTPUT
135146,LA
135147,MARKETS
135148,MODEL FORMULATION
135149,LOGISTIC REGRESSION
135150,INDUSTRIAL BOND RATINGS
135151,PERCEIVED BEHAVIORAL-CONTROL
135152,CRANE SCHEDULING PROBLEM
135153,BERTH ALLOCATION
135154,STORAGE SPACE
135155,PORT
135156,MANAGEMENT TEAMS
135157,TRUSTWORTHINESS
135158,DISSENT
135159,WEIGHTED AVERAGES
135160,GROUP SELF-ESTEEM
135161,BEHAVIORAL INTENTION
135162,DISTINCT ASPECTS
135163,ACCEPTANCE MODEL
135164,EMPIRICAL-EXAMINATION
135165,LONGITUDINAL-FIELD
135166,PARTNERSHIPS
135167,AVERAGING OPERATORS
135168,ASSESSMENTS
135169,LOCATION-BASED SERVICES
135170,VALUE CHAIN
135171,E-BUSINESS
135172,ELECTRONIC MARKETS
135173,REPLENISHMENT
135174,BUYER-SELLER RELATIONSHIPS
135175,MOTION-PICTURES
135176,INTERNATIONAL MARKETS
135177,FILM-CRITICS
135178,FUZZY NEURAL-NETWORKS
135179,QUICK RESPONSE
135180,DEMAND DISRUPTIONS
135181,TECHNICAL ANALYSIS
135182,ORDERING POLICY
135183,BETWEENNESS
135184,TEXTURE CLASSIFICATION
135185,COMPOSITE INDEX
135186,CONSUMER TRUST
135187,PERCEIVED RISK
135188,INFORMATION-SYSTEMS CONTINUANCE
135189,SOCIAL CONTRACTS THEORY
135190,5-FACTOR MODEL
135191,INTEGRATED MODEL
135192,LOOP
135193,AUTOMOBILE INSURANCE FRAUD
135194,CHOICE MODELS
135195,TRANSACTION COST
135196,OUTSOURCE
135197,ELABORATION LIKELIHOOD MODEL
135198,MODERATING ROLE
135199,PRODUCT REVIEWS
135200,SALES
135201,EWOM
135202,VIRTUAL COMMUNITIES
135203,SOCIAL-INFLUENCE
135204,SOCIAL INFLUENCES
135205,BANKING
135206,LINGUISTIC ASSESSMENTS
135207,COMPARISON MATRIX
135208,CORPORATE SOCIAL-RESPONSIBILITY
135209,ENVIRONMENTAL DECISION-MAKING
135210,SHARED-SAVINGS CONTRACTS
135211,CONSUMER ADOPTION
135212,DYNAMIC CAPABILITIES
135213,ORGANIZATIONAL CAPABILITIES
135214,OPERATIONAL CAPABILITIES
135215,MANUFACTURING PRACTICES
135216,MANAGEMENT CAPABILITY
135217,EXPLORATORY ANALYSIS
135218,FUTURE-RESEARCH
135219,TWITTER
135220,BUSINESS E-SERVICES
135221,EDUCATIONAL-SYSTEMS
135222,RESEARCH RESOURCES
135223,LISTINGS SERVICE
135224,PERCEIVED ORGANIZATIONAL SUPPORT
135225,AFFECTIVE COMMITMENT
135226,STRENGTH DETECTION
135227,BRAND RELATIONSHIP QUALITY
135228,FACEBOOK FAN PAGES
135229,NETWORKING SITES
135230,GENERATED CONTENT
135231,MEDIA BRAND
135232,COINTEGRATION
135233,VOLATILITY
135234,WEB SERVICE
135235,TRAFFIC FLOW MANAGEMENT
135236,SUPPORT VECTOR REGRESSION
135237,DELAY PROPAGATION
135238,MICROBLOGS
135239,RECOMMENDATION AGENTS
135240,RANDOM SUBSPACE
135241,HELPFULNESS
135242,FLOW-CONTROL
135243,LANGUAGE LUSTER
135244,PLATFORM-BASED DESIGN
135245,FORMAL VERIFICATION
135246,RESIDUE
135247,SUBLIMINAL CHANNELS
135248,DESIGN IP
135249,FORCED SIMULATION
135250,IP REUSE
135251,SIGNAL-PROCESSING SYSTEMS
135252,HARDWARE/SOFTWARE CODESIGN
135253,PERFORMANCE ESTIMATION
135254,SIMPLE POWER-ANALYSIS
135255,CODESIGN
135256,PIPELINED PROCESSORS
135257,TRANSLATION LAYER
135258,LARGE-SCALE INTEGRATION
135259,INTELLECTUAL PROPERTY PROTECTION
135260,TASK SYSTEMS
135261,SCHEDULERS
135262,LITMUSRT
135263,LRU
135264,CONFIGURABLE CACHE
135265,NOC
135266,SOC DESIGN
135267,SYSTEMC
135268,ALGORITHMIC ASPECTS
135269,GENERATED LYAPUNOV FUNCTIONS
135270,LIMIT-CYCLES
135271,BUS
135272,RUN-LENGTH
135273,DATA-FLOW GRAPHS
135274,CLOUD SERVICES
135275,WSN
135276,DISCRETE LOGARITHMS
135277,KEY-EXCHANGE
135278,GF(P)
135279,BLOCK WIEDEMANN ALGORITHM
135280,SPARSE LINEAR-SYSTEMS
135281,GF(2)
135282,TERNARY
135283,NONEXISTENCE
135284,DIFFERENCE-FAMILIES
135285,RECURSIVE CONSTRUCTIONS
135286,STEINER 2-DESIGNS
135287,PRIME POWER
135288,TRIPLE-SYSTEMS
135289,PARALLEL MULTIPLIERS
135290,GF(2M)
135291,KIRKMAN TRIPLE-SYSTEMS
135292,SUBSYSTEMS
135293,DISCRETE LOGARITHM
135294,ELLIPTIC CURVE
135295,UNIMODULAR LATTICES
135296,CONVOLUTIONAL-CODES
135297,RATE 1/P
135298,LATTICE REDUCTION
135299,EXPONENTIAL-SUMS
135300,CRYPTOLOGY
135301,MULTICAST ENCRYPTION
135302,CONSTRUCTIONS
135303,FUNCTION-FIELDS
135304,SIGN
135305,WEIL DESCENT ATTACK
135306,FAST ALGEBRAIC ATTACKS
135307,LINEAR FEEDBACK
135308,STREAM CIPHERS
135309,THRESHOLD SCHEMES
135310,COLLISION RESISTANCE
135311,HYPERELLIPTIC CURVE
135312,DEGENERATE DIVISORS
135313,SELF-DUAL CODES
135314,LENGTH 2(E)
135315,Z(4)
135316,STRONGLY REGULAR GRAPHS
135317,HMQV
135318,MQV
135319,PUBLIC-KEY CRYPTOSYSTEM
135320,DIGITAL DATA
135321,GRASSMANNIAN SPACES
135322,II CODES
135323,1-PERFECT ADDITIVE CODES
135324,REED-MULLER CODES
135325,PERFECT CODES
135326,COMMUTATIVE SEMIFIELDS
135327,BINOMIALS
135328,NUCLEI
135329,RINGS
135330,PREDICATE ENCRYPTION
135331,GROBNER BASES
135332,PHD THESIS
135333,KEYS
135334,DIFFERENTIAL CRYPTANALYSIS
135335,CLEFIA
135336,INEQUIVALENT
135337,PRE-DISTRIBUTION SCHEME
135338,DISTRIBUTION MECHANISMS
135339,PERMUTATIONS
135340,GENERALIZED COMPACT KNAPSACKS
135341,CYCLIC LATTICES
135342,CORRELATION PROPERTY
135343,NONBINARY SEQUENCES
135344,NONLINEAR MAPPINGS
135345,SYMMETRIC BOOLEAN FUNCTIONS
135346,PLATEAUED FUNCTIONS
135347,DIFFERENCE SETS
135348,SEMI-BENT
135349,CRYPTOGRAPHIC PROPERTIES
135350,DICKSON POLYNOMIALS
135351,HYPERBENT FUNCTIONS
135352,NOISY-STORAGE MODEL
135353,BIT COMMITMENT
135354,EXPERIMENTAL IMPLEMENTATION
135355,HOMOMORPHIC ENCRYPTION
135356,COMPOSABLE SECURITY
135357,ENTROPIC SECURITY
135358,BELL THEOREM
135359,FINITE PROJECTIVE SPACES
135360,SMALL BLOCKING SETS
135361,FUNCTIONAL CODES
135362,T-DESIGNS
135363,Q-ANALOGS
135364,ALGEBRAIC APPROACH
135365,SATURATING SETS
135366,COVERING CODES
135367,CONSTANT COMPOSITION CODES
135368,2 ZEROS
135369,POWER FUNCTIONS
135370,PROJECTIVE SPACES
135371,BCH CODES
135372,MDS CODES
135373,STABILIZER CODES
135374,TWISTED CODES
135375,CONSTACYCLIC CODES
135376,MINIMUM DISTANCE
135377,COMPLEMENTARY
135378,WINDOWS-REGISTRY
135379,AUTHORSHIP ATTRIBUTION
135380,FORENSICS
135381,DOUBLE JPEG COMPRESSION
135382,SOURCE CAMERA IDENTIFICATION
135383,REGION-DUPLICATION FORGERY
135384,EVIDENCE COLLECTION
135385,CRIME
135386,INVESTIGATORS
135387,CLOUD APPLICATIONS
135388,DIGITAL FORENSICS
135389,CONTACT IDENTIFICATION
135390,MOBILE DEVICE
135391,COLLECTION
135392,PROGRAMMABLE LOGIC CONTROLLERS
135393,MODIFICATION ATTACKS
135394,DOUBLE COMPRESSION
135395,APPROXIMATE MATCHING ALGORITHMS
135396,DATABASE LOOKUP
135397,FILE FRAGMENTS
135398,MALWARE
135399,VOLATILE MEMORY
135400,BUILDING AUTOMATION
135401,PHOTO RESPONSE NONUNIFORMITY
135402,SEMICONDUCTING ZINC-OXIDE
135403,PHOTOLUMINESCENCE
135404,ELECTROLUMINESCENCE
135405,EMISSION
135406,SRTIO3-PR3+
135407,MOTION SICKNESS
135408,SYMPTOMS
135409,HMD
135410,LIGHT-EMITTING DEVICES
135411,DIODES
135412,FLICKER
135413,THIN-FILMS
135414,MULTISCALE CONTRAST ENHANCEMENT
135415,ORGANIC ELECTROLUMINESCENCE DEVICES
135416,DIODE
135417,FIXATION DURATION
135418,NORMAL VISION
135419,PSYCHOPHYSICS
135420,VISUAL TARGET DISTINCTNESS
135421,COSINE TRANSFORM
135422,QUALITY MEASURES
135423,UNMASKING
135424,FLUORINATED TERMINAL CHAINS
135425,MESOMORPHIC PROPERTIES
135426,VISUAL FUNCTION
135427,BIPYRIDYL RUTHENIUM(II) COMPLEXES
135428,"VIOLOGEN 4,4'-BIPYRIDINIUM SYSTEM"
135429,SITU COLORIMETRIC ANALYSIS
135430,PRUSSIAN BLUE
135431,CONDUCTING POLYMERS
135432,ELECTROCHEMICAL POLYMERIZATION
135433,HIGH-CONTRAST
135434,POLYPYRROLE FILM
135435,TUNGSTEN-OXIDE
135436,"POLY(3,4-ALKYLENEDIOXYTHIOPHENE) DERIVATIVES"
135437,INDIUM-TIN-OXIDE
135438,ENHANCED CARRIER INJECTION
135439,HOLE-INJECTION
135440,ELECTROLUMINESCENT DEVICES
135441,CHARGE INJECTION
135442,WORK-FUNCTION
135443,PHOTOELECTRON-SPECTROSCOPY
135444,SURFACE MODIFICATION
135445,CONJUGATED POLYMERS
135446,CATHODE STRUCTURE
135447,SCREEN DESIGNS
135448,READABILITY
135449,SCREEN TYPE
135450,INDUCED TRANSIENT MYOPIA
135451,BINOCULAR VISION
135452,TONIC ACCOMMODATION
135453,SICKNESS
135454,CYBERSICKNESS
135455,IMMERSION
135456,JONES MATRIX-METHOD
135457,CONSTITUTIVE EQUATIONS
135458,OPTICS
135459,SELECTIVE STIMULATION
135460,SPATIAL-RESOLUTION
135461,SKIN TEMPERATURE
135462,ELECTROTACTILE
135463,ULTRASOUND
135464,FATIGUE
135465,VDT
135466,RESPIRATORY RESPONSES
135467,PICTURE
135468,SUBJECTIVE PREFERENCE
135469,AMBIENT ILLUMINATION
135470,COLOR COMBINATION
135471,LEGIBILITY
135472,LUMINANCE
135473,RECIRCULATION AIRLIFT REACTORS
135474,ROBOT COMMAND LIBRARY
135475,HIDING DATA
135476,LENS ARRAY
135477,MOLD
135478,ELECTROOPTICAL PROPERTIES
135479,COMFORT
135480,DONOR-ACCEPTOR APPROACH
135481,DIOXYTHIOPHENE POLYMERS
135482,SPECTROELECTROCHEMISTRY
135483,GAP
135484,WEB SITE DESIGN
135485,BACKGROUND COLOR
135486,AESTHETICS
135487,READING UNSPACED TEXT
135488,QUALITY METRICS
135489,CONVERGENCE EYE-MOVEMENTS
135490,REALITY-INDUCED SYMPTOMS
135491,INDUCED MOTION SICKNESS
135492,DISPARITY SELECTIVITY
135493,FUNCTIONAL-ANATOMY
135494,ANIMATED CARTOON
135495,DEPTH-PERCEPTION
135496,POCKET-MONSTERS
135497,PATIENT SAFETY
135498,DISTRIBUTED COGNITION
135499,POLYMER SOLAR-CELLS
135500,LIGHT-EMITTING-DIODES
135501,VAPOR-PHASE POLYMERIZATION
135502,CARBON NANOTUBE FILMS
135503,PSS THIN-FILMS
135504,PEDOT/PSS FILMS
135505,WORK FUNCTION
135506,POLY(STYRENESULFONATE) FILMS
135507,POLYMERS
135508,POLYPYRROLE THIN-FILMS
135509,CHEMICAL OXIDATIVE POLYMERIZATION
135510,COUNTERION INDUCED PROCESSIBILITY
135511,POLYANILINE EMERALDINE SALT
135512,LIQUID-CRYSTAL
135513,HEAD-SLAVED CAMERA
135514,3-D DISPLAYS
135515,2 EYES
135516,PREHENSION
135517,LONG-LASTING PHOSPHORESCENCE
135518,LUMINESCENT PROPERTIES
135519,PERSISTENT LUMINESCENCE
135520,DY3+
135521,EU2+
135522,ALUMINATE
135523,FILLED POLYCARBONATE
135524,PHASE-TRANSFORMATION
135525,BLENDS
135526,FILM
135527,WHITE-LIGHT EMISSION
135528,EMITTING PHOSPHOR
135529,TRIBOLUMINESCENCE
135530,CE3+
135531,RF POWER
135532,STICTION
135533,REFRESHABLE BRAILLE DISPLAY
135534,OPTICAL MEMS
135535,BLOCK-COPOLYMERS
135536,LIQUID LENS
135537,BILATERAL VESTIBULAR LOSS
135538,VESTIBULOOCULAR REFLEX
135539,ACTIVE DESTABILIZATION
135540,POSTURAL RESPONSES
135541,SUPPORT SURFACE
135542,EFFICIENCY ENHANCEMENT
135543,LUMINESCENCE
135544,NANOCRYSTALS
135545,YB3+
135546,COMPUTER VISION SYNDROME
135547,POLARITY
135548,HYPER-CHAOTIC SYSTEM
135549,SEQUENCE OPERATION
135550,SIMULATOR SICKNESS
135551,OPTOKINETIC NYSTAGMUS
135552,MOUNTED DISPLAYS
135553,RESTORATION CAPABILITY
135554,LUMINESCENCE PROPERTIES
135555,ENERGY-TRANSFER
135556,RADIATIVE PROPERTIES
135557,FLUORESCENCE PROPERTIES
135558,LITHIUM BORATE
135559,FLUORIDE
135560,LIGHT SHUTTER
135561,HAZE
135562,GENDER-RELATED DIFFERENCES
135563,SPATIAL KNOWLEDGE
135564,COGNITIVE PERFORMANCE
135565,ABILITY
135566,OXIDE TFTS
135567,MULTILEVEL SECURE DATABASES
135568,DISTRIBUTED DATABASE
135569,MOBILE COMPUTING ENVIRONMENTS
135570,CHANNEL ALLOCATION
135571,MANAGEMENT-SYSTEM
135572,ADOME
135573,TRANSACTIONS
135574,NEUROSPORA-CRASSA
135575,CHROMOSOME RECONSTRUCTION
135576,GENETIC-CONTROL
135577,PHYSICAL MAP
135578,INTEGRATING PROCESS
135579,CONCURRENCY-CONTROL PROTOCOL
135580,COMMIT PROTOCOL
135581,TRANSACTION MANAGEMENT
135582,LOCKING PERFORMANCE
135583,2-PHASE LOCKING
135584,SELECTION QUERIES
135585,EPOS
135586,DATA STREAM MANAGEMENT
135587,VIEW INTEGRATION
135588,BALANCE
135589,SPATIAL QUERIES
135590,BUSINESS ANALYTICS
135591,SOCIAL BPM
135592,PARALLEL ALGORITHMS
135593,TIME-COMPLEXITY
135594,SPIN LOCK
135595,CONTENTION
135596,ASYNCHRONOUS COMPLETE NETWORKS
135597,OPTIMAL CLOCK SYNCHRONIZATION
135598,BYZANTINE GENERALS PROBLEM
135599,SHARED-MEMORY ALGORITHMS
135600,WAIT-FREE HIERARCHIES
135601,WRITE-ALL PROBLEM
135602,K-SET AGREEMENT
135603,MUTUAL EXCLUSION
135604,DISTRIBUTED CONSENSUS
135605,BYZANTINE AGREEMENT
135606,SHARED OBJECTS
135607,SELF-RECONFIGURATION
135608,MODULAR ROBOTS
135609,ATOMIC SNAPSHOTS
135610,IMPOSSIBILITY
135611,DETERMINISM
135612,QUORUM SYSTEMS
135613,SENSE
135614,PROCESSOR IDENTITY PROBLEM
135615,SHARED VARIABLES
135616,INAPPROXIMABILITY
135617,INDEPENDENT SET PROBLEM
135618,PARALLEL ALGORITHM
135619,SELF-STABILIZATION
135620,DISTRIBUTED CONTROL
135621,SPITE
135622,COMPLETE NETWORK
135623,UNRELIABLE FAILURE DETECTORS
135624,PAXOS
135625,SYNCHRONOUS NETWORKS
135626,DYNAMIC FAULTS
135627,CONTENTION-RESOLUTION
135628,UNIVERSAL-STABILITY
135629,QUEUING MODEL
135630,BACKOFF
135631,MINIMUM SPANNING-TREES
135632,MULTIQUEUE SWITCHES
135633,RANDOMIZED PARALLEL ALGORITHM
135634,ANONYMOUS NETWORKS
135635,SYNCHRONIZABLE TEST SEQUENCES
135636,TEST ARCHITECTURE
135637,CHECKING SEQUENCES
135638,CONTROLLABILITY
135639,OBSERVABILITY
135640,DISCRETE-EVENT SYSTEMS
135641,TIME SYSTEMS
135642,CONTENTION RESOLUTION
135643,UNIT DISK GRAPHS
135644,PROBABILISTIC ALGORITHMS
135645,ASYNCHRONOUS OBLIVIOUS ROBOTS
135646,MULTIPLICITY
135647,ASYNCHRONOUS LANGUAGES
135648,CLOCKS
135649,LOCAL COMPUTATIONS
135650,NAMING PROBLEM
135651,EDGES
135652,CIRCLE FORMATION
135653,ASYNCHRONOUS ROBOTS
135654,LIMITED VISIBILITY
135655,LOG-SPACE
135656,CONSTANTS
135657,TARDOS
135658,MOSER
135659,LOCAL WEAK MULTIPLICITY
135660,BLACK-HOLE SEARCH
135661,PATTERN-FORMATION
135662,ARBITRARY SCHEDULER
135663,HIGH-RISK
135664,MATURITY
135665,AGILE METHODS
135666,PRACTITIONERS VIEWS
135667,MOTIVATORS
135668,OBJECT-ORIENTED DESIGN
135669,METRICS SUITE
135670,COMPLEXITY METRICS
135671,CHIDAMBER
135672,COMPANY
135673,TEST ORDER
135674,SUFFIX TREES
135675,SCRUM
135676,LEARN DEFECT PREDICTORS
135677,EMPIRICAL-RESEARCH
135678,OBJECT-ORIENTED SYSTEMS
135679,FEATURE LOCATION
135680,TO-FACE MEETINGS
135681,COORDINATION PRACTICES
135682,DEVELOPMENT PROJECTS
135683,VIRTUAL TEAMS
135684,AGILE
135685,SOFTWARE PROCESS
135686,SOFTWARE ENGINEERING EXPERIMENTS
135687,METHODOLOGIES
135688,HIPIKAT
135689,CENTRIC TRACEABILITY
135690,CHANGE HISTORY
135691,EFFECT SIZE
135692,SOFTWARE FAULT PREDICTION
135693,CLASS COHESION METRICS
135694,DEFECT-PRONE CLASSES
135695,STRUCTURAL COMPLEXITY
135696,COUPLING MEASURES
135697,PROGNOSTIC PREDICTION
135698,SOFTWARE CHANGES
135699,REPEATED-MEASURES DESIGNS
135700,NONPARAMETRIC HYPOTHESES
135701,RANK TRANSFORMATIONS
135702,POPULATION VARIANCES
135703,STRUCTURED ABSTRACTS
135704,FACTORIAL-DESIGNS
135705,MULTIPLE COMPARISONS
135706,KAPPA
135707,CODE COVERAGE
135708,MECHANICAL-DESIGN
135709,NONHIERARCHIC SYSTEM OPTIMIZATION
135710,CONCEPT EXPLORATION METHOD
135711,MACHINE-LEARNING APPROACH
135712,DEVICE SIMULATION
135713,NONSYMMETRIC LINEAR-SYSTEMS
135714,AUTOMATIC-GENERATION
135715,ENERGY-BALANCE
135716,EXPLICIT TRANSIENT ANALYSIS
135717,SHELL STRUCTURES
135718,ADVANCING-FRONT METHOD
135719,OCTREE TECHNIQUE
135720,ELEMENT MESH GENERATION
135721,CURVED SURFACES
135722,FRONT-DELAUNAY TRIANGULATION
135723,ADVANCING-FRONT
135724,SLIVER EXUDATION
135725,EXTERIOR ACOUSTICS
135726,INFINITE ELEMENTS
135727,TETRAHEDRAL MESHES
135728,CAVITATION
135729,MICROPOROSITY FORMATION
135730,B-SPLINE CURVES
135731,METROLOGY
135732,HEX
135733,BRITTLE MATERIALS
135734,3-DIMENSIONAL FRAGMENTATION
135735,HIERARCHICAL BASIS
135736,GRID GENERATION
135737,DELAUNAY TRIANGULATION
135738,PHOTOREFRACTIVE KERATECTOMY
135739,COLLAGEN FIBRILS
135740,ABERRATION
135741,MYOPIA
135742,HYPERTHERMIA
135743,THERMOTHERAPY
135744,TUMORS
135745,SHIFT
135746,RESOURCE-ALLOCATION SYSTEMS
135747,BLOOD-FLOW PATTERNS
135748,EMBRYO
135749,PREDICTION ERROR
135750,CARBONATE ROCKS
135751,ALKANOLAMINES
135752,SOLUBILITY
135753,GASES
135754,N2O
135755,MOVING LEAST-SQUARES
135756,ELEMENT MESHES
135757,PROGRAMMING-PROBLEMS
135758,CRASHWORTHINESS
135759,ANGIOGRAMS
135760,SUSPENSION
135761,CAR
135762,QUALITY IMPROVEMENT
135763,UNCONFINED COMPRESSIVE STRENGTH
135764,GREY RELATIONAL ANALYSIS
135765,FINITE-ELEMENT TRANSFORMATIONS
135766,CURVED DOMAINS
135767,INITIAL MESHES
135768,BIFURCATIONS
135769,IMPERIALIST COMPETITIVE ALGORITHM
135770,GROUND VIBRATION PREDICTION
135771,AIRBLAST-OVERPRESSURE
135772,COLONY OPTIMIZATION
135773,FEASIBILITY
135774,FOKKER-PLANCK EQUATION
135775,NONLINEAR SOURCE-TERM
135776,NON-NEWTONIAN FLUID
135777,1ST PROBLEM
135778,PETROV-GALERKIN
135779,SPECTRAL METHOD
135780,INDUCED GROUND VIBRATION
135781,HL-RF METHOD
135782,CHAOS CONTROL
135783,UNCONSTRAINED OPTIMIZATION
135784,GRADIENT METHODS
135785,TBM PENETRATION RATE
135786,TENSILE-STRENGTH
135787,GROUND VIBRATION
135788,EXPANSIVE CLAYEY SOIL
135789,ABSOLUTE ERROR MAE
135790,GEOTECHNICAL PROPERTIES
135791,MEAN-VALUE METHOD
135792,RBDO
135793,STRATEGIC ALIGNMENT
135794,INFORMATION-SYSTEMS IMPLEMENTATION
135795,MEASURING ERP SUCCESS
135796,PROJECT SUCCESS
135797,PERFORMANCE-MEASUREMENT
135798,BUSINESS ENVIRONMENT
135799,MATERIAL FLOW
135800,APPLICATION INTEGRATION
135801,ADAPTIVE CAPACITY
135802,AIDS
135803,ORDER PICKING SYSTEM
135804,LOCATION ASSIGNMENT
135805,STOCK LOCATION
135806,AISLES
135807,SEMANTIC INTEGRATION
135808,ONTOLOGY DESIGN
135809,DECISION-SUPPORT SYSTEM
135810,MANAGEMENT DECISIONS
135811,ISSUE
135812,VIRTUAL ENTERPRISE
135813,TRUST-QOS
135814,BUSINESS PROCESS
135815,GRID SYSTEM
135816,POLYCHROMATIC SETS
135817,ENTERPRISE SYSTEMS
135818,PROCESS ORIENTATION
135819,OWL-S
135820,HOSPITAL ENVIRONMENTS
135821,AGILITY
135822,AUTOMATED MANUFACTURING SYSTEMS
135823,CONTINUOUS-TIME FORMULATION
135824,ORIENTED PETRI-NET
135825,RESIDENCY TIME
135826,HUMAN-MACHINE INTERFACE
135827,MANUFACTURING SYSTEM
135828,SKILL REQUIREMENTS
135829,MOBILE HEALTH
135830,IOT ENVIRONMENT
135831,LIFE-CYCLE MANAGEMENT
135832,ICT
135833,BUSINESS GOALS
135834,RELATIONSHIP QUALITY
135835,RADICAL INNOVATION
135836,SCALE DEVELOPMENT
135837,FIRM PERFORMANCE
135838,PRODUCT LIFE-CYCLE
135839,SERVICE COMPOSITION
135840,COMPLIANCE CHECKING
135841,RAINFALL-RUNOFF PROCESS
135842,BLUE-GREEN-ALGAE
135843,HIDDEN UNITS
135844,BACKPROPAGATION NETWORKS
135845,QUALITY PARAMETERS
135846,TRAINING ALGORITHM
135847,PRUNING ALGORITHM
135848,NEWTON METHOD
135849,EUROPEAN HYDROLOGICAL SYSTEM
135850,LONG-TERM EXPERIMENTS
135851,NITROGEN DYNAMICS
135852,BIOMASS PRODUCTION
135853,CATCHMENT SCALE
135854,N-MOVEMENTS
135855,VARIATIONAL DATA ASSIMILATION
135856,FLUXES
135857,WATERS
135858,DISTRIBUTION NETWORKS
135859,UNCERTAINTY ANALYSIS
135860,RUNOFF MODELS
135861,TRANSPIRATION
135862,HYDROLOGY
135863,GENERAL-CIRCULATION MODEL
135864,STOCHASTIC WEATHER GENERATOR
135865,CHANGE SCENARIOS
135866,DAILY PRECIPITATION
135867,LOCAL CLIMATE
135868,GCM OUTPUT
135869,DOWNSCALING TECHNIQUES
135870,CONTROLLING THROUGHFLOW GENERATION
135871,LANDSCAPE INVESTIGATIONS
135872,ELEVATION MODEL
135873,SURFACE OZONE
135874,POLLUTION
135875,KUWAIT
135876,RAINFALL SIMULATOR DATA
135877,SMALL UPLAND CATCHMENTS
135878,SOIL-EROSION
135879,OVERLAND-FLOW
135880,RUNOFF MODEL
135881,PREDICTION TECHNOLOGY
135882,PHYSICAL PRINCIPLES
135883,CONCEPTUAL-MODEL
135884,CROPPING SYSTEMS
135885,NORTHERN THAILAND
135886,RAINFALL-RUNOFF
135887,AEROSOL OPTICAL DEPTH
135888,SAHARAN DUST
135889,MINERAL AEROSOLS
135890,TOMS
135891,OZONE
135892,PACIFIC
135893,BIOLOGICAL PHOSPHORUS REMOVAL
135894,NITROGEN REMOVAL
135895,NO. 3
135896,HETEROTROPHIC YIELD
135897,DYNAMIC-BEHAVIOR
135898,METABOLIC MODEL
135899,RETENTION TIME
135900,GENERAL-MODEL
135901,WWTP
135902,RESOURCES MANAGEMENT
135903,AMBIENT AIR MEASUREMENTS
135904,TURBULENCE CLOSURE-MODEL
135905,VALIDATION EXERCISE
135906,PLUME RISE
135907,URBAN
135908,CATEGORICAL MAPS
135909,CLASSIFICATION ACCURACY
135910,LAND-USE
135911,GROUNDWATER QUALITY
135912,INDIA
135913,OXIDATION
135914,DMS
135915,INTEGRATED ASSESSMENT
135916,EXAMPLES
135917,POINT PROCESS
135918,STOCHASTIC GENERATION
135919,UK
135920,HOMOGENEOUS REGIONS
135921,INPUT DETERMINATION
135922,CARBON-CYCLE SCIENCE
135923,ECOSYSTEM MANAGEMENT
135924,SYSTEMS MODEL
135925,COUPLED HUMAN
135926,ANCHOVY ENGRAULIS-CAPENSIS
135927,SOUTHERN BENGUELA
135928,UPWELLING ECOSYSTEM
135929,RETENTION PROCESSES
135930,LARVAE
135931,EGGS
135932,RECRUITMENT
135933,ENRICHMENT
135934,GRAPH-THEORY
135935,CORRIDORS
135936,METAPOPULATION
135937,POPULATIONS
135938,RESERVE SELECTION ALGORITHMS
135939,MARINE PROTECTED AREAS
135940,GREAT-BARRIER-REEF
135941,MAMMALS
135942,NATIONAL-PARK
135943,WATER-RESOURCES MANAGEMENT
135944,RIVER-BASIN
135945,ASIA
135946,WATER-RESOURCE MANAGEMENT
135947,ROLE-PLAYING GAME
135948,GROUNDWATER CONTAMINATION
135949,ENVIRONMENTAL-MANAGEMENT
135950,CITIZEN PARTICIPATION
135951,PUBLIC-PARTICIPATION
135952,FOREST MANAGEMENT
135953,ZONATION
135954,HYDROLOGICAL TIME-SERIES
135955,RAINFALL-RUNOFF MODELS
135956,PARTIAL MUTUAL INFORMATION
135957,SYNTHETIC STREAMFLOW GENERATION
135958,STAGE-DISCHARGE RELATIONSHIP
135959,10 ITERATIVE STEPS
135960,SUSPENDED SEDIMENT
135961,FLOW PREDICTION
135962,CONTROL STRATEGIES
135963,NITROGEN
135964,EMISSIONS
135965,COLUMBIA RIVER BASIN
135966,WATERSHED MANAGEMENT DECISIONS
135967,GRAPHICAL ASSOCIATION MODELS
135968,NATURAL-RESOURCES MANAGEMENT
135969,TRUNCATED EXPONENTIALS
135970,ADAPTIVE MANAGEMENT
135971,EXPERT KNOWLEDGE
135972,LAND MANAGEMENT
135973,NULL MODEL ANALYSIS
135974,COOCCURRENCE PATTERNS
135975,MUTUALISTIC NETWORKS
135976,ANTI-NESTEDNESS
135977,ASSEMBLAGES
135978,FAUNAS
135979,MONO LAKE
135980,NORTHERN-HEMISPHERE
135981,THERMAL STRUCTURE
135982,DISSOLVED-OXYGEN
135983,MONOMICTIC LAKE
135984,TRANSPARENCY
135985,VICINITY
135986,GEOGRAPHIC INFORMATION-SYSTEMS
135987,HABITAT SUITABILITY
135988,BAYESIAN BELIEF NETWORKS
135989,SOCIAL-ECOLOGICAL-SYSTEMS
135990,NATURAL-RESOURCE MANAGEMENT
135991,INVASIVE SPECIES MANAGEMENT
135992,NORTHWEST FOREST PLAN
135993,KNOWLEDGE-BASED MODEL
135994,POST-NORMAL SCIENCE
135995,ENVIRONMENTAL SYSTEMS
135996,ASTACOPSIS-GOULDI
135997,PARASTACIDAE
135998,HYDROLOGICAL MODELS
135999,ECOLOGICAL MODELS
136000,STANDARDIZED ASSESSMENT
136001,SIMULATION-MODELS
136002,QUALITY-ASSURANCE
136003,DISPERSION MODEL
136004,WAVELET ANALYSIS
136005,AGENT-BASED SIMULATION
136006,GEOGRAPHIC INFORMATION-SYSTEM
136007,BELIEF NETWORK METHODOLOGY
136008,WATER-QUALITY MANAGEMENT
136009,RIVER-BASIN MANAGEMENT
136010,FUZZY EXPERT-SYSTEMS
136011,LAND-USE CHANGE
136012,ACTIVE ADAPTIVE MANAGEMENT
136013,ECOSYSTEM SERVICES
136014,INTERFACE OPENMI
136015,EARTH SYSTEM
136016,LAND-COVER CHANGE
136017,MULTIAGENT MODEL
136018,ECOSYSTEMS
136019,GENOTYPE-ENVIRONMENT INTERACTIONS
136020,AUSTRALIAN GRAZING ENTERPRISES
136021,CROP-LIVESTOCK SYSTEMS
136022,MIXED-FARMING SYSTEMS
136023,NORTH CHINA PLAIN
136024,SUGARCANE PRODUCTION
136025,MODELING FRAMEWORK
136026,WHEAT PRODUCTION
136027,GROUNDWATER MONITORING DESIGN
136028,MULTICRITERIA DECISION-ANALYSIS
136029,FITNESS LANDSCAPE ANALYSIS
136030,INPUT VARIABLE SELECTION
136031,MULTIPLE SUPPLY SOURCES
136032,NEURAL-NETWORK MODELS
136033,GEOSTATISTICAL ANALYSIS
136034,KRIGING METHODS
136035,GREAT-LAKES
136036,UPPER MIDWEST
136037,BIODIVERSITY
136038,BAYESIAN SENSITIVITY-ANALYSIS
136039,EMULATION
136040,FINLAND
136041,GULF
136042,CHANGE ADAPTATION STRATEGIES
136043,HIGH-TEMPERATURE STRESS
136044,CHANGE IMPACTS
136045,ATMOSPHERIC CO2
136046,YIELD RESPONSE
136047,WATER-DEFICIT
136048,SOCIAL-ECOLOGICAL SYSTEMS
136049,AGENT-BASED MODELS
136050,IDENTIFY IMPORTANT FACTORS
136051,LARGE-SCALE SIMULATIONS
136052,UNCERTAINTY IMPORTANCE
136053,PARAMETER SENSITIVITY
136054,STATISTICAL-ANALYSES
136055,APPROXIMATE BAYESIAN COMPUTATION
136056,UNCERTAINTY ASSESSMENT
136057,NORMALIZING CONSTANTS
136058,INPUT UNCERTAINTY
136059,COLLABORATIVE DECISION-MAKING
136060,CLIMATE-CHANGE ADAPTATION
136061,DISASTER RISK REDUCTION
136062,PARTICIPATORY PROCESSES
136063,EVIDENTIAL BELIEF FUNCTIONS
136064,PREDICTION CAPABILITY
136065,BAYESIAN NETWORK
136066,LIKELIHOOD RATIO
136067,GLOBAL SENSITIVITY-ANALYSIS
136068,DIFFERENCE WATER INDEX
136069,ENVIRONMENTAL-MODELS
136070,DISTRIBUTED MODELS
136071,HAZARD AREAS
136072,BIVARIATE
136073,ECOLOGICAL-SYSTEMS
136074,NATURAL SYSTEMS
136075,MEAN RADIANT TEMPERATURE
136076,BALANCE SCHEME SUEWS
136077,ANTHROPOGENIC HEAT
136078,THERMAL COMFORT
136079,SURFACE COVER
136080,OPERATING CHARACTERISTIC ROC
136081,FOREST-FIRES
136082,COVER CHANGE
136083,USE/COVER CHANGE
136084,DRIVING FACTORS
136085,REMOTELY-SENSED DATA
136086,OPEN WATER FEATURES
136087,RANDOM FOREST
136088,POLARIMETRIC SAR
136089,SOUTH-AFRICA
136090,INDEX NDWI
136091,LANDSCAPES
136092,CHEMICAL PHOSPHORUS REMOVAL
136093,SULFATE-REDUCING BACTERIA
136094,MASS-TRANSFER COEFFICIENT
136095,WEAK ACID/BASE SYSTEMS
136096,KINETIC-BASED MODEL
136097,WASTE-WATER
136098,STRUVITE PRECIPITATION
136099,DISSOLUTION KINETICS
136100,1.3 MU-M
136101,DOPED FIBER AMPLIFIER
136102,PBO-BI2O3-GA2O3 GLASSES
136103,MULTIPHONON RELAXATION
136104,TELLURITE
136105,FIBER AMPLIFIERS
136106,SPECTROSCOPIC PROPERTIES
136107,OPTICAL-TRANSITIONS
136108,1.3-MU-M
136109,ER3+
136110,RESIN WAVE-GUIDES
136111,ELECTROOPTIC POLYMER
136112,PHOTONIC APPLICATIONS
136113,LOW CROSSTALK
136114,MODULATORS
136115,CHROMOPHORE
136116,COUPLER
136117,AUDIO WATERMARKING
136118,FINGERPRINT
136119,PRINTED-CIRCUIT ANTENNAS
136120,ENHANCEMENT METHODS
136121,3 OUTPUTS
136122,DIFFERENCING BUFFERED AMPLIFIER
136123,INDUCTORS
136124,SIO2
136125,AOTF
136126,BIQUADRATIC FILTERS
136127,3 INPUTS
136128,ALL-PASS
136129,DDCCS
136130,DEFECTED GROUND STRUCTURE
136131,ZINC-OXIDE
136132,TRANSPARENT
136133,BINARY PATTERNS
136134,DIGITAL CURVES
136135,REMOTE-CONTROL
136136,MELTING POINT SOLDER
136137,POWDER
136138,RELATEDNESS
136139,CHIP-STACKING
136140,SOLDER
136141,TRANSISTOR-CIRCUITS
136142,LTE-ADVANCED NETWORKS
136143,ACF
136144,MIMO RADAR
136145,EVOLUTION STRATEGY
136146,ANTENNA
136147,MU
136148,MOBILE COMMUNICATIONS
136149,BLOCK-FADING CHANNELS
136150,MULTIUSER DETECTION
136151,SOFT HANDOFF
136152,ASYMPTOTIC BEHAVIOR
136153,SPECTRAL EFFICIENCY
136154,REGIME
136155,SWITCHED DIVERSITY
136156,COMBINING DIVERSITY
136157,DUAL DIVERSITY
136158,EQUAL-GAIN
136159,RAYLEIGH
136160,RICIAN
136161,MOBILE RADIO CHANNELS
136162,MULTIPATH PROPAGATION
136163,BER PERFORMANCE
136164,DELAY SPREAD
136165,RECEPTION
136166,INTERCELL RADIO INTERFERENCE
136167,DIVISION MULTIPLE-ACCESS
136168,MMSE DETECTION
136169,AVERAGE POWER RATIO
136170,PARTIAL TRANSMIT SEQUENCES
136171,LOW-COMPLEXITY
136172,RATIO REDUCTION
136173,BASIS EXPANSION
136174,GAUSSIAN MULTIPLE-ACCESS
136175,WIRE-TAP CHANNEL
136176,CONFIDENTIAL MESSAGES
136177,SHORT-TERM THROUGHPUT
136178,WIRELESS OFDM
136179,TRANSMISSIONS
136180,LMS
136181,SHANNON-THEORETIC APPROACH
136182,RECEIVED SIGNAL STRENGTH
136183,OPPORTUNISTIC COOPERATION
136184,PROBE
136185,JOINT SPATIAL DIVISION
136186,CHANNEL ESTIMATION
136187,DIMENSION REDUCTION
136188,VITAL SIGN DETECTION
136189,CANCELLATION
136190,TO-DEVICE COMMUNICATIONS
136191,RELAY
136192,COTS SOFTWARE
136193,WORK-FAMILY CONFLICT
136194,GENDER DIFFERENCES
136195,COMPUTER ANXIETY
136196,MANAGERIAL ADVANCEMENT
136197,JOB EXPERIENCES
136198,CAREER
136199,MEN
136200,INTERORGANIZATIONAL SYSTEMS
136201,DATA INTERCHANGE
136202,EDI ADOPTION
136203,MIS RESEARCH
136204,CONSUMER
136205,SUSTAINED COMPETITIVE ADVANTAGE
136206,SMALL BUSINESSES
136207,ORGANIZATIONAL CHARACTERISTICS
136208,MIS SUCCESS
136209,GLOBAL VIRTUAL TEAMS
136210,TEMPORAL COORDINATION
136211,GLOBAL PERCEPTIONS
136212,QUALITATIVE DATA
136213,JOURNALS
136214,INTERORGANIZATIONAL RELATIONSHIPS
136215,COGNITIVE-STYLE-INDEX
136216,MANAGEMENT INFORMATION-SYSTEMS
136217,DEVELOPMENT TEAMS
136218,INFORMATION-TECHNOLOGY INFRASTRUCTURE
136219,CONFIRMATORY FACTOR-ANALYSIS
136220,OF-FIT INDEXES
136221,SYSTEMS RESEARCH
136222,STRUCTURAL EQUATION MODELS
136223,INNOVATION CHARACTERISTICS
136224,CONSEQUENCES
136225,MULTIMETHOD
136226,MARKET ORIENTATION
136227,ABSORPTIVE-CAPACITY
136228,OPTIONS
136229,FINANCIAL SERVICES INDUSTRY
136230,MANAGEMENT SCIENCE
136231,ACADEMIC-MEDICAL-CENTER
136232,COMMON METHOD VARIANCE
136233,ORGANIZATIONAL-CHANGE
136234,POST-ADOPTION BEHAVIOR
136235,ENTERPRISE SYSTEM
136236,ATTITUDE-BEHAVIOR CONSISTENCY
136237,INFORMATION-TECHNOLOGY USAGE
136238,SERVICE QUALITY
136239,USAGE BEHAVIOR
136240,USER COMPUTING SATISFACTION
136241,SUPPORT DECISION-MAKING
136242,HEALTH-CARE INDUSTRY
136243,INDIVIDUAL-PERFORMANCE
136244,SOFTWARE PROJECT-MANAGEMENT
136245,SOCIAL-PROCESS MODEL
136246,ORGANIZATIONAL TRANSFORMATION
136247,MIS IMPLEMENTATION
136248,DESIGN PROCESS
136249,FEAR APPEALS
136250,GENERAL DETERRENCE
136251,SOFTWARE PIRACY
136252,ATTITUDE-CHANGE
136253,ORGANIZATIONAL CONTROL
136254,DEVELOPMENT-PROJECTS
136255,PORTFOLIOS
136256,SKIN-CANCER RISK
136257,SYSTEMS RISK
136258,ETHICAL DECISION-MAKING
136259,PRICE PREMIUMS
136260,INDIVIDUALISM
136261,MARKETPLACES
136262,POST-ADOPTION BELIEFS
136263,COGNITIVE ABSORPTION
136264,SUPPRESSOR VARIABLES
136265,FLOW EXPERIENCES
136266,MEDIA RICHNESS
136267,INFORMATION-SYSTEMS SECURITY
136268,RATIONAL CHOICE
136269,SANCTION THREATS
136270,SELF-CONTROL
136271,CRIMINAL DETERRENCE
136272,PERCEIVED SEVERITY
136273,CORPORATE CRIME
136274,INSIDER THREAT
136275,ORGANIZATIONAL RESEARCH
136276,ATTRIBUTIONAL FEEDBACK
136277,TRAINING EFFECTIVENESS
136278,SECURITY BEHAVIORS
136279,PROBLEMATIC INTERNET USE
136280,INCENTIVE-SENSITIZATION
136281,COMPUTER ADDICTION
136282,PAST BEHAVIOR
136283,ORGANIZATIONAL-BEHAVIOR RESEARCH
136284,SOFTWARE-DEVELOPMENT TEAMS
136285,JOB DIAGNOSTIC SURVEY
136286,UNSTRUCTURED TEXT
136287,DRUG-EDUCATION PROGRAM
136288,LIONS-QUEST SKILLS
136289,INTERNET ADDICTION
136290,PSYCHOLOGICAL REACTANCE
136291,TAIWANESE ADOLESCENTS
136292,FUNCTIONAL-APPROACH
136293,INFORMATION-TECHNOLOGY INVESTMENTS
136294,DIVERSIFICATION STRATEGY
136295,ECONOMIC-PERFORMANCE
136296,MARKET VALUE
136297,DECISION-SUPPORT SYSTEMS
136298,MOBILE COMMERCE
136299,TYPOLOGY
136300,GROUNDED THEORY
136301,INFORMATION-TECHNOLOGY CAPABILITIES
136302,PROCESS-ORIENTED PERSPECTIVE
136303,IT-ENABLED RESOURCES
136304,E-GOVERNMENT
136305,SELF-DISCLOSURE
136306,TECHNOSTRESS
136307,SELF-GENERATED VALIDITY
136308,HEALTH-PROMOTION
136309,TECHNOLOGY USAGE
136310,REASONED ACTION
136311,ADDICTION
136312,HABIT
136313,EXPECTATION
136314,HIGHER-ORDER FACTORS
136315,PERSONALITY-TRAITS
136316,BIG 5
136317,RISK-TAKING
136318,PROTECTION MOTIVATION
136319,ANTICIPATED GUILT
136320,FACEBOOK ADDICTION
136321,SMOKING
136322,ACCESS-POLICY VIOLATIONS
136323,ENHANCING PRIVACY
136324,DATA PROTECTION
136325,SECURITY RULES
136326,SOCIOMATERIALITY
136327,TECHNOLOGY ARTIFACT
136328,MANDATORY STANDARDS
136329,CLICK FRAUD
136330,INFORMATION-TECHNOLOGY ALIGNMENT
136331,ORGANIZATIONAL PERFORMANCE
136332,CONSTRUCT
136333,POST-ADOPTION
136334,CAPITALISM
136335,SENSE-MAKING
136336,FUNCTIONAL AFFORDANCES
136337,BUILDING THEORY
136338,TRANSCRIBED SPACER REGIONS
136339,MEDICALLY IMPORTANT YEASTS
136340,ECTOMYCORRHIZAL FUNGI
136341,DNA BARCODES
136342,PHYLOGENETIC INFERENCE
136343,RIBOSOMAL DNA
136344,PROTO-MICRONESIAN RECONSTRUCTIONS
136345,AFFINITIES
136346,MULTIPLE SEQUENCE ALIGNMENTS
136347,INFORMATION-THEORETIC ANALYSIS
136348,DOMAIN-DOMAIN INTERACTIONS
136349,CO-EVOLUTIONARY ANALYSIS
136350,LIGAND-RECEPTOR PAIRS
136351,INTERACTING PROTEINS
136352,PHYLOGENETIC PROFILES
136353,CORRELATED EVOLUTION
136354,ACID-SEQUENCE SIMILARITIES
136355,ATROVIRIDE STRAIN P1
136356,SERRATIA-MARCESCENS
136357,PLANT CHITINASES
136358,POTENTIAL ROLE
136359,CLONING
136360,HYDROLASES
136361,EVOLUTIONARY ANALYSIS
136362,NEXUS FORMAT
136363,PARSIMONY
136364,MOUSE ORTHOLOGOUS GENES
136365,DUPLICATE GENES
136366,CODING REGION
136367,ASPERGILLUS-FUMIGATUS
136368,CLAVICEPS-PURPUREA
136369,DIMETHYLALLYLTRYPTOPHAN SYNTHASE
136370,EPICHLOE ENDOPHYTES
136371,BIOSYNTHESIS GENE
136372,PURIFICATION
136373,PRENYLTRANSFERASE
136374,INTERSPECIFIC RECOMBINATION
136375,ALIGNMENTS
136376,IMPALA AEPYCEROS-MELAMPUS
136377,MULTILOCUS GENOTYPE DATA
136378,DIRICHLET PROCESSES
136379,NUMERICAL CHARACTERIZATION
136380,DUAL NUCLEOTIDES
136381,SIMILARITY/DISSIMILARITY
136382,ICE-BINDING PROTEINS
136383,ANTARCTIC FISH
136384,MAFFT
136385,EXPRESSION PATTERN
136386,BEMISIA-TABACI HEMIPTERA
136387,LYMANTRIA-DISPAR LEPIDOPTERA
136388,MULTILOCUS DATA
136389,GENE TREES
136390,GYPSY-MOTH
136391,TAXONOMIC DISTINCTIVENESS
136392,BAYESIAN-ESTIMATION
136393,SYSTEMATIC BIOLOGY
136394,ETHYLENE-RESPONSIVE ELEMENT
136395,QUANTITATIVE TRAIT LOCUS
136396,DNA-BINDING DOMAIN
136397,ORYZA-SATIVA L.
136398,HOMEOTIC GENE APETALA2
136399,SALT STRESS TOLERANCE
136400,GCC-BOX
136401,LOW-TEMPERATURE
136402,MAXIMUM-LIKELIHOOD PHYLOGENIES
136403,ASSIGNMENT PROBLEMS
136404,QUARTET DISTANCE
136405,PHYML
136406,DENSE
136407,PEPTIDE SIGNAL
136408,PHYTOSULFOKINE-ALPHA
136409,SELF-INCOMPATIBILITY
136410,POLLEN
136411,RICE
136412,PARALOGY
136413,VIBRIO-CHOLERAE
136414,CAMPYLOBACTER-JEJUNI
136415,ULTRAFAST
136416,DEFENSE RESPONSES
136417,PHYTOALEXIN BIOSYNTHESIS
136418,STOMATAL DEVELOPMENT
136419,PHOSPHATIDIC-ACID
136420,ARABIDOPSIS MAPKS
136421,HYDROGEN-PEROXIDE
136422,SEED-GERMINATION
136423,TEMPERATURE ADAPTATION
136424,IRON REDUCTION
136425,PAIRS
136426,METHANOCOCCUS
136427,RECIPROCAL GENE LOSS
136428,MOLECULAR-DATA SETS
136429,DATA CONGRUENCE
136430,COMBINING DATA
136431,SEQUENCE DATA
136432,18S RDNA
136433,ANNELIDA
136434,CYANOBACTERIAL MAT COMMUNITIES
136435,HOT-SPRINGS
136436,TOXIC CYANOBACTERIA
136437,LEPTOLYNGBYA
136438,CRUSTS
136439,LOCUS
136440,LAKE
136441,POSITIVE SELECTION
136442,WORLD CUTANEOUS LEISHMANIASIS
136443,PROTEIN FAMILIES DATABASE
136444,VISCERAL LEISHMANIASIS
136445,TRYPANOSOMA-BRUCEI
136446,CARBONIC-ANHYDRASE
136447,DONOVANI COMPLEX
136448,CHAGAS-DISEASE
136449,DRUG TARGET
136450,MRBAYES
136451,SPECIES TREES
136452,GREEN-ALGAE
136453,CHLOROPLAST GENOMES
136454,STREPTOPHYTE ALGAE
136455,DIVERSIFICATION
136456,DIVERGENCES
136457,EWENS SAMPLING DISTRIBUTION
136458,SEQUENCING DATA
136459,HLA DATA
136460,ALLELES
136461,HAPLOTYPES
136462,HORIZON OIL-SPILL
136463,GUT MICROBIOME
136464,INTESTINAL MICROBIOTA
136465,BIOLOGICAL NETWORKS
136466,RNA-BASED IMMUNITY
136467,ANTIVIRAL IMMUNITY
136468,VIRAL GENOMES
136469,MELANOGASTER
136470,DSRNA
136471,HOST
136472,INSECT-SPECIFIC FLAVIVIRUS
136473,WEST NILE VIRUS
136474,FUSING AGENT VIRUS
136475,JAPANESE ENCEPHALITIS-VIRUS
136476,KAMITI RIVER VIRUS
136477,CULEX MOSQUITOS
136478,EILAT VIRUS
136479,GEOGRAPHIC-DISTRIBUTION
136480,AUSTRALIAN MOSQUITOS
136481,FAMILY BUNYAVIRIDAE
136482,BIOSYNTHETIC GENE CLUSTERS
136483,METABOLITE
136484,ISOPODS
136485,VALLEY ENCEPHALITIS-VIRUS
136486,GENETIC-CHARACTERIZATION
136487,MONOCLONAL-ANTIBODIES
136488,VERTICAL TRANSMISSION
136489,SOUTHERN PORTUGAL
136490,HOST-RANGE
136491,MOSQUITOS
136492,BRACHYMYSTAX-LENOK-TSINLINGENSIS
136493,COTTOIDEI COTTIDAE
136494,CONTROL REGION
136495,SALMONIDAE
136496,MOUNTAINS
136497,MULTISPECIES COALESCENT MODEL
136498,INFERRING SPECIES TREES
136499,PHYLOGENETIC NETWORKS
136500,HYBRID SPECIATION
136501,GENOME EVOLUTION
136502,POPULATION SIZES
136503,PHYLOGENETIC ANALYSES
136504,DNA-SEQUENCING DATA
136505,PROTEIN-CODING GENES
136506,OF-FUNCTION VARIANTS
136507,DOMESTIC HORSE
136508,INSIGHT
136509,SWEEPS
136510,FITNESS LANDSCAPES
136511,CANCER PROGRESSION
136512,CLONAL EVOLUTION
136513,INFINITE POPULATION-SIZE
136514,THEORETICAL-ANALYSIS
136515,CONTINUOUS SPACE
136516,HIPPOCAMPUS
136517,MULTIPLE CROSSOVER
136518,NONSELF
136519,HARD
136520,SELF-ADAPTATION
136521,IMMUNOLOGICAL APPROACH
136522,QUICK COMPUTATION
136523,CELL REPERTOIRE DIVERSITY
136524,CLONAL SELECTION
136525,TEXTURE SEGMENTATION
136526,HIV
136527,MULTIPLE CRITERIA PROBLEM
136528,PROTOTYPE SELECTION
136529,XCS
136530,CALCULATING HYPERVOLUME
136531,CODED GENETIC ALGORITHMS
136532,EVOLUTION STRATEGIES
136533,INDICATOR
136534,EVOLVING NEURAL-NETWORKS
136535,CONVERGENCE ANALYSIS
136536,QPSO
136537,DESIGN PERSPECTIVE
136538,ASSISTED MEMETIC ALGORITHM
136539,EXPENSIVE FUNCTIONS
136540,ENGINEERING APPLICATIONS
136541,FITNESS APPROXIMATION
136542,UNRELIABLE DISTRIBUTED ENVIRONMENTS
136543,REAL-PARAMETER OPTIMIZATION
136544,DYNAMIC OPTIMIZATION
136545,MANY-OBJECTIVE OPTIMIZATION
136546,STOPPING CRITERION
136547,CENTRAL PATTERN GENERATORS
136548,EVOLUTIONARY ROBOTICS
136549,K SHORTEST PATHS
136550,OPTIMALITY
136551,FRONT
136552,LINEARLY CONSTRAINED OPTIMIZATION
136553,CMA EVOLUTION STRATEGY
136554,MULTIMODAL FUNCTIONS
136555,INERTIA WEIGHT
136556,TRUST-REGION METHOD
136557,OPTIMALITY CONDITIONS
136558,STACKELBERG PROBLEM
136559,POINT ALGORITHM
136560,COVARIANCE-MATRIX ADAPTATION
136561,ES
136562,OFFSPRING POPULATION-SIZE
136563,SIMPLE GENETIC ALGORITHM
136564,LOCAL SEARCH ALGORITHMS
136565,DRIFT ANALYSIS
136566,RUNNING TIME
136567,SIMPLE RECURRENT NETWORKS
136568,DYNAMICAL RECOGNIZERS
136569,ASSOCIATIVE MEMORY
136570,SUPPORT SYSTEM
136571,SIMULATION APPROACH
136572,BUSINESS FAILURE PREDICTION
136573,INDEX FUTURES
136574,ELECTRIC VEHICLE
136575,INFORMATION GRANULATION
136576,ANNSTLF
136577,2-STAGE HYBRID FLOWSHOP
136578,PARALLEL MACHINES
136579,COMPLETION-TIME
136580,SETUP
136581,PROGRAMMERS
136582,PROTOTYPE OPTIMIZATION
136583,MEDICAL DECISION-SUPPORT
136584,BREAST-CANCER DIAGNOSIS
136585,ARTERY-STENOSIS
136586,TEXTS
136587,ECG PATTERN-RECOGNITION
136588,EMG SIGNALS
136589,COAL MEASURES MUDROCKS
136590,PREDICT
136591,DEA
136592,PROSTHETIC HAND
136593,LINEAR COMBINERS
136594,ROUGH SET-THEORY
136595,FINE-NEEDLE-ASPIRATION
136596,BENIGN
136597,BIOPSY
136598,VISUAL SURVEILLANCE TASKS
136599,ENTERPRISE RISK-MANAGEMENT
136600,PREMENSTRUAL-SYNDROME
136601,MAMMOGRAPHY
136602,SURFACE EMG
136603,PROBABILITY DENSITY
136604,MUSCLES
136605,ICA
136606,NONINVASIVE DETECTION
136607,EVIDENTIAL REASONING APPROACH
136608,AUTISM SPECTRUM DISORDERS
136609,COMPUTATIONAL-MODEL
136610,STYLES
136611,ROBUST APPROACH
136612,MACHINE LEARNING TECHNIQUES
136613,IMBALANCED DATA-SETS
136614,RULE-BASED SYSTEMS
136615,COMMERCIAL-BANKS
136616,TECHNICAL EFFICIENCY
136617,TRANSITION ECONOMIES
136618,FINANCIAL SERVICES
136619,BRANCH EFFICIENCY
136620,BRAZILIAN BANKS
136621,HIGHRISE BUILDING STRUCTURES
136622,ADAPTIVE TRACKING CONTROL
136623,MEAN-SQUARE ALGORITHM
136624,TIME-VARYING SYSTEMS
136625,LARGE-SCALE SYSTEMS
136626,FEEDBACK-CONTROL
136627,IMPROVED SCORE FUNCTION
136628,SOFT SETS
136629,DESIGN CONCEPT EVALUATION
136630,MODULAR VERIFICATION
136631,PROOF
136632,ENTAILMENT
136633,COMPUTING RESEARCH
136634,ALGEBRA SEMANTICS
136635,JML
136636,ASSERTIONS
136637,ANALYZING MODE CONFUSION
136638,LABELED MARKOV-PROCESSES
136639,UNIFYING THEORIES
136640,WORKFLOW PROCESSES
136641,FORMALIZATION
136642,CIRCUS
136643,MEMBERSHIP EQUATIONAL LOGIC
136644,REWRITING LOGIC
136645,MODEL TRANSFORMATION
136646,TRACEABILITY
136647,BUSINESS PROCESS MODELS
136648,SAP REFERENCE MODEL
136649,CANCELLATION REGIONS
136650,VERIFYING WORKFLOWS
136651,REDUCTION RULES
136652,OR-JOINS
136653,CHECKER
136654,QUEUE ALGORITHM
136655,NESTED RELATIONAL CALCULUS
136656,COMPONENT CONNECTORS
136657,BIO-PEPA
136658,POINTERS
136659,UTP
136660,AUTOMATIC VERIFICATION
136661,SPLITTING ATOMS
136662,RELY/GUARANTEE
136663,GENERALIZING GROUP-BY
136664,DATA CUBE
136665,CROSS-TAB
136666,SUBTOTALS
136667,KLEENE ALGEBRA
136668,DECISION PROCEDURES
136669,STATEMATE DESIGNS
136670,VISUAL FORMALISM
136671,TEMPORAL LOGICS
136672,BDDS
136673,LOTOS
136674,INFINITE-STATE SYSTEMS
136675,PROGRAMS/
136676,BINARY-DECISION DIAGRAMS
136677,DECISION DIAGRAMS
136678,SATURATION
136679,ALGORITHMIC ANALYSIS
136680,COMPOSITIONAL VERIFICATION
136681,OPTIMAL-REACHABILITY
136682,PRECISION
136683,2ND-ORDER LOGIC
136684,BOUNDED SYNTHESIS
136685,QUANTIFIED BOOLEAN-FORMULAS
136686,OBSERVERS
136687,SAFETY VERIFICATION
136688,MODEST
136689,GENERALIZING DPLL
136690,INJECTION VULNERABILITIES
136691,PRECISE ANALYSIS
136692,WEB APPLICATIONS
136693,ANALYSIS TOOL
136694,CONTROL FLOW RECONSTRUCTION
136695,PSL
136696,TRANSDUCERS
136697,VALUED TRANSDUCERS
136698,STATE TRANSDUCERS
136699,TESTERS
136700,LINEAR QUANTIFIER ELIMINATION
136701,STRATEGY IMPROVEMENT
136702,WIDTH
136703,VALIDATED SOLUTIONS
136704,SIGNAL TEMPORAL LOGIC
136705,COMPLETELY-ARBITRARY PASSAGE
136706,LANGUAGE MODELING APPROACH
136707,OPINION RETRIEVAL
136708,BLOG SEARCH
136709,LANGUAGE INFORMATION-RETRIEVAL
136710,TOPIC MODELS
136711,PRIOR ART SEARCH
136712,STRUCTURE RECOGNITION
136713,REFERENCES
136714,INTERVAL ESTIMATION
136715,FUNDAMENTAL-FREQUENCY ESTIMATION
136716,ONSET DETECTION
136717,PROBABILITY RANKING PRINCIPLE
136718,NOVELTY
136719,LANGUAGE MODELS
136720,RELATION EXTRACTION
136721,WATSON
136722,INFORMATION-SEEKING
136723,NOSQL DATABASES
136724,MULTI-TOUCH ATTRIBUTION
136725,CLICK
136726,PRICE
136727,USER EVALUATION
136728,COGNITIVE AUTHORITY
136729,ANSWERS
136730,QUESTIONS
136731,EXTRACTING SEMANTIC REPRESENTATIONS
136732,WORD COOCCURRENCE STATISTICS
136733,INVERTED FILES
136734,IMPLEMENTATIONS
136735,TARGETED MUSCLE REINNERVATION
136736,FINGER COORDINATION PATTERNS
136737,MYOELECTRIC CONTROL
136738,PROSTHETIC CONTROL
136739,PISA/IIT SOFTHAND
136740,ARTIFICIAL-LIMBS
136741,HAND PROSTHESES
136742,SYNERGIES
136743,FOREARM
136744,EMG
136745,SONOMYOGRAPHY
136746,BIOLOGICAL MOTION
136747,FUNCTIONAL ARCHITECTURE
136748,HEAD-DIRECTION CELLS
136749,POSITIONAL FIRING PROPERTIES
136750,FREELY MOVING RATS
136751,ENTORHINAL CORTEX
136752,OSCILLATORY INTERFERENCE
136753,RETROSPLENIAL CORTEX
136754,NEURAL ARCHITECTURE
136755,COGNITIVE MAP
136756,BRAIN-MACHINE INTERFACE
136757,CORTICAL-NEURONS
136758,DOPAMINE NEURONS
136759,SPIKE SYNCHRONIZATION
136760,SENSORIMOTOR CORTEX
136761,MOVEMENT DIRECTION
136762,ROBOTIC ARM
136763,INTERNAL-MODELS
136764,HEXAPOD ROBOT
136765,UPPER-LIMB PROSTHETICS
136766,OUTCOME MEASURES
136767,ADULT NORMS
136768,AMPUTATION
136769,AMPUTEES
136770,REINNERVATION
136771,INDIVIDUALS
136772,FEEDFORWARD
136773,MULTIFUNCTION MYOELECTRIC CONTROL
136774,UPPER-LIMB PROSTHESES
136775,FINGER
136776,BRAIN-COMPUTER-INTERFACE
136777,MACHINE INTERFACES
136778,WHEELCHAIR CONTROL
136779,P300
136780,MOTOR
136781,DIRECT-CURRENT STIMULATION
136782,SPINAL-CORD-INJURY
136783,2-D CURSOR CONTROL
136784,SSVEP-BASED BCI
136785,MOTOR IMAGERY
136786,EEG-FNIRS
136787,HAND FUNCTION
136788,MUSHROOM BODIES
136789,DROSOPHILA-MELANOGASTER
136790,OLFACTORY SYSTEM
136791,CENTRAL COMPLEX
136792,ELLIPSOID BODY
136793,REHABILITATION
136794,INDEPENDENT WALKING
136795,SCHEMA THEORY
136796,OVERGROUND WALKING
136797,CEREBRAL-PALSY
136798,TODDLERS
136799,CEREBRAL-BLOOD-FLOW
136800,BRAIN-COMPUTER INTERFACES
136801,RAT SOMATOSENSORY CORTEX
136802,TIME FMRI NEUROFEEDBACK
136803,HUMAN VISUAL-CORTEX
136804,CONSUMPTION FOLLOWING ACTIVATION
136805,RESONANCE-IMAGING NEUROFEEDBACK
136806,VENTRAL TEMPORAL CORTEX
136807,AUGMENTATION DEVICE PLAD
136808,BACK
136809,WORKLOADS
136810,KEY AGREEMENT PROTOCOL
136811,BLACK-HOLE ATTACK
136812,SELFISH NODES
136813,ESTABLISHMENT
136814,SELECTIVITY
136815,STABLE EXTREMAL REGIONS
136816,REAL-WORLD IMAGES
136817,CHARACTER-RECOGNITION
136818,SELECTION METHOD
136819,NONCONTACT
136820,PULSE
136821,BLOOD
136822,ONLINE INFERENCE
136823,IMPOVERISHMENT
136824,PLANETARY EXPLORATION ROVERS
136825,TERRAMECHANICS
136826,TERRAIN
136827,SKID
136828,QCA
136829,ADDER
136830,INTERDEPENDENT NETWORKS
136831,DIFFERENTIAL-EQUATION
136832,INDUSTRIE 4.0
136833,STATE-SPACE MODELS
136834,MANEUVERING TARGET TRACKING
136835,UNSCENTED KALMAN FILTER
136836,ASYMPTOTIC STABILITY
136837,RESAMPLING METHODS
136838,CORRELATED NOISES
136839,BAYESIAN FILTERS
136840,SLAG DETECTION
136841,GRIPPER
136842,ADAPTIVE CONTROLLER
136843,POSITIONAL INFORMATION
136844,TOPOLOGICAL RELATIONS
136845,MEREOTOPOLOGY
136846,NONDETERMINISTIC INFORMATION
136847,CONSTANT TIME GENERATION
136848,FUZZY LOGIC
136849,PROPOSITIONAL CALCULI
136850,LINEAR EXTENSIONS
136851,DISTRIBUTIVE LATTICES
136852,POTSDAM GERMANY
136853,EXAMPLE BERLIN
136854,APPROXIMATION SPACES
136855,ROUGH
136856,CONFLICTS
136857,MLP
136858,SENSOR SELECTION
136859,ROUGH SETS MODEL
136860,DIRECTING ORBITS
136861,CHAOTIC SYSTEMS
136862,SET APPROACH
136863,INTEGRAL QUADRATIC-FORMS
136864,POSITIVE UNIT FORMS
136865,COXETER TRANSFORMATIONS
136866,FINITE POSETS
136867,ATTRIBUTE REDUCTION
136868,COALGEBRAS
136869,ROOTS
136870,FORMAL CONCEPT ANALYSIS
136871,KNOWLEDGE SPACES
136872,EDGE-BIPARTITE GRAPHS
136873,ONE-PEAK POSETS
136874,TITS FORM
136875,MAPLE
136876,TAME PRINJECTIVE TYPE
136877,MATRIX MORSIFICATIONS
136878,MULTIPLE-CATEGORY CLASSIFICATION
136879,HIERARCHICAL STRUCTURES
136880,PAIRED COMPARISONS
136881,SCALING METHOD
136882,PRIORITIES
136883,ROUGH SET APPROACH
136884,POSSIBLE EQUIVALENCE-RELATIONS
136885,THEORETICAL FOUNDATIONS
136886,CONTINUOUS ATTRIBUTES
136887,DECISION RULES
136888,NONNEGATIVE POSETS
136889,ISOTROPY GROUPS
136890,DYNKIN
136891,DOMINANCE RELATIONS
136892,GRANULES
136893,DIFFERENTIAL-ALGEBRAIC EQUATIONS
136894,TURNING-POINT PROBLEMS
136895,PADE SERIES
136896,DAES
136897,MESH ROOT SYSTEMS
136898,COMBINATORIAL ALGORITHMS
136899,EUCLIDEAN DIAGRAMS
136900,LEARNING-BASED OPTIMIZATION
136901,FRACTIONAL FOURIER-TRANSFORM
136902,SHRINKAGE THRESHOLDING ALGORITHM
136903,LAPLACE TRANSFORM
136904,TRUTH DEGREES
136905,BONFERRONI MEAN OPERATORS
136906,RELATIONAL ANALYSIS METHOD
136907,PRIORITIZED OPERATORS
136908,MEMBERSHIP GRADES
136909,PROVABLY SECURE
136910,COXETER SPECTRAL CLASSIFICATION
136911,MESH ALGORITHMS
136912,QUADRATIC ASSIGNMENT PROBLEM
136913,ARGENTINE ANT
136914,COLONIES
136915,MOLD DICTYOSTELIUM-DISCOIDEUM
136916,MEMBRANE-MEMBRANE ADHESION
136917,DENSITY WAVE-PROPAGATION
136918,MOLECULAR CROSS-BRIDGES
136919,EMBRYONIC-TISSUES
136920,PSEUDOPOD FORMATION
136921,DETAILED MECHANICS
136922,TEMPORAL MECHANISM
136923,SURFACE TENSIONS
136924,MOUND FORMATION
136925,SHARED-MEMORY MULTIPROCESSORS
136926,BACKWARD ERROR ANALYSIS
136927,NUMERICAL-INTEGRATION
136928,MULTIFRONTAL METHOD
136929,2-STAGE
136930,DECISION TREE CLASSIFICATION
136931,NETSOLVE
136932,GLOBUS
136933,BROKER
136934,TARGET DETECTION
136935,ELDERLY-PEOPLE
136936,TAVERNA
136937,EOSDIS
136938,COMPUTATIONAL GRIDS
136939,IAAS
136940,ADOPTION FRAMEWORK
136941,APPLIANCES
136942,WARNING SCORING SYSTEM
136943,ARREST
136944,INTERACTIVE EVOLUTIONARY COMPUTATION
136945,CELLULAR INTERACTIONS
136946,MATHEMATICAL MODELS
136947,FILAMENTS
136948,HUMAN ORAL BIOAVAILABILITY
136949,ORTHOGONAL PROJECTIONS
136950,CONVEX POLYOMINOES
136951,X-RAYS
136952,SELECTION INTENSITY
136953,PAPER-PRODUCTION
136954,LAGRANGE DISTRIBUTIONS
136955,KNAPSACK-PROBLEM
136956,SUBTREE CROSSOVER DISTANCE
136957,GENERAL SCHEMA THEORY
136958,COMPUTATIONAL EVOLUTION
136959,SWAPPING CROSSOVER
136960,GP
136961,TREE SWAPPING CROSSOVER
136962,ROYAL ROAD FUNCTIONS
136963,BUILDING-BLOCKS
136964,DEPTH-DEPENDENT CROSSOVER
136965,EMOA
136966,CONSTANT CREATION
136967,BLOAT FREE GP
136968,OPERATOR EQUALIZATION
136969,PHENOTYPIC DIVERSITY
136970,DISPATCHING RULES
136971,GUARD CHANNEL ALGORITHMS
136972,PEER NETWORKS
136973,PROBLEM DECOMPOSITION
136974,PARAMETER CONTROL
136975,MISMATCH
136976,CUTTING STOCK PROBLEMS
136977,SCHEDULING HEURISTICS
136978,SETUP TIMES
136979,AIDED ERGONOMIC EVALUATION
136980,FIGURES
136981,MARCHING CUBES
136982,ARTICULATED FIGURES
136983,TRIANGULATION
136984,ENDOSCOPIC SURGERY
136985,FORCE-FEEDBACK
136986,3D POLYGONS
136987,VOXELIZATION
136988,MULTIPLE-SCLEROSIS
136989,OBJECT DEFINITION
136990,BRAIN IMAGES
136991,PLANAR CROSS-SECTIONS
136992,3-DIMENSIONAL SHAPE MEASUREMENT
136993,SPECULAR MOTION
136994,RADIANCE TRANSFER
136995,CROWD SIMULATION
136996,POINT-SET SURFACES
136997,SELF-CALIBRATION
136998,MOVING CAMERA
136999,ROOT ARCHITECTURE
137000,AMAPMOD SOFTWARE
137001,TREE MODELS
137002,CULTIVARS
137003,FOLIAGE
137004,BOUNDING VOLUME HIERARCHIES
137005,PHYSICALLY-BASED SIMULATION
137006,VENTRICULAR MYOCARDIUM
137007,APPROXIMATE COMPUTATION
137008,CEREBRAL-CORTEX
137009,CORTICAL SURFACE
137010,GRAY-MATTER
137011,INTERPOLATION ERROR
137012,DEGENERATE
137013,HARMONICS
137014,REGION DETECTION
137015,MARKOV RANDOM-FIELD
137016,SKETCHES
137017,OCT-TREES
137018,LAMBDA-MEDIAL AXIS
137019,P-SIMPLE POINTS
137020,EUCLIDEAN SKELETONS
137021,TOPOLOGY PRESERVATION
137022,CRITICAL KERNELS
137023,CURVE-SKELETON
137024,DISTANCE MAPS
137025,MAN-MADE MODELS
137026,LOW-LEVEL
137027,SKELETON
137028,SPHERE TARGETS
137029,GRAPH EDIT DISTANCE
137030,PARTIAL RETRIEVAL
137031,CAPD MODELS
137032,SUBGRAPH
137033,WIND ENVIRONMENT
137034,HEAT-ISLAND
137035,OUTDOOR VENTILATION
137036,CONFIGURATIONS
137037,VECTOR DISTANCE TRANSFORM
137038,SENSING SYSTEMS
137039,SMART CITIES
137040,BUDGET CONSTRAINTS
137041,HYBRID DATA
137042,RISE
137043,APP
137044,SPOKEN LANGUAGE
137045,MULTITASK SITUATIONS
137046,KEYBOARD
137047,TRADEOFF
137048,STRATEGIC BEHAVIOR
137049,SIDE-BY-SIDE
137050,VALUES
137051,ATTRIBUTIONS
137052,S-R COMPATIBILITY
137053,RESPONSE DURATION MEASURE
137054,HUMAN MOTOR-SYSTEM
137055,REACTION-TIME
137056,SOFT KEYBOARDS
137057,MOVEMENT TIME
137058,STIMULUS
137059,WOMEN
137060,SCIENTIFIC DISCOVERY
137061,PROBLEM SPACES
137062,AGE-DIFFERENCES
137063,EXPERTISE
137064,SELECTION TASK
137065,DECISION-MAKING GROUPS
137066,UNSHARED INFORMATION
137067,MINORITY
137068,MOTOR-PERFORMANCE
137069,PROTOTYPES
137070,EYE-MOVEMENT CONTROL
137071,MENU SEARCH
137072,BREADTH
137073,MENUS
137074,HCI
137075,FIXED-EFFECT FALLACY
137076,USER EXPERIENCE
137077,PSYCHOLOGICAL-RESEARCH
137078,WEB SITES
137079,IMPRESSION
137080,THOUGHT
137081,INTERACTION DESIGN
137082,USABILITY EVALUATION METHODS
137083,EYE-TRACKING DATA
137084,INTEGRATING INFORMATION
137085,AUTOMATICITY
137086,ENVIRONMENTAL PSYCHOLOGY APPROACH
137087,SHOPPING BEHAVIOR
137088,ONLINE STORE
137089,PURCHASE BEHAVIOR
137090,AFFECTIVE QUALITY
137091,SELF-DEFINING MEMORIES
137092,DIGITAL LIFE
137093,NOSTALGIA
137094,SENSECAM
137095,DEMENTIA
137096,EMOTION REGULATION
137097,VIDEO-MEDIATED COMMUNICATION
137098,FACE-TO-FACE
137099,ADDRESSEES
137100,RESPIRATORY SINUS ARRHYTHMIA
137101,PHYSIOLOGICAL SIGNALS
137102,EMPATHIC ACCURACY
137103,BODILY EXPRESSIONS
137104,INFORMATION CAPACITY
137105,AMPLITUDE
137106,WEB SITE
137107,CUSTOMIZATION
137108,MENTAL WORKLOAD
137109,PSYCHOPHYSIOLOGICAL MEASURES
137110,EYE ACTIVITY
137111,SKILL
137112,COMMON-IDENTITY
137113,BOND
137114,ATTRACTION
137115,IMMERSIVE VIRTUAL ENVIRONMENTS
137116,AGGRESSION
137117,VIOLENT
137118,ANTHROPOMORPHISM
137119,MINDLESSNESS
137120,OPPONENTS
137121,RAISED-LINE DRAWINGS
137122,HIERARCHICAL TEMPORAL MEMORY
137123,LOW-BACK-PAIN
137124,EMOTIONAL RESPONSES
137125,5-TIMES-SIT-TO-STAND TEST
137126,FUNCTIONAL MOBILITY
137127,LATERAL STABILITY
137128,MICROSOFT KINECT
137129,MUSCLE WEAKNESS
137130,PREVENT FALLS
137131,POSSIBLE SELVES
137132,QUANTIFIED SELF
137133,FUTURE SELF
137134,FEEDBACK INTERVENTIONS
137135,PSYCHOMETRIC EVALUATION
137136,FORMATIVE MEASUREMENT
137137,SOCIOECONOMIC-STATUS
137138,PERCEIVED USABILITY
137139,ATOMIC-FORCE-MICROSCOPE
137140,ULTRAHIGH-DENSITY
137141,DOPED LITHIUM-NIOBATE
137142,INTERPIXEL CROSS-TALK
137143,OPTICAL STORAGE
137144,MEMORY-SYSTEMS
137145,LINBO3
137146,CRYSTALS
137147,CONGRUENT
137148,GRATINGS
137149,WIRE-LENGTH DISTRIBUTION
137150,MOBILITY PENTACENE TRANSISTORS
137151,LANGMUIR-BLODGETT-FILMS
137152,REGIOREGULAR POLY(3-HEXYLTHIOPHENE)
137153,LOW-VOLTAGE
137154,SEMICONDUCTOR
137155,COBALT
137156,SOURCE THERMAL ABLATION
137157,LAYERED-PEROVSKITE
137158,HYBRID MATERIALS
137159,THIN-FILM
137160,SEMICONDUCTING POLYMER
137161,QUANTUM-WELL
137162,LIGHT-COUPLING MASKS
137163,PATTERN TRANSFER
137164,OPTICAL LITHOGRAPHY
137165,NEAR-FIELD
137166,POLYMER MICROSTRUCTURES
137167,ELECTROLESS DEPOSITION
137168,MICROFLUIDIC NETWORKS
137169,GOLD NANOSTRUCTURES
137170,EFFECTIVE ELECTRON-MOBILITY
137171,ON-INSULATOR FABRICATION
137172,SI INVERSION-LAYERS
137173,STRAINED-SI
137174,SOI MOSFETS
137175,PROBE MICROSCOPY
137176,TUNNEL EPITAXY
137177,DEPENDENT-DIELECTRIC-BREAKDOWN
137178,SILICON-DIOXIDE FILMS
137179,INDUCED LEAKAGE CURRENT
137180,SUBSTRATE-HOT-ELECTRON
137181,ANODE HOLE INJECTION
137182,HYDROGEN-INDUCED DEGRADATION
137183,OXIDE THICKNESS UNIFORMITY
137184,SOFT-BREAKDOWN
137185,DEFECT GENERATION
137186,TRAP GENERATION
137187,SUBTHRESHOLD-CURRENT REDUCTION
137188,STANDBY CURRENT
137189,SUPPLY VOLTAGE
137190,CMOS CIRCUIT
137191,DRAM
137192,SRAM
137193,AFTER-DROP FILTER
137194,INTERFEROMETER
137195,EQUALIZER
137196,EPITAXIAL-BASE TRANSISTORS
137197,BIPOLAR-TRANSISTORS
137198,ELECTRICAL MEASUREMENT
137199,JUNCTION TEMPERATURE
137200,ELECTROMIGRATION
137201,THRESHOLD
137202,QUANTUM KEY DISTRIBUTION
137203,DISCRETE WIGNER FUNCTION
137204,QUANTUM-STATE TOMOGRAPHY
137205,DENSITY-MATRIX
137206,GB/S
137207,SUPERCONFORMAL ELECTRODEPOSITION
137208,ELECTROPLATING BATH
137209,"4,5-DITHIAOCTANE-1,8-DISULFONIC ACID"
137210,POLYETHYLENE-GLYCOL
137211,BUMP FORMATION
137212,SULFATE BATH
137213,PERPENDICULAR GIANT MAGNETORESISTANCE
137214,CO/CU MULTILAYERED NANOWIRES
137215,ALUMINUM-OXIDE TEMPLATES
137216,CHARGED-PARTICLE TRACKS
137217,HEXAGONAL PORE ARRAYS
137218,ANODIC AL2O3 FILMS
137219,PULSED ELECTRODEPOSITION
137220,GENE DELIVERY
137221,FINITE-SIZE
137222,FERROMAGNETIC NANOWIRES
137223,INTRINSIC PARAMETER FLUCTUATIONS
137224,NANOMETER-SCALE MOSFETS
137225,DOPANT FLUCTUATIONS
137226,NANOSCALE CMOS
137227,DECANANOMETER
137228,LITHOGRAPHY
137229,INVERSION-LAYERS
137230,GATE DIELECTRICS
137231,ATOMIC LAYER DEPOSITION
137232,ULTRATHIN HAFNIUM OXIDE
137233,THRESHOLD VOLTAGE INSTABILITIES
137234,HYDROGEN-TERMINATED SILICON
137235,ELECTRICAL CHARACTERISTICS
137236,REFRACTORY SILICIDES
137237,THERMAL-STABILITY
137238,ZIRCONIUM-OXIDE
137239,CAPPING LAYER
137240,SYMMETRIC DIBLOCK COPOLYMER
137241,ORGANOMETALLIC BLOCK-COPOLYMERS
137242,ELECTRIC-FIELD
137243,IMMISCIBLE POLYMERS
137244,PATTERNED MEDIA
137245,TEMPERATURE-DEPENDENCE
137246,INTERACTION PARAMETER
137247,NANOSCOPIC TEMPLATES
137248,SYSTEM MICROARCHITECTURE
137249,IN-SB-TE
137250,HIGH-DENSITY
137251,PROGRAMMING CHARACTERISTICS
137252,CHALCOGENIDE MATERIALS
137253,NONVOLATILE MEMORIES
137254,GE2SB2TE5
137255,FLASH MEMORY
137256,ELECTRICAL BISTABILITY
137257,CONJUGATED POLYMER
137258,ORGANIC MATERIALS
137259,P-N-JUNCTIONS
137260,MULTICHIP-MODULE
137261,RENTS RULE
137262,INTERCONNECTS
137263,OXIDE-FILMS
137264,PHOTODETECTOR
137265,SUPERMARKET
137266,ESCHERICHIA-COLI O104/H4
137267,GENOMIC EPIDEMIOLOGY
137268,LACTOCOCCUS-LACTIS
137269,METATRANSCRIPTOME
137270,FERMENTATIONS
137271,METAGENOMICS
137272,PROBIOTICS
137273,PIGMENTED SKIN-LESIONS
137274,EPILUMINESCENCE MICROSCOPY
137275,BORDER
137276,DEEP-BLUE GAMES
137277,KASPAROV
137278,CONSPIRACY NUMBERS
137279,COMPUTER GO
137280,KQKR
137281,ENDGAMES
137282,TRANSPOSITION TABLES
137283,REPLACEMENT SCHEMES
137284,RELEVANCE CUTS
137285,PEG-SOLITAIRE
137286,TETRIS
137287,MINESWEEPER
137288,MASTERMIND
137289,SOKOBAN
137290,EVEN
137291,GO TOURNAMENT
137292,TOURNAMENT
137293,CONNECT6
137294,CHINESE DARK CHESS
137295,CPUZZLER WINS
137296,CARLO TREE-SEARCH
137297,PROOF-NUMBER SEARCH
137298,CELL-CYCLE
137299,LEUKEMIA
137300,CLUSTERING ANALYSIS
137301,DIRECTED GRAPHICAL MODELS
137302,RECOMBINATION
137303,SEQUENCE ALIGNMENT
137304,TREE EDIT
137305,MICROARRAYS
137306,FUZZY ASSOCIATION RULES
137307,REVERSALS
137308,PARALOGS
137309,EXPRESSION KINETICS
137310,SIGNED PERMUTATIONS
137311,GENOME REARRANGEMENTS
137312,PROTEIN-STRUCTURE PREDICTION
137313,EPOXY-POLYMERIZATION PROCESS
137314,POWDER DIFFRACTION DATA
137315,COMBINATORIAL LIBRARIES
137316,ROC ANALYSIS
137317,SHRUNKEN CENTROIDS
137318,EWINGS-SARCOMA
137319,RHABDOMYOSARCOMA
137320,ACUTE MYELOID-LEUKEMIA
137321,ONTO-TOOLS
137322,INTERLEUKIN-18
137323,GENOME ANNOTATION SYSTEM
137324,MINIMAL CUT SETS
137325,SMALL WORLD
137326,PREDICTION ACCURACY
137327,PROTEOMIC PATTERNS
137328,CANCER-DIAGNOSIS
137329,PROBABILISTIC BOOLEAN NETWORKS
137330,PLASMINOGEN-ACTIVATOR
137331,MELANOMA
137332,INVASION
137333,GENE PREDICTION
137334,FOURIER-ANALYSIS
137335,NONCODING DNA
137336,DELAY SYSTEMS
137337,RNA INTERFERENCE
137338,MAMMALIAN-CELLS
137339,HYBRIDIZATION EVENTS
137340,RECOMBINATION EVENTS
137341,SAMPLE HISTORY
137342,HOMOPLASIES
137343,METHYLMERCURY
137344,OUTCOME PREDICTION
137345,LEUKEMIAS
137346,STATISTICAL PHYLOGEOGRAPHY
137347,CHALLENGE
137348,PROTEIN-INTERACTION DATA
137349,SUBUNITS
137350,CLEAVAGE
137351,GENE REGULATORY NETWORKS
137352,STEADY-STATES
137353,LINKAGE MAPS
137354,MICROSATELLITES
137355,CLASS DISCOVERY
137356,DIFFERENTIALLY REGULATED GENES
137357,STATISTICAL-INFERENCE
137358,ESSENTIAL GENE IDENTIFICATION
137359,FUNCTIONAL-ORGANIZATION
137360,HUBS
137361,PREDICTING SUBCELLULAR-LOCALIZATION
137362,STRUCTURAL CLASSES
137363,2D GRAPHICAL REPRESENTATION
137364,PHYLOGENY
137365,COMPLEX BRAIN NETWORKS
137366,HIGH-ACCURACY
137367,PRECURSORS
137368,SVM
137369,PPI NETWORKS
137370,DATASETS
137371,HETEROGENEOUS DATA SOURCES
137372,ACID-SEQUENCE
137373,KNN
137374,DISORDER
137375,CONTACTS
137376,RESTRICTED BOLTZMANN MACHINES
137377,DEPENDENT STABILITY
137378,OSCILLATORY EXPRESSION
137379,HES1
137380,PREDICTING ESSENTIAL PROTEINS
137381,STRUCTURAL PERSPECTIVE
137382,FLUCTUATION DYNAMICS
137383,MOLECULAR NETWORKS
137384,SQUAMOUS-CELL CARCINOMA
137385,METHYLATION ANALYSIS
137386,ADENOSINE-DEAMINASE
137387,MALIGNANT-MELANOMA
137388,BLADDER-CANCER
137389,GROWTH-FACTOR
137390,CLOCK
137391,NON-CODING RNA
137392,CELL-DEATH
137393,HUMAN CANCERS
137394,ONLINE MENDELIAN INHERITANCE
137395,MAN OMIM
137396,KNOWLEDGEBASE
137397,POLYMORPHISMS
137398,INHIBITS TUMOR ANGIOGENESIS
137399,BREAST-CANCER CELLS
137400,MUCUS
137401,MILD COGNITIVE IMPAIRMENT
137402,MEDIAL TEMPORAL ATROPHY
137403,LOBE ATROPHY
137404,SENSE MULTIPLE-ACCESS
137405,RADIO CHANNELS
137406,AREA TCP CONNECTIONS
137407,WIDE
137408,AREA ATM NETWORKS
137409,RED
137410,BROADCAST CHANNELS
137411,VEGAS
137412,SPURIOUS RETRANSMISSIONS
137413,END CONGESTION CONTROL
137414,NETWORK FLOW-CONTROL
137415,DUALITY MODEL
137416,SATURATION THROUGHPUT ANALYSIS
137417,SCHEDULING POLICIES
137418,SUBJECT
137419,FLIGHT SEARCH PATTERNS
137420,WANDERING ALBATROSSES
137421,NODE DISTRIBUTION
137422,MULTICAST CAPACITY
137423,THROUGHPUT TRADEOFFS
137424,ANTENNAS
137425,ALOHA
137426,PRIVATE NETWORKS
137427,SCHEDULING ALGORITHM
137428,COGNITIVE RADIO NETWORKS
137429,DEMAND DATA BROADCAST
137430,DSRC
137431,MALICIOUS ATTACKS
137432,ENERGY REPLENISHMENT
137433,ORGANIZATIONAL INNOVATION
137434,LIFE-INSURANCE
137435,INDUSTRIES
137436,HOARE LOGIC
137437,TRAVELS
137438,OPEN SYSTEMS INTERCONNECTION
137439,REFERENCE MODEL
137440,EARLY PROGRAMMING ACTIVITY
137441,EDSAC
137442,DIGITAL COMPUTERS
137443,HIGHER EDUCATION
137444,UNIVERSITIES
137445,SCIENTISTS
137446,FILE MANAGEMENT SYSTEMS
137447,DATA BASE
137448,MANAGEMENT SYSTEM
137449,IMS
137450,RETRIEVAL SYSTEMS
137451,FILES
137452,MILITARY
137453,INVENTIONS
137454,PIONEER
137455,MEMOIRS
137456,ARPANET
137457,INTELLECTUAL PROPERTY
137458,PATENTS
137459,MANCHESTER COMPUTER
137460,BLAST ARCHITECTURE
137461,PARITY-CHECK CODES
137462,COMMUNICATION-SYSTEMS
137463,FREQUENCY OFFSET
137464,RANDOM NETWORKS
137465,DIVERSITY RECEIVERS
137466,PROPAGATION CHANNEL
137467,RADIO PROPAGATION
137468,COOPERATIVE DIVERSITY
137469,ERROR RATES
137470,SPATIAL MODULATION
137471,LIMITED FEEDBACK
137472,FADING CORRELATION
137473,SIMULTANEOUS WIRELESS INFORMATION
137474,OFDMA SYSTEMS
137475,5G SYSTEMS
137476,NONORTHOGONAL MULTIPLE-ACCESS
137477,HOT-POTATO
137478,ARQ
137479,BAND WIRELESS ACCESS
137480,RADIO SYSTEMS
137481,COHERENT
137482,LED LIGHTS
137483,ANTENNA SYSTEMS
137484,CDMA SYSTEMS
137485,CELLULAR COMMUNICATIONS
137486,AIRCRAFT SYSTEMS
137487,NOMA
137488,RAIN ATTENUATION DISTRIBUTIONS
137489,ORBITAL DIVERSITY EXPERIMENT
137490,FADE DURATION STATISTICS
137491,SITE DIVERSITY
137492,CONTROL ALGORITHM
137493,10 GHZ
137494,WEIGHTED STEINER TREES
137495,INTERVEHICLE COMMUNICATIONS
137496,TERMINALS
137497,CSMA
137498,TAG COLLISION ARBITRATION
137499,MULTIHOP BROADCAST
137500,DATA DELIVERY
137501,DYNAMIC POWER MANAGEMENT
137502,RENEWABLE ENERGY
137503,DEMAND RESPONSE
137504,COMMUNICATION ARCHITECTURE
137505,DATA VORTEX
137506,ACCELERATION DATA
137507,CROSS-LAYER OPTIMIZATION
137508,CHANNEL CAPACITY
137509,LINK ADAPTATION
137510,TRANSMISSION-CAPACITY
137511,SPECTRUM ALLOCATION
137512,DOWNLINK SINR
137513,OUTAGE
137514,TOPOLOGY-AWARENESS
137515,USER COOPERATION DIVERSITY
137516,MACHINE COMMUNICATIONS
137517,GAUSSIAN INTERFERENCE
137518,CAPACITY REGION
137519,UNDERLAY
137520,DEPENDABILITY EVALUATION
137521,POWERED COMMUNICATION-NETWORKS
137522,SUM-RATE MAXIMIZATION
137523,LARGE-SCALE NETWORKS
137524,SIMULTANEOUS INFORMATION
137525,INTERFERENCE CHANNEL
137526,ANTENNA SELECTION
137527,CMOS RECTIFIER
137528,RADIO ACCESS NETWORKS
137529,SMALL-CELL NETWORKS
137530,BACKHAUL
137531,MILLIMETER-WAVE COMMUNICATIONS
137532,MOBILE BROAD-BAND
137533,INTERFERENCE MANAGEMENT
137534,60 GHZ
137535,PROPAGATION MEASUREMENTS
137536,DIRECTIONAL ANTENNAS
137537,C-RAN
137538,NETCONF
137539,ENERGY-EFFICIENT LOCALIZATION
137540,SIGNAL-STRENGTH
137541,GO BEHAVIOR
137542,HANDOVER
137543,SUCCESSIVE INTERFERENCE CANCELLATION
137544,AWARE POWER-CONTROL
137545,SERVICE MIGRATION
137546,CLOUDLETS
137547,TRANSFER SYSTEM
137548,MIMO-NOMA
137549,INTERFERENCE ALIGNMENT
137550,ORIENTED INTERNET
137551,ACO ALGORITHMS
137552,DANGER
137553,OTHELLO
137554,POKER
137555,ADAPTIVE FILTERS
137556,STATISTICAL-DATA
137557,FUZZISTICS
137558,NEGATIVE CORRELATION
137559,CRITIC LEARNING TECHNIQUES
137560,STATIC COMPENSATOR
137561,CONTROL SCHEME
137562,VISUAL-EVOKED POTENTIALS
137563,FACE DETECTION
137564,NEOCOGNITRON
137565,CROSSOVER
137566,MULTIMACHINE POWER-SYSTEM
137567,WIDE-AREA CONTROL
137568,ADAPTIVE-CONTROL
137569,COMPENSATOR
137570,EDGE-PRESERVING RESTORATION
137571,HIGHLY CORRUPTED IMAGES
137572,IMPULSE NOISE
137573,DETECTOR
137574,FORMATION FLIGHT CONTROL
137575,SPACECRAFT
137576,AERIAL VEHICLE
137577,TIME-SERIES PREDICTION
137578,TIME ADAPTIVE CLASSIFIERS
137579,DYNAMIC DATA STREAMS
137580,WEIGHTED MAJORITY
137581,COMPUTATIONAL INTELLIGENCE
137582,EXTREMELY RANDOMIZED TREES
137583,ROTATION FOREST
137584,WIND-SPEED
137585,COMMON SPATIAL-PATTERNS
137586,SINGLE TRIAL EEG
137587,SUBJECT-TRANSFER
137588,SENTIMENT ANALYSIS INTRODUCTION
137589,AUTOASSOCIATIVE MEMORY
137590,THETA-RHYTHM
137591,SPIKE
137592,DOMINANCE RELATION
137593,NET
137594,POPULAR CONTENT DISTRIBUTION
137595,POKEMON GO
137596,ENERGY FUNCTION
137597,AMDAHLS LAW
137598,RESISTIVE SWITCHING MEMORIES
137599,LATENCY DRAM
137600,RETHINKING
137601,UNIVERSAL MEMORY
137602,HEAD-MOUNTED DISPLAYS
137603,SEE-THROUGH
137604,TRACKING SYSTEM
137605,SURGICAL SIMULATION
137606,MOTION TRACKING
137607,NARRATIVE VISUALIZATION
137608,PROGRESS
137609,TACTILE DISPLAY
137610,QUESTIONNAIRES
137611,BROAD-BAND ENGINE
137612,BLAST ALGORITHM
137613,SOFT LITHOGRAPHY
137614,ENERGY HARVESTING CIRCUIT
137615,SRAMS
137616,ACTIVITY CLASSIFICATION
137617,VITAL SIGNS
137618,TCAM
137619,SMART HOMES
137620,COAP
137621,SERVICE-ORIENTED MIDDLEWARE
137622,ADAPTIVE MIDDLEWARE
137623,INTERNET DATA CENTERS
137624,DATA-INJECTION ATTACKS
137625,ATTESTATION
137626,WIRELESS SENSOR
137627,COOPERATIVE CELLULAR NETWORKS
137628,RELAY SELECTION
137629,AUCTION
137630,WAVE-FORMS DETECTION
137631,QT
137632,PULSE OXIMETRY
137633,ANESTHESIA
137634,ENCRYPTED DATA
137635,SOUND
137636,DEEP-BRAIN-STIMULATION
137637,QUANTUM DOTS
137638,DRUG-SENSITIVITY
137639,HUMAN CONNECTOME
137640,EVEROLIMUS SENSITIVITY
137641,ELECTRONIC WEIGHING SCALE
137642,SYSTOLIC TIME INTERVALS
137643,CORONARY-ARTERY DISEASE
137644,BATHROOM-SCALE
137645,SLEEP
137646,RESPIRATION
137647,BED
137648,UNCONSTRAINED WALKING
137649,RATING-SCALE
137650,STEP LENGTH
137651,LOWER TRUNK
137652,WII-FIT
137653,NINTENDO WII
137654,FACILITATION
137655,GRADIENT VECTOR FLOW
137656,BORDER DETECTION
137657,CONVOLUTIONAL NEURAL-NETWORKS
137658,COMPUTER INTERFACE BCI
137659,FEATURE REPRESENTATION
137660,COMMON CAROTID-ARTERY
137661,THICKNESS MEASUREMENTS
137662,CARDIOVASCULAR EVENTS
137663,BOUNDARY DETECTION
137664,DEFORMABLE PART MODELS
137665,COMPUTERIZED DETECTION
137666,MOTION-COMPENSATING PREDICTION
137667,ERROR CONTROL
137668,ANTENNA-ARRAYS
137669,TRELLIS-CODED MODULATION
137670,MULTIPATH ANGULAR SPREAD
137671,CROSS-CORRELATION
137672,MOBILE RADIO
137673,ENVELOPES
137674,DENSE MULTIPATH ENVIRONMENTS
137675,RADIO PROPAGATION CHANNEL
137676,CELLULAR RADIO SYSTEMS
137677,DENSE MULTIPATH CHANNELS
137678,STATISTICAL-MODEL
137679,SPREADING BANDWIDTH
137680,RAKE RECEPTION
137681,910 MHZ
137682,OPTIMAL RESOURCE-ALLOCATION
137683,MULTIELEMENT ANTENNA SYSTEMS
137684,MULTIACCESS FADING CHANNELS
137685,STATE INFORMATION
137686,SPATIAL MULTIPLEXING SYSTEMS
137687,ORTHOGONAL DESIGNS
137688,MULTI-THREADED PROGRAMS
137689,CONFIDENTIALITY
137690,CONFINEMENT
137691,INFORMATION-THEORETIC CONSIDERATIONS
137692,NANOTUBE ELECTRONICS
137693,SPECTRUM ESTIMATION
137694,TCP VEGAS
137695,HOC WIRELESS NETWORKS
137696,SUM CAPACITY
137697,DIRTY PAPER
137698,JOINTLY OPTIMAL CONGESTION
137699,FINITE-RATE FEEDBACK
137700,MIMO BROADCAST CHANNELS
137701,MULTIPLE-ANTENNA SYSTEMS
137702,RAYLEIGH FADING CHANNELS
137703,EQUAL GAIN TRANSMISSION
137704,ADDITIVE NOISE CHANNELS
137705,ADAPTIVE MODULATION
137706,QUANTIZED FEEDBACK
137707,OPTIMUM TRANSMISSION RANGES
137708,CONTINUUM PERCOLATION
137709,POISSON FIELD
137710,TRANSPORT CAPACITY
137711,UPPER-BOUNDS
137712,MULTIPLE-ACCESS CHANNEL
137713,MULTIUSER RECEIVERS
137714,BROADCAST CHANNEL
137715,SINR CONSTRAINTS
137716,WAVE-EQUATION
137717,SPREAD-SPECTRUM SIGNALS
137718,FEMTOCELL NETWORKS
137719,DISTRIBUTED ANTENNA SYSTEMS
137720,UPLINK CAPACITY
137721,WIMAX
137722,LTE
137723,OPTIMAL POWER ALLOCATION
137724,INTERFERENCE COORDINATION
137725,HETEROGENEOUS NETWORKS
137726,STOCHASTIC GEOMETRY
137727,MULTIUSER MIMO
137728,2-TIER FEMTOCELL NETWORKS
137729,HETEROGENEOUS CELLULAR NETWORKS
137730,EFFICIENT RESOURCE-ALLOCATION
137731,MILLIMETER-WAVE PROPAGATION
137732,BASE STATION
137733,USER ASSOCIATION
137734,LIMITED DYNAMIC-RANGE
137735,SELF-INTERFERENCE
137736,ACHIEVABLE RATES
137737,PHASE-NOISE
137738,MIMO RELAYS
137739,TX LEAKAGE
137740,CANCELER
137741,PHASED-ARRAYS
137742,RADIO CHANNEL
137743,OF-CHARGE KNOWLEDGE
137744,RECHARGEABLE TRANSMITTER
137745,MANAGEMENT POLICIES
137746,GAUSSIAN CHANNELS
137747,INDOOR
137748,COOPERATIVE COMMUNICATIONS
137749,IEEE 802.11AH
137750,RAPTOR CODES
137751,ORTHOGONAL MATCHING PURSUIT
137752,MASSIVE-MIMO
137753,MILLIMETER-WAVE-PROPAGATION
137754,WIRELESS COMMUNICATION-NETWORKS
137755,SELF-INTERFERENCE CANCELLATION
137756,SCALE ANTENNA-ARRAYS
137757,COORDINATED MULTIPOINT
137758,HETNETS
137759,CORRELATED MIMO CHANNELS
137760,PATH LOSS MODELS
137761,BEAMSPACE-MIMO
137762,5G NETWORKS
137763,CORRELATED FADING CHANNELS
137764,ADDRESS
137765,SINGLE-PASS
137766,CUDA
137767,RESONATOR
137768,BENCHMARKING
137769,DEEP NEURAL-NETWORKS
137770,RESILIENT WATERMARKING
137771,DIGITAL ANESTHESIA
137772,PRECISION GRIP
137773,TRANSMISSION-SYSTEM
137774,BROADCAST SERVICES
137775,DVB-H
137776,DMB
137777,CODING HEVC
137778,SEMANTIC ANALYSIS
137779,VOCABULARY
137780,ONLY MULTIMEDIA CIPHERS
137781,QUANTITATIVE CRYPTANALYSIS
137782,PLAINTEXT ATTACKS
137783,EMBEDDING FRAGILE WATERMARKING
137784,WAVELENGTH ASSIGNMENT
137785,SONET/WDM RINGS
137786,WAVELENGTH-ROUTED NETWORKS
137787,LAN
137788,IEEE 802.11E
137789,QOS SUPPORT
137790,ROUND-ROBIN
137791,WIRELESS LAN
137792,UMTS
137793,PON
137794,CATTLE
137795,ACTIVITY EVENTS
137796,ENERGY-INTAKE
137797,CODA
137798,AM I
137799,TAGS
137800,CRYPTOGRAPHICALLY GENERATED ADDRESSES
137801,DATA DIVERSITY
137802,FORMAL METHODS APPLICATION
137803,EMPIRICAL TALE
137804,ADAPTIVE SOFTWARE
137805,ONLINE SERVICE SYSTEMS
137806,SMART TEMPERATURE SENSOR
137807,PROBABILISTIC DATA ASSOCIATION
137808,GAIT RECOGNITION
137809,POWER-SYSTEMS
137810,ELECTRIC-DRIVE VEHICLES
137811,FUEL-CELL VEHICLES
137812,UTILITY MAXIMIZATION
137813,ADAPTIVE SYSTEMS PERSPECTIVE
137814,RELIABILITY EVALUATION
137815,CHAIN NETWORKS
137816,FLOW NETWORK
137817,MANUFACTURING ENVIRONMENT
137818,CELLULAR-AUTOMATON MODEL
137819,FIRE SPREAD
137820,WILDLAND FIRE
137821,UNIT COMMITMENT
137822,AUTOMATIC-GENERATION CONTROL
137823,AGC
137824,VOLTAGE CONTROL
137825,INTEGRAL-DERIVATIVE CONTROLLER
137826,AVR SYSTEM
137827,COMPETITIVE MARKET
137828,ARIMA MODELS
137829,ECONOMIC EMISSION DISPATCH
137830,POWER DISPATCH
137831,COST FUNCTION
137832,HYBRID EP
137833,ABCD RULE
137834,DERMATOSCOPY
137835,GENETIC-ALGORITHM
137836,MEDICAL DEVICES
137837,ENERGY-SYSTEMS
137838,DRIVE VEHICLES
137839,SAFETY SYSTEMS
137840,MEDIUM ACCESS
137841,HETEROGENEOUS WIRELESS NETWORKS
137842,WATER-POLLUTION
137843,MODIS
137844,ENERGY-STORAGE
137845,BODY AREA NETWORKS
137846,VOLTAGE UNBALANCE COMPENSATION
137847,SECONDARY CONTROL
137848,MODE
137849,HIERARCHICAL CONTROL
137850,INVERTERS
137851,AC
137852,FRONTAL EEG ASYMMETRY
137853,SELF-ASSESSMENT MANNEQUIN
137854,PUPIL
137855,AFFECT PROGRAMS
137856,PUPIL LIGHT REFLEX
137857,CULTURAL-DIFFERENCES
137858,SEMANTIC DIMENSIONS
137859,POINT-LIGHT DISPLAYS
137860,COPYING BEHAVIOR
137861,GAIT PATTERNS
137862,SEX
137863,VALENCE
137864,MOBILE PHONE USE
137865,MANIFEST PERSONALITY
137866,EXTROVERSION
137867,AFFECTIVE CONTENT REPRESENTATION
137868,MULTIMEDIA CONTENT-ANALYSIS
137869,VOCAL EXPRESSION
137870,EMBODIED CONVERSATIONAL AGENT
137871,SPOKEN DIALOGUE SYSTEMS
137872,AFFECT INTENSITY
137873,EXPRESSION RECOGNITION
137874,DROWSINESS
137875,WEBCAM
137876,EVENT-RELATED SYNCHRONIZATION
137877,MOTIVATIONAL DIRECTION
137878,ANGER
137879,DESYNCHRONIZATION
137880,THETA
137881,AROUSAL
137882,M-QAM
137883,DYNAMIC BANDWIDTH ALLOCATION
137884,ATM
137885,DATA-TRANSMISSION
137886,SEPTEMBER 1999
137887,VOL. 45
137888,POWER REDUCTION
137889,SYMBOL TIMING RECOVERY
137890,FREQUENCY OFFSET ESTIMATION
137891,FRAME SYNCHRONIZATION
137892,DIGITAL MODEMS
137893,TDS-OFDM
137894,CARRIER
137895,TO-AVERAGE POWER
137896,PEAK FACTOR
137897,MULTICARRIER MODULATION
137898,PTS
137899,NONLINEAR COMPANDING TRANSFORM
137900,LOW COMPUTATIONAL-COMPLEXITY
137901,PAPR REDUCTION
137902,CONSTELLATION EXTENSION
137903,MULTITONE SIGNALS
137904,AUDIOVISUAL QUALITY
137905,MPEG-2 VIDEO
137906,MPEG-4
137907,MODE DECISION ALGORITHM
137908,INTERMODE DECISION
137909,HAND-HELD DEVICES
137910,BIT-RATE
137911,VISUAL SPEED PERCEPTION
137912,REFERENCE IMAGE
137913,IPTV
137914,PARALLAX DISTRIBUTION
137915,HUMAN STEREOPSIS
137916,APPARENT DEPTH
137917,MOTION IMAGES
137918,HDTV
137919,ACCOMMODATION
137920,VERGENCE
137921,VIEWING ZONE
137922,SOLID-STATE
137923,AUTOSTEREOSCOPIC DISPLAYS
137924,VOLUMETRIC DISPLAY
137925,HOLOGRAPHY
137926,STEREOSCOPIC VIDEO
137927,IMAGE-QUALITY
137928,DTV
137929,DEPTH MAPS
137930,3D-TV
137931,AVERAGE POWER-RATIO
137932,ACTIVE CONSTELLATION EXTENSION
137933,OFDM SYSTEMS
137934,RESERVATION
137935,BINOCULAR FUSION
137936,NATURAL SCENE STATISTICS
137937,FREE-ENERGY PRINCIPLE
137938,STRUCTURAL SIMILARITY
137939,MULTIPATH-FADING CHANNELS
137940,BROADCASTING SYSTEMS
137941,KEY TECHNOLOGIES
137942,PN-SEQUENCE
137943,VIDEO CODING STANDARD
137944,MODE DECISION
137945,VISUAL QUALITY
137946,VISIBLE-LIGHT COMMUNICATION
137947,VIDEO CODING HEVC
137948,BROADCASTING SYSTEM
137949,CLOUD TRANSMISSION-SYSTEM
137950,UNEQUAL ERROR PROTECTION
137951,LDM
137952,HTTP
137953,DASH
137954,CU SIZE DECISION
137955,BLOCK COPY
137956,UNEQUAL-ERROR-PROTECTION
137957,VIDEO CODING EXTENSION
137958,RATELESS CODES
137959,HEVC
137960,DECISION METHOD
137961,INTER-PREDICTION
137962,ENCODERS
137963,ANGULAR RESOLUTION
137964,NATURAL SCENE
137965,HDTV MULTIVISION SYSTEM
137966,FIBER-COAXIAL NETWORKS
137967,DOCSIS
137968,VIRTUAL MACHINE PLACEMENT
137969,COMPONENT RANKING
137970,VIRTUAL MACHINES
137971,DVS
137972,EARTH-MOVERS-DISTANCE
137973,INTRINSICALLY MOTIVATED EXPLORATION
137974,BOLTZMANN MACHINES
137975,OBJECT AFFORDANCES
137976,EMBODIED COGNITION
137977,TRAVERSABILITY
137978,CUE-BASED AGGREGATION
137979,DETECTING NEURON
137980,LOCUST
137981,DCMD
137982,AUTONOMOUS UNDERWATER VEHICLES
137983,COMPUTATIONAL POWER
137984,SYNAPSES WORKING
137985,RETINAL GANGLION-CELLS
137986,TRAINS
137987,RESUME
137988,PERCEIVING AFFORDANCES
137989,AREA F5
137990,SCALED INFORMATION
137991,ACTION PERSPECTIVE
137992,VISUAL GUIDANCE
137993,MACAQUE MONKEY
137994,TOOL USE
137995,WIRELESS COMMUNICATION
137996,TURBO CODES
137997,RECEIVER OPTIMIZATION
137998,JOINT TRANSMITTER
137999,INTERSYMBOL INTERFERENCE
138000,THEOREMS
138001,LATTICE
138002,ARY
138003,DENSITY EVOLUTION
138004,DIGITAL SUBSCRIBER LINES
138005,MULTIUSER POWER-CONTROL
138006,FDMA CAPACITY
138007,TO-END PERFORMANCE
138008,TRANSMISSION-SYSTEMS
138009,DUAL DECOMPOSITION
138010,INTERACTING QUEUES
138011,PEAK POWER
138012,ERROR PERFORMANCE
138013,RANDOM MATRICES
138014,RAYLEIGH FADING ENVELOPES
138015,AMPLIFY
138016,SPATIAL DIVERSITY
138017,SHOT-NOISE
138018,MOBILE RADIO SYSTEMS
138019,RANDOM-ACCESS SCHEME
138020,4 TRANSMIT ANTENNAS
138021,SUBCARRIER
138022,FEEDBACK DELAY
138023,DOMAIN EQUALIZATION
138024,MULTICARRIER
138025,OFFSET
138026,SUBCHANNEL
138027,MOBILE RADIO ENVIRONMENT
138028,DELAY-SPREAD
138029,PATH LOSS
138030,5G MOBILE
138031,UNMANNED AIRCRAFT SYSTEMS
138032,COMMUNICATION RELAY
138033,MIMO CHANNELS
138034,PHYSICAL LAYER SECURITY
138035,UNDERLAY NETWORKS
138036,BREAKING
138037,MULTI-ANTENNA TRANSMISSION
138038,ARTIFICIAL-NOISE
138039,INDOOR RADIO CHANNEL
138040,RANGE WIRELESS COMMUNICATIONS
138041,MAC LAYER PERSPECTIVE
138042,PROPAGATION CHARACTERISTICS
138043,CAPACITY ANALYSIS
138044,MONOTONIC OPTIMIZATION
138045,COUPLED MAGNETIC RESONANCES
138046,MIMO INTERFERENCE CHANNEL
138047,NONLINEAR-INTERACTION
138048,RELAYING PROTOCOLS
138049,SECRECY CAPACITY
138050,UCT
138051,MULTIARMED BANDIT PROBLEM
138052,COMPUTER-GO
138053,CHAMPIONSHIP
138054,BAYESIAN MODEL
138055,COMPUTER INTERFACES
138056,BOTS
138057,ITERATED PRISONERS-DILEMMA
138058,HYPER-HEURISTIC APPROACH
138059,PURE STRATEGY
138060,TRAVELING SALESMEN
138061,GOOFSPIEL
138062,RECURRENT NETWORKS
138063,DETAIL
138064,AB MODULO-M
138065,COMPUTER ALGORITHM
138066,VLSI IMPLEMENTATION
138067,NUMBER GENERATION
138068,BUFFER MANAGEMENT
138069,MULTIPLICATION
138070,RELATIVE NEIGHBORHOOD GRAPH
138071,370 VECTOR ARCHITECTURE
138072,N-CUBE NETWORKS
138073,MOBIUS CUBES
138074,DOMINATING SETS
138075,TO-DIGITAL CONVERTER
138076,DECENTRALIZED DETECTION
138077,A-CHIP PLATFORMS
138078,STEINER POINTS
138079,ULTRA-COMPACT
138080,WORMHOLE
138081,AGREEMENT PROTOCOL
138082,DIPOLE ANTENNAS
138083,NANOWIRE
138084,STORAGE-SYSTEM
138085,NASH EQUILIBRIA
138086,SELFISH
138087,ANARCHY
138088,EFFICIENT DATA-COLLECTION
138089,COMPUTER-SYSTEMS
138090,DESIGN TECHNIQUES
138091,HETEROGENEOUS COMPUTING ENVIRONMENTS
138092,ACOUSTIC COMMUNICATIONS
138093,MONITORING SIGNAL DISTURBANCE
138094,DISTRIBUTION PROTOCOL
138095,EXPONENTIAL STABILITY
138096,COMPLEX DYNAMICAL NETWORKS
138097,EXPONENTIAL SYNCHRONIZATION
138098,CONSENSUS SEEKING
138099,OUTPUT-FEEDBACK STABILIZATION
138100,TRACKING CONTROL
138101,DECENTRALIZED STABILIZATION
138102,OBSERVER
138103,OUTPUT-FEEDBACK CONTROL
138104,GUARANTEED COST CONTROL
138105,TOLERANT CONTROL
138106,DYNAMIC SURFACE CONTROL
138107,TIME-DELAY SYSTEMS
138108,BACKSTEPPING CONTROL
138109,DECENTRALIZED CONTROL
138110,CONTROL DESIGN
138111,LMI
138112,NEURAL-NETWORK CONTROL
138113,FUZZY CONTROL
138114,TELEOPERATORS
138115,BARRIER LYAPUNOV FUNCTION
138116,NONHOLONOMIC MOBILE MANIPULATORS
138117,ROBUST MOTION/FORCE CONTROL
138118,MIMO NONLINEAR-SYSTEMS
138119,DISCRETE-TIME-SYSTEMS
138120,LEARNING CONTROL
138121,NONQUADRATIC STABILIZATION CONDITIONS
138122,DISTRIBUTED COMPENSATION LAW
138123,TAKAGI-SUGENOS FORM
138124,QUADRATIC STABILITY
138125,FEEDBACK CONTROL
138126,TIME-DELAYS
138127,LEADER-FOLLOWING CONSENSUS
138128,SWARM SYSTEMS
138129,DISTURBANCES
138130,UNKNOWN DEAD-ZONE
138131,RELAXED STABILITY CONDITIONS
138132,FEEDBACK STABILIZATION
138133,NETWORK TRACKING CONTROL
138134,SMALL-GAIN APPROACH
138135,SAMPLED-DATA CONSENSUS
138136,MOBILE SENSOR NETWORKS
138137,H-INFINITY
138138,2ND-ORDER CONSENSUS
138139,AVERAGE CONSENSUS
138140,SUFFICIENT CONDITIONS
138141,COORDINATED CONTROL
138142,HYBRID CONTROL
138143,QUANTIZED MEASUREMENTS
138144,ENERGY CONSTRAINT
138145,ESTIMATION FUSION
138146,JUMP SYSTEMS
138147,NONLINEARITIES
138148,UNKNOWN CONTROL DIRECTIONS
138149,COORDINATION CONTROL
138150,LIMITED INFORMATION
138151,INPUT QUANTIZATION
138152,UNCERTAIN SYSTEMS
138153,STEEL JACKET PLATFORMS
138154,RELIABLE CONTROL
138155,NEUTRAL-TYPE
138156,CHARGE COLLECTION MEASUREMENTS
138157,TERRESTRIAL COSMIC-RAYS
138158,MULTIPLE-BIT UPSET
138159,SEU MEASUREMENTS
138160,GROUND-LEVEL
138161,ION TRACKS
138162,NEUTRONS
138163,PROTONS
138164,PHASED-MISSION SYSTEMS
138165,BDD-BASED ALGORITHM
138166,REAL-TIME-SYSTEMS
138167,TRUST-MANAGEMENT
138168,ADVERSARIES
138169,COHERENT SYSTEMS
138170,FAULT-TREES
138171,RANDOM KEY PREDISTRIBUTION
138172,SASI
138173,ATTACK GRAPHS
138174,PUBLIC-KEY CRYPTOSYSTEMS
138175,SECURITY ANALYSIS
138176,USER ANONYMITY
138177,CONTROL ALGORITHMS
138178,GENERATOR MATRICES
138179,PRIME
138180,DOS ATTACKS
138181,BASE STATION ASSOCIATION
138182,MULTIITEM AUCTIONS
138183,GRAPH BIPARTITIONING PROBLEM
138184,CROSS-REACTIVITY
138185,MATURATION
138186,GENETIC ALGORITHM SOLUTION
138187,BLADE DESIGN
138188,POWER-SYSTEM HARMONICS
138189,PERFORMANCE ASSESSMENT
138190,OPTIMIZERS
138191,GENETIC LOCAL SEARCH
138192,DATA SELECTION
138193,OPTIMAL CAPACITOR PLACEMENT
138194,INTERIOR-POINT METHOD
138195,UNIT-COMMITMENT
138196,REACTIVE POWER
138197,LAGRANGIAN-RELAXATION
138198,LOAD CONTROL
138199,GLOBAL OPTIMIZATION ALGORITHMS
138200,PREMATURE CONVERGENCE
138201,OPTIMA
138202,EVOLUTIONARY OPTIMIZATION
138203,POPULATION-SIZE REDUCTION
138204,HYBRID PARTICLE SWARM
138205,NOISY OPTIMIZATION
138206,SIMULATED ANNEALING ALGORITHM
138207,STOCHASTIC SEARCH ALGORITHMS
138208,PARETO-OPTIMAL SOLUTIONS
138209,LINKAGE IDENTIFICATION
138210,MULTIOBJECTIVE GENETIC ALGORITHMS
138211,MULTIOBJECTIVE FEATURE-SELECTION
138212,FINANCIAL DISTRESS PREDICTION
138213,MEMETIC FEATURE-SELECTION
138214,SCALE FEATURE-SELECTION
138215,BALANCING CONVERGENCE
138216,DISTRIBUTION ALGORITHM
138217,MULTICRITERION OPTIMIZATION
138218,SCALARIZING FUNCTIONS
138219,GENETIC SEARCH
138220,SORT
138221,EXPECTED-IMPROVEMENT CRITERIA
138222,SOCIAL FACILITATION
138223,STIFFNESS
138224,DIRECTIONAL SENSITIVITY
138225,TACTILE FEEDBACK
138226,FORCE FEEDBACK
138227,LAPAROSCOPIC SURGERY
138228,INVASIVE SURGERY
138229,CONTROLLED-TRIAL
138230,PALPATION
138231,ROBOTIC SURGERY
138232,TELEOPERATION
138233,FEEL
138234,SIZE-WEIGHT ILLUSION
138235,HORIZONTAL-VERTICAL ILLUSION
138236,MULLER-LYER-ILLUSION
138237,INTERSTIMULUS ONSET INTERVAL
138238,PRIMARY SOMATOSENSORY CORTEX
138239,VIBRATION-INDUCED ILLUSIONS
138240,RUBBER HAND ILLUSION
138241,CUTANEOUS RABBIT
138242,TENDON VIBRATION
138243,ACTIVE TOUCH
138244,CONSTANT-TIME DELAY
138245,NEEDLE INSERTION
138246,HAPTIC INTERFACE
138247,NEUROLOGIC INJURY
138248,PHYSICAL-GUIDANCE
138249,CURVATURE DISCRIMINATION
138250,SKIN
138251,NEURAL CODING MECHANISMS
138252,TACTUAL IMPRESSIONS
138253,PERCEIVED ROUGHNESS
138254,TANGENTIAL FORCE
138255,GROOVED SURFACES
138256,MECHANORECEPTORS
138257,PERCEPTUAL DIMENSIONS
138258,TACTILE ROUGHNESS
138259,TARGETED REINNERVATION AMPUTEES
138260,HAND SYNERGIES
138261,VIBROTACTILE
138262,LATERAL CONTROL ASSISTANCE
138263,STEERING BEHAVIOR
138264,SHARING CONTROL
138265,AUTHORITY
138266,IMPEDANCE CONTROL
138267,CHRONIC STROKE
138268,HEMIPARESIS
138269,HUMAN-MACHINE COOPERATION
138270,ADAPTIVE CRUISE CONTROL
138271,WARNING SIGNALS
138272,STEERING WHEEL
138273,TACTILE
138274,ASSISTANCE
138275,HAPTIC INTERACTION
138276,PASSIVITY
138277,OPTIMAL DECISION-MAKING
138278,HAPTIC IDENTIFICATION
138279,GRIP FORCE CONTROL
138280,GLABROUS SKIN
138281,PERTURBATIONS
138282,UNMYELINATED TACTILE AFFERENTS
138283,INDEX FINGER
138284,EXOSKELETON
138285,CUTANEOUS FORCE FEEDBACK
138286,SENSORY SUBTRACTION
138287,ENSURE
138288,KINEMATIC ANALYSIS
138289,GRIP FORCE
138290,RADIATION PRESSURE
138291,DAMPERS
138292,BRAKE
138293,DELAYED COMMUNICATION-NETWORKS
138294,MULTIPLE COOPERATIVE ROBOTS
138295,DUAL-USER TELEOPERATION
138296,SHARED-CONTROL
138297,CONTROL ARCHITECTURE
138298,TRILATERAL TELEOPERATION
138299,COUPLED STABILITY
138300,FINGERPRINT VERIFICATION
138301,PERSONAL IDENTIFICATION
138302,IRIS RECOGNITION
138303,COMMON RANDOMNESS
138304,INDOOR CHANNEL
138305,TIME-DOMAIN
138306,EXPOSING DIGITAL FORGERIES
138307,STEGANOGRAPHIC SCHEME
138308,MODULUS FUNCTION
138309,SUBSTITUTION
138310,GREEN-NOISE MASKS
138311,LEVEL IMAGES
138312,STRUCTURAL STEGANALYSIS
138313,UNAUTHENTICATED PUBLIC CHANNELS
138314,PRIVACY AMPLIFICATION
138315,RECONCILIATION
138316,DIGITAL IMAGE FORENSICS
138317,WET PAPER CODES
138318,EMBEDDING EFFICIENCY
138319,DATA-HIDING SCHEME
138320,ONLINE SIGNATURE VERIFICATION
138321,EXPANSION
138322,DELEGATION
138323,GABOR FEATURE
138324,ENERGY IMAGE
138325,HUMAN AGE
138326,TEMPLATE
138327,FORGERY DETECTION
138328,ENERGY MANAGEMENT
138329,LIVENESS DETECTION
138330,SELLER WATERMARKING PROTOCOL
138331,KEYWORD RANKED SEARCH
138332,CLOUD DATA
138333,SPATIAL IMAGE STEGANOGRAPHY
138334,HYPOTHESIS-TESTING THEORY
138335,KEY-EXPOSURE
138336,MULTILEVEL
138337,RATE WIRELESS COMMUNICATION
138338,TRANSMITTER DIVERSITY
138339,UNITARY SPACE
138340,BLOCK-CODES
138341,TRELLIS COMPLEXITY
138342,BASIS REDUCTION
138343,CODE DECODER
138344,SHORTEST
138345,HARDNESS
138346,CODING THEOREM
138347,PROJECTION PURSUIT REGRESSION
138348,MULTIACCESS CHANNELS
138349,SMALLEST EIGENVALUE
138350,MULTIPLE-ACCESS CHANNELS
138351,MEMORYLESS BROADCAST CHANNEL
138352,RATE-DISTORTION FUNCTION
138353,ACHIEVABLE RATE REGION
138354,CORRELATED SOURCES
138355,MULTIPLE-ANTENNA CHANNEL
138356,PROBABILITY PROPAGATION
138357,ENTROPY NUMBERS
138358,LINEAR-OPERATORS
138359,ADAPTION
138360,REFLECTION SEISMOGRAMS
138361,UNCERTAINTY PRINCIPLES
138362,BINARY ERASURE CHANNEL
138363,OUTER BOUNDS
138364,SECRET KEY AGREEMENT
138365,TAP CHANNEL
138366,WIRETAP CHANNEL
138367,LDPC CODES
138368,SIMULTANEOUS SPARSE APPROXIMATION
138369,MULTIPLE-MEASUREMENT VECTORS
138370,SAMPLING THEOREM
138371,FINITE RATE
138372,LARGE UNDERDETERMINED SYSTEMS
138373,TREE APPROXIMATION
138374,WAVELET-DOMAIN
138375,PURSUIT
138376,UNION
138377,MEMORYLESS CHANNELS
138378,ERROR-PROBABILITY
138379,GAUSSIAN-CHANNEL
138380,BESSEL FUNCTIONS
138381,BLOCK LENGTHS
138382,RANDOM CODES
138383,INEQUALITY
138384,INEQUALITIES
138385,UPLINK-DOWNLINK DUALITY
138386,CAPACITY THEOREMS
138387,SECURE TRANSMISSION
138388,MINIMAL L(1)-NORM SOLUTION
138389,GAUSSIAN APPROXIMATION
138390,IMPERFECT CSI
138391,DISTRIBUTED STORAGE
138392,SPARSE-PARAMETER-ESTIMATION
138393,SENSOR ARRAYS
138394,SAMPLED-DATA
138395,SINUSOIDS
138396,BASE STATION ANTENNAS
138397,PHASE NOISE
138398,TRANSCEIVER IMPAIRMENTS
138399,RELATIVE ENTROPY
138400,PINSKERS
138401,DISTRIBUTED STORAGE-SYSTEMS
138402,X-RAY CRYSTALLOGRAPHY
138403,MULTIDIMENSIONAL SEQUENCE
138404,MAGNITUDE
138405,ENTRIES
138406,ALLOW
138407,STABLE SIGNAL RECOVERY
138408,PHASE RETRIEVAL
138409,HADAMARD DIFFERENCE SETS
138410,BENT FUNCTIONS
138411,WEIGHT DISTRIBUTIONS
138412,NONLINEAR FUNCTIONS
138413,CONTENT DELIVERY
138414,STATISTICAL CSI
138415,IMAGE-RECONSTRUCTION
138416,L(1)-MINIMIZATION
138417,ENTANGLEMENT-BREAKING
138418,SQUASHED ENTANGLEMENT
138419,CLASSICAL CAPACITY
138420,2ND-ORDER ASYMPTOTICS
138421,RELATIVE ENTROPIES
138422,KEY DISTRIBUTION
138423,TELEPORTATION
138424,DATA PLACEMENT
138425,BLIND INTERFERENCE ALIGNMENT
138426,ISCOD
138427,SPARSE PHASE RETRIEVAL
138428,INJECTIVITY
138429,REGENERATING CODES
138430,CSCL
138431,SOCIAL NETWORK ANALYSIS
138432,KNOWLEDGE CONVERGENCE
138433,MOTIVATION LOSSES
138434,FUNCTIONAL ROLES
138435,GROUP EFFICIENCY
138436,GROUP AWARENESS
138437,LABS
138438,WORKING-MEMORY CAPACITY
138439,USER MODEL
138440,3-TANK SYSTEM
138441,MUSEUM
138442,VISITOR
138443,HIGH-FUNCTIONING AUTISM
138444,SOCIAL-SKILLS
138445,INNOVATIVE TECHNOLOGIES
138446,SENSORY PROFILE
138447,MENTAL NUMBER LINE
138448,WHOLE NUMBER
138449,MATHEMATICS EDUCATION
138450,FRACTIONS
138451,MAGNITUDES
138452,COREGULATION
138453,RUBRICS
138454,RIGIDITY
138455,NP
138456,LOCATION SYSTEMS
138457,STATISTICAL DATABASES
138458,CONVERGECAST
138459,DTTV RECEPTION
138460,ADHOC MAC
138461,DOPPLER
138462,WORST
138463,MULTIHOP WIRELESS NETWORKS
138464,BANDWIDTH AGGREGATION
138465,RATE ALLOCATION
138466,INDOOR LOCALIZATION
138467,MAXIMUM THROUGHPUT
138468,UNDERLAY CELLULAR NETWORKS
138469,COMBINATORIAL AUCTION
138470,SPECTRUM AUCTION
138471,SINGULAR VALUE DECOMPOSITION
138472,ROBUST IMAGE WATERMARKING
138473,INDEPENDENT SPEAKER IDENTIFICATION
138474,VOWEL-RECOGNITION
138475,PERSON AUTHENTICATION
138476,SENSORY INTEGRATION
138477,SCENE ANALYSIS
138478,COMPRESSED VIDEO
138479,MPEG VIDEO
138480,OPTIMAL BIT ALLOCATION
138481,REAL-TIME VIDEO
138482,GRACEFUL DEGRADATION
138483,ERASURE CHANNELS
138484,ERROR-CORRECTION
138485,JOINT SOURCE
138486,RANDOM NUMBER GENERATION
138487,DIGITAL VIDEO
138488,MULTIMEDIA DATABASES
138489,USERS RELEVANCE FEEDBACK
138490,LAPLACIANFACES
138491,VIDEO RETRIEVAL
138492,PICTURES
138493,3D MODEL RETRIEVAL
138494,INSTRUMENT RECOGNITION
138495,ACOUSTIC FEATURES
138496,SOCIAL TAGS
138497,CROSS-MEDIA RETRIEVAL
138498,NONSUBSAMPLED CONTOURLET TRANSFORM
138499,PAIRWISE CONSTRAINTS
138500,HALLUCINATING FACES
138501,REMOTE-SENSING IMAGERY
138502,STEREOSCOPIC IMAGES
138503,GRADIENT MAGNITUDE
138504,NETWORK FUNCTION VIRTUALIZATION
138505,LOCATION PRIVACY
138506,SOFTWARE DEFINED NETWORKS
138507,ELASTIC OPTICAL NETWORKS
138508,DATA-SECURITY
138509,MATCHING PURSUITS
138510,EXPONENTIAL STABILIZATION
138511,BIDIRECTIONAL ASSOCIATIVE MEMORIES
138512,ROBUST EXPONENTIAL STABILITY
138513,DISTRIBUTED DELAYS
138514,GLOBAL ASYMPTOTIC STABILITY
138515,MIXED DELAYS
138516,UNKNOWN COVARIANCE
138517,INVERSE DYNAMICS
138518,VARYING DELAY
138519,GLOBAL STABILITY
138520,COMPLEX DYNAMICAL NETWORK
138521,PINNING CONTROL
138522,CONTINUOUS-TIME
138523,ABSOLUTE EXPONENTIAL STABILITY
138524,DESCRIPTOR SYSTEM APPROACH
138525,DELAY-DEPENDENT STABILITY
138526,REACTION-DIFFUSION TERMS
138527,COHEN-GROSSBERG MODEL
138528,DISCONTINUOUS ACTIVATION FUNCTIONS
138529,FUNCTIONAL-DIFFERENTIAL EQUATIONS
138530,DERIVING SUFFICIENT CONDITIONS
138531,NEAREST-NEIGHBOR CLASSIFICATION
138532,INITIAL SAMPLES
138533,REDUCTION TECHNIQUES
138534,BOOSTING ALGORITHMS
138535,AVERAGE-CONSENSUS
138536,NETWORKED CONTROL-SYSTEM
138537,OPTIMAL TRACKING CONTROL
138538,ONLINE LEARNING CONTROL
138539,UNCERTAIN NONLINEAR-SYSTEMS
138540,NN CONTROL
138541,FLOCKING
138542,SETPOINTS COMPENSATION
138543,UNMODELED DYNAMICS
138544,DEEP
138545,PURE-FEEDBACK SYSTEMS
138546,VARYING COMMUNICATION DELAYS
138547,BARRIER LYAPUNOV FUNCTIONS
138548,CONTROL DIRECTIONS
138549,NEURAL-NETWORK ARCHITECTURES
138550,RECURRENT
138551,MULTIPLICATIVE NOISES
138552,HUMANOID ROBOT
138553,COUPLED NEURAL-NETWORKS
138554,DISTRIBUTED SYNCHRONIZATION
138555,DATA STABILIZATION
138556,TIME COMPLEX NETWORKS
138557,PROCESSOR ALLOCATION
138558,PRACTICAL SCHEDULING SCHEME
138559,PARALLEL PROCESSORS
138560,UNKNOWN DISTANCE FUNCTION
138561,PROXIMITIES
138562,DISTRIBUTED-MEMORY MACHINES
138563,LOGP
138564,DATA PARALLELISM
138565,BENCHMARK
138566,DIFFUSION-APPROXIMATION
138567,RETRIEVABILITY
138568,DATA POSSESSION
138569,CLOUD STORAGE
138570,SURFACE COVERAGE
138571,SECURITY ISSUES
138572,ENERGY HOLE
138573,AMAZON EC2
138574,TENSOR DECOMPOSITION
138575,INTERCONNECT DESIGN
138576,WORKFLOW APPLICATIONS
138577,FLOWSHOP
138578,PRUDENT COMPROMISES
138579,NEGOTIATION AGENTS
138580,SELF-ORGANIZING MAP
138581,FRAMED-SLOTTED ALOHA
138582,TREE ALGORITHM
138583,MIX-ZONES
138584,SCALABILITY
138585,CPSS
138586,SELECTION ALGORITHM
138587,INSPIRED ALGORITHM
138588,CAD SYSTEMS
138589,SHARE
138590,COST-AWARE
138591,VIRTUAL MACHINE
138592,CHANGE PATTERNS
138593,DEFECTS
138594,DESIGN RATIONALE
138595,MEDICAL JOURNALS
138596,COMPUTER-PROGRAMS
138597,SOFTWARE QUALITY
138598,INCONSISTENCY
138599,PRODUCT FORM SOLUTION
138600,OBJECT-ORIENTED PROGRAMMERS
138601,MENTAL REPRESENTATIONS
138602,SUBGRAPH ISOMORPHISM
138603,FUNCTION-POINT ANALYSIS
138604,DEVELOPMENT EFFORT PREDICTION
138605,EFFORT ESTIMATION UNCERTAINTY
138606,PROJECT EFFORT ESTIMATION
138607,ERROR REMOVAL TIMES
138608,II FUNCTION POINTS
138609,VECTOR MACHINE CLASSIFIERS
138610,TEST DATA GENERATION
138611,FEATURE-INTEGRATION-THEORY
138612,ENTITY-RELATIONSHIP
138613,DIAGRAMS
138614,EXECUTION TRACE ANALYSIS
138615,DISCOVERING ARCHITECTURES
138616,LOCATING FEATURES
138617,RUNNING SYSTEMS
138618,JAVA SOFTWARE
138619,CODE ANALYSIS
138620,TEST-DATA GENERATION
138621,CASE PRIORITIZATION TECHNIQUES
138622,INTERFACE MUTATION
138623,WEAK MUTATION
138624,PROBABILISTIC TIMED AUTOMATA
138625,SPECIFICATION PATTERNS
138626,ORIENTED ARCHITECTURES
138627,ORIENTED DESIGN METRICS
138628,PRONE CLASSES
138629,WORMS
138630,REDUNDANCY ALLOCATION PROBLEM
138631,SERIES-PARALLEL SYSTEMS
138632,RELIABILITY ESTIMATION UNCERTAINTY
138633,DESIGN SPACE EXPLORATION
138634,COMPONENT-BASED SYSTEMS
138635,COMPOSITE WEB SERVICES
138636,TIME-TO-FAILURE
138637,CHANGEABILITY
138638,DECAY
138639,FAULT-PREDICTION
138640,PRONENESS
138641,ANOVA
138642,AUTOMATED TEST ORACLES
138643,ALGEBRAIC SPECIFICATIONS
138644,PRACTICAL APPROACH
138645,JAVA CLASSES
138646,BLACK-BOX
138647,PROGRAM BEHAVIOR
138648,STATISTICAL FAULT LOCALIZATION
138649,MESH SIMPLIFICATION PROGRAMS
138650,SOFTWARE APPLICATIONS
138651,IMAGING SOFTWARE
138652,LOGISTIC-REGRESSION ANALYSIS
138653,ERROR RATE
138654,PROGNOSTIC MODELS
138655,MOBILE APPS
138656,ANDROID APPLICATIONS
138657,SOFTWARE QUALITY PREDICTION
138658,FISH
138659,DRAWING GRAPHS
138660,CT
138661,VIRTUAL ENDOSCOPY
138662,COLON
138663,CENTERLINE
138664,VISUALIZATION TECHNIQUES
138665,ROUNDING TRANSFORM
138666,RETINA
138667,CONES
138668,LEVEL-SET APPROACH
138669,FAST MARCHING METHOD
138670,VOLUME DATA
138671,12-SUBITERATION THINNING ALGORITHM
138672,GENERALIZED POTENTIAL-FIELD
138673,ZOOM-INVARIANT VISION
138674,3D DIGITAL IMAGES
138675,FIGURAL SHAPE
138676,GRAPH VISUALIZATION
138677,REGIONALIZATION
138678,PLOTS
138679,VIRTUAL ENVIRONMENT
138680,IN-CAR COMMUNICATION
138681,INFORMATION VISUALIZATIONS
138682,VIEW VISUALIZATION
138683,DENSITY MAPS
138684,INTERACTIVE VISUAL ANALYSIS
138685,EULER DIAGRAMS
138686,CUSTOMER FEEDBACK
138687,TEXT COLLECTIONS
138688,INTERACTIVE EXPLORATION
138689,PROTEIN CAVITIES
138690,REALITY EXPOSURE THERAPY
138691,SELF-REPORT
138692,FEAR
138693,FLOW DATA
138694,PRESENTATIONS
138695,3D TRACKING
138696,KEYPOINT
138697,DEPTH-OF-FOCUS
138698,COCHANNEL INTERFERENCE
138699,CODED MODULATION
138700,ITERATIVE MULTIUSER DETECTION
138701,FEC
138702,TIME SIGNAL-DESIGN
138703,TRANSMIT ANTENNAS
138704,INTERLEAVED CODED MODULATION
138705,LINEAR RECEIVERS
138706,CLOSED-FORM
138707,CONSTELLATIONS
138708,USER SELECTION
138709,MIMO-OFDMA
138710,MULTIUSER DIVERSITY
138711,PACKET DATA SYSTEMS
138712,RECEIVE ANTENNA SELECTION
138713,OUTPUT WIRELESS SYSTEMS
138714,BEAMFORMING DESIGN
138715,MIMO BROADCAST CHANNEL
138716,MULTIUSER OFDM SYSTEMS
138717,UNMANNED AERIAL VEHICLES
138718,CELLULAR-SYSTEMS
138719,SWIPT SYSTEMS
138720,PILOT CONTAMINATION ELIMINATION
138721,MULTICELL MULTIUSER MIMO
138722,OFFSET ESTIMATION
138723,CFO
138724,PCS SYSTEMS
138725,CLIPPING NOISE
138726,MIMO-OFDM
138727,CDMA MOBILE RADIO
138728,MULTICARRIER CDMA
138729,DS/CDMA SYSTEMS
138730,JOINT DETECTION
138731,COMMUNICATION CHANNELS
138732,MOBILE CHANNELS
138733,POWER-CONTROL ALGORITHM
138734,M2M COMMUNICATIONS
138735,FUNDAMENTALS
138736,OMA
138737,SECRECY COMMUNICATIONS
138738,NETWORK LOCALIZATION
138739,ORTHOGONAL MULTICARRIER CDMA
138740,FADING CHANNEL
138741,GUIDE TRANSITION
138742,INFRARED CHANNELS
138743,MOBILE COMMUNICATIONS-SYSTEMS
138744,BORN ITERATIVE METHOD
138745,INVERSE SCATTERING
138746,PACKET WIRELESS ACCESS
138747,PLANAR MONOPOLE ANTENNAS
138748,MRC
138749,LINBO3 WAVE-GUIDES
138750,WDM MESH NETWORKS
138751,WAVELENGTH CONVERSION
138752,CROSS-CONNECTS
138753,MATRIX SWITCH
138754,MULTIPLEXER
138755,LOSSY HALF-SPACE
138756,DIFFRACTION TOMOGRAPHY
138757,NONACTIVE ANTENNA COMPENSATION
138758,DECISION-FEEDBACK EQUALIZATION
138759,CYCLIC DELAY DIVERSITY
138760,TURBO-CODED HARQ
138761,PRE-EQUALIZATION
138762,ANTENNA DIVERSITY
138763,MC-CDMA
138764,ERLANG CAPACITY
138765,PERIOD
138766,COUPLED POWER EQUATIONS
138767,MULTICAST-BASED INFERENCE
138768,UNICAST
138769,DB
138770,NEW-GENERATION NETWORK
138771,SPARSE CHANNEL ESTIMATION
138772,BLIND IDENTIFICATION
138773,THRESHOLDING ALGORITHM
138774,SUBSPACE METHODS
138775,DIM MOVING TARGETS
138776,RADARS
138777,RADIATION Q
138778,INTERCELL INTERFERENCE COORDINATION
138779,ADVANCED DOWNLINK
138780,BEAM ANTENNAS
138781,GHZ
138782,MACROCELLS
138783,COMPLEX REFRACTIVE-INDEX
138784,RAY-TRACING MODEL
138785,INDOOR PROPAGATION
138786,AREA-NETWORK
138787,ENERGY DETECTION
138788,INFORMATION-CENTRIC NETWORKING
138789,WEB CACHES
138790,FOLDED DIPOLE
138791,FEED
138792,MOBILE SYSTEMS
138793,CARRIER CLOUD
138794,ADAPTIVE ARRAY
138795,AUTOMATIC CALIBRATION
138796,TDD SYSTEMS
138797,WIRELESS BACKHAUL
138798,FIELD INTRABODY COMMUNICATION
138799,BAND SATELLITE ANTENNA
138800,CIRCULAR-POLARIZATION
138801,S-BAND
138802,SQUARE SLOT
138803,3-D
138804,TEMPORAL CORTEX
138805,DYNAMIC ATTENTION MAP
138806,PREVENTIVE MAINTENANCE
138807,DETECTIVE QUANTUM EFFICIENCY
138808,PHOSPHOR SCREENS
138809,FLUOROSCOPY
138810,FAULT TOLERANCE
138811,ROTATOR GRAPHS
138812,STAR
138813,INTELLIGIBILITY
138814,VOWELS
138815,RECOVERY LOGIC
138816,32-B
138817,AFFINE TRANSFORMATION
138818,NUMERAL RECOGNITION
138819,DIGIT RECOGNITION
138820,DYNAMIC-MODEL
138821,OFF-LINE
138822,IDENTIFIABILITY PROBLEM
138823,STATE VECTOR QUANTIZATION
138824,SYNCHRONIZATION ERS
138825,BCI RESEARCH
138826,UNIVERSAL
138827,PRIVATE INFORMATION-RETRIEVAL
138828,COMMUNICATION COMPLEXITY
138829,TIME-SCALE MODIFICATION
138830,SLAM
138831,SINGLETON ATTRACTOR
138832,LUNG NODULE DETECTION
138833,SOLITARY PULMONARY NODULES
138834,FALSE-POSITIVE REDUCTION
138835,HIGH-RESOLUTION CT
138836,IMAGE FEATURE ANALYSIS
138837,FINITE-SAMPLE SIZE
138838,THIN-SECTION CT
138839,LOW-DOSE CT
138840,ZBDDS
138841,NEXT-GENERATION NETWORKS
138842,NANO-THINGS
138843,COLD START
138844,DETECTION SCHEME
138845,HISTOGRAM
138846,TANDEM-STRAIGHT
138847,F0
138848,FEATURE-SELECTION TECHNIQUES
138849,THEN-COMPRESSION SYSTEM
138850,EMERGENCY RESPONSE
138851,IDENTITY VERIFICATION
138852,PERSPIRATION
138853,VITALITY
138854,SINGLE IMAGE
138855,SELF-RECOGNITION
138856,BRAIN WAVES
138857,SYMMETRIES
138858,AUTOMATIC AGE ESTIMATION
138859,AUGMENTED LAGRANGIAN METHOD
138860,CURVELET TRANSFORM
138861,SHARKS RHINCODON-TYPUS
138862,CATTLE IDENTIFICATION
138863,PHOTOGRAPHIC IDENTIFICATION
138864,SPECIES IDENTIFICATION
138865,AERIAL SURVEYS
138866,EAR TAGS
138867,PHOTOIDENTIFICATION
138868,VERIFICATION COMPETITION
138869,RIDGE STRUCTURE
138870,GABOR FILTER
138871,FERMAT NUMBER TRANSFORM
138872,DIMINISHED-1 MULTIPLIER
138873,DSP APPLICATIONS
138874,ADDERS
138875,SELF-TEST
138876,DIGITAL RIGHTS MANAGEMENT
138877,COMBINATIONAL-CIRCUITS
138878,DATA VOLUME
138879,COMPACTION
138880,VOLUME REDUCTION
138881,SOFT ERROR RATE
138882,CMOS TECHNOLOGY
138883,MEMORY CELLS
138884,NANOWIRE BUILDING-BLOCKS
138885,PROTEIN-PROTEIN DOCKING
138886,SHAPE COMPLEMENTARITY
138887,INCOMPLETELY SPECIFIED FUNCTIONS
138888,REED-MULLER EXPANSIONS
138889,MIXED POLARITY
138890,TABULAR TECHNIQUES
138891,DUAL FORMS
138892,CHIP MULTIPROCESSORS
138893,MP-SOC
138894,DEEP-SUBMICROMETER INTERCONNECT
138895,WAFER
138896,POWER-CONSUMPTION
138897,2-LEVEL
138898,TRANSISTORS INCLUDING NONIDEALITIES
138899,COMPACT SPICE MODEL
138900,FULL ADDER
138901,THRESHOLD VOLTAGE
138902,USER AUTHENTICATION SCHEME
138903,PIRACY
138904,SPINNAKER
138905,CONJUGATED MOLECULAR FILMS
138906,TUNNEL FET
138907,HETEROJUNCTIONS
138908,BIODEVICE
138909,RESISTANT
138910,DISTRIBUTED OPTIMIZATION
138911,HARDWARE TROJANS
138912,BIOMIMICRY
138913,MONTGOMERY EXPONENTIATION
138914,SPACE COMPLEXITY MULTIPLICATION
138915,BINARY FIELDS
138916,SCAN
138917,ERROR PROPAGATION
138918,LINEAR PREDICTION
138919,L-STEP
138920,NORMALIZED COLOR
138921,REMOTE-SENSING IMAGES
138922,HAUSDORFF DISTANCE
138923,LINEAR TIME
138924,REPRESENTATION SCHEME
138925,BACKGROUND SUBTRACTION
138926,OBJECT SEGMENTATION
138927,TRAFFIC SCENES
138928,VISION SYSTEM
138929,SHADOW DETECTION
138930,GABOR
138931,EFFECTIVE FEATURE-EXTRACTION
138932,DISCRIMINATIVE COMMON VECTORS
138933,SINGLE TRAINING IMAGE
138934,JOINT SPARSE REPRESENTATION
138935,LINEAR-SUBSPACES
138936,ILLUMINATION COMPENSATION
138937,LAMBERTIAN REFLECTANCE
138938,COMPLEX WAVELET FILTERS
138939,COMPLEX WAVELET TRANSFORM
138940,LEVEL FUSION
138941,ABNORMAL EVENT DETECTION
138942,CROWD BEHAVIOR DETECTION
138943,VIDEO-SURVEILLANCE APPLICATIONS
138944,SAUDI-ARABIA
138945,SIGN-LANGUAGE RECOGNITION
138946,2D MOTION TRAJECTORIES
138947,HAND POSTURE
138948,PROVABLE SECURITY
138949,HULL PROBABILITY
138950,CIPHER
138951,SPNS
138952,SECRET SHARING SCHEME
138953,MATCH VECTOR QUANTIZATION
138954,WATERMARKING SCHEME
138955,AUTHORIZATION MODEL
138956,KEY AGREEMENT PROTOCOLS
138957,GF(2(M))
138958,5-TERM
138959,6-TERM
138960,DPA
138961,BENT
138962,KEY REPLACEMENT ATTACK
138963,CRYPTOGRAPHY SCHEMES
138964,IMAGE ENCRYPTION
138965,SHORT-CIPHERTEXT
138966,PROVABLE DATA POSSESSION
138967,LOSSLESS WATERMARKING
138968,TAMPER LOCALIZATION
138969,DICOM IMAGES
138970,AUDIT DATA STREAMS
138971,CHAOTIC SYSTEM
138972,STANDARD MODEL
138973,MALICIOUS KGC
138974,ROAMING SERVICE
138975,FINITE-FIELD GF(2(M))
138976,DIGIT-SERIAL
138977,MULTIPLIERS
138978,FAIR T
138979,CONSTANT SIZE CIPHERTEXTS
138980,MARKING
138981,MOVING-TARGET DEFENSE
138982,ANGLES
138983,CRYSTAL-OSCILLATORS
138984,SAR
138985,MOVING TARGETS
138986,AUTOFOCUS
138987,TIME-DELAY ESTIMATION
138988,GDOP
138989,VARIABLE-DIMENSION FILTER
138990,MULTIPLE-TARGET DETECTION
138991,BISTATIC RADAR
138992,WAVE-FORM DESIGN
138993,FORMATION FLIGHT
138994,ATOMIC DECOMPOSITION
138995,KEYSTONE TRANSFORM
138996,PARALLEL FACTOR-ANALYSIS
138997,DIRECTION-OF-ARRIVAL
138998,BISTATIC MIMO RADAR
138999,CANONICAL DECOMPOSITION
139000,ESPRIT
139001,IDENTIFIABILITY
139002,PHASE FUNCTION
139003,ANGLE SEA-CLUTTER
139004,CFAR DETECTION
139005,DISTRIBUTED CLUTTER
139006,TO-STAND MOVEMENT
139007,VECTOR MACHINE
139008,BISTATIC SEA CLUTTER
139009,ROTATING PARTS
139010,PERSONNEL TARGETS
139011,RIGID TARGETS
139012,LOW-COST
139013,MICROMOTION
139014,COVARIANCE-MATRIX ESTIMATION
139015,ONE-BIT FEEDBACK
139016,MIMO-RADAR
139017,PHASED-ARRAY
139018,WAVE-FORM
139019,ANGLE ESTIMATION
139020,LOW PROBABILITY
139021,ANTENNA-ARRAY
139022,JOINT ANGLE
139023,SIDELOBE APODIZATION
139024,APERTURE RADAR
139025,REDUCED-RANK STAP
139026,AIRBORNE RADAR
139027,MULTIPLE-OUTPUT RADAR
139028,WIDELY SEPARATED ANTENNAS
139029,TARGET LOCALIZATION
139030,AUTOMATIC TARGET RECOGNITION
139031,MORPHOLOGICAL ATTRIBUTE PROFILES
139032,HYPERSPECTRAL IMAGE CLASSIFICATION
139033,URBAN AREAS
139034,SIGNAL-DETECTION
139035,TEST-DRIVEN DEVELOPMENT
139036,INSERTION CELL
139037,SOFTWARE PROCESS IMPROVEMENT
139038,WEB-3.0
139039,SOFTWARE MEASUREMENT
139040,APPLICABILITY
139041,PROPERTY-9
139042,TRIALS
139043,REPOSITORY
139044,SOFTWARE EFFORT ESTIMATION
139045,COST ESTIMATION
139046,ARCHITECTURE-BASED SOFTWARE
139047,LIMITATIONS
139048,GLOBAL SOFTWARE-DEVELOPMENT
139049,SCHEDULES
139050,MINIMUM TRANSACTION LOTS
139051,MEAN-RISK MODELS
139052,STOCHASTIC-DOMINANCE
139053,BRAIN MR-IMAGES
139054,INTEGRATED PRODUCT
139055,PROGRAMMING PROBLEM
139056,FIXED-RATE
139057,TRANSITION ECONOMY
139058,E-EDUCATION ENVIRONMENT
139059,SCIENTIFIC COLLABORATION
139060,DISTANCE GRADUATE
139061,REMOTE
139062,SCALAR QUANTIZATION
139063,MULTIPLE CRITERIA EVALUATION
139064,CONSTRUCTION PROJECTS
139065,CONTRACTOR EVALUATION
139066,RELATIONAL ANALYSIS
139067,MOORA METHOD
139068,ROAD DESIGN
139069,INVARIANT OBJECT RECOGNITION
139070,SCALAR QUANTIZERS
139071,CONTRACTOR SELECTION
139072,VENDOR
139073,COMPROMISE SOLUTION
139074,INFINITE
139075,STOCHASTIC OPTIMIZATION
139076,CLASSIFICATION METHODS
139077,FUZZY NUMBERS
139078,ASSESSMENT ARAS METHOD
139079,FUZZY ENVIRONMENT
139080,REGIONAL-DEVELOPMENT
139081,MULTIMOORA
139082,LITHUANIA
139083,SATURATION-LIKE FUNCTIONS
139084,HAMMERSTEIN SYSTEMS
139085,RECURSIVE-IDENTIFICATION
139086,NONPARAMETRIC IDENTIFICATION
139087,ITERATIVE IDENTIFICATION
139088,SUBSPACE IDENTIFICATION
139089,INPUT NONLINEARITIES
139090,GENERALIZED AGGREGATION OPERATORS
139091,MAKERS
139092,LYAPUNOV EXPONENTS
139093,PARABOLIC EQUATION SUBJECT
139094,STURM-LIOUVILLE PROBLEM
139095,HEAT-EQUATION
139096,EFFICIENT TECHNIQUES
139097,ATTRIBUTE-BASED SPECIFICATION
139098,FACADES ALTERNATIVES
139099,FUZZY-AHP
139100,MCDM METHODS
139101,FINANCIAL PERFORMANCE
139102,MATERIAL SELECTION
139103,MEANS CLUSTERING-ALGORITHM
139104,WEIGHTED LINEAR OPTIMIZATION
139105,ABC ANALYSIS
139106,FUZZY MULTICRITERIA
139107,INVESTMENTS
139108,ADVANCED MANUFACTURING TECHNOLOGY
139109,DECISION-MAKING MODEL
139110,SUPPLY CHAIN STRATEGY
139111,MULTICRITERIA
139112,INVESTMENT
139113,SWOT
139114,LINGUISTIC AGGREGATION OPERATORS
139115,RESTRICTED EQUIVALENCE FUNCTIONS
139116,INCOMPLETE WEIGHT INFORMATION
139117,COMPUTATIONAL THINKING
139118,BEBRAS CONTEST
139119,ATTRIBUTE DECISION-MAKING
139120,HAMACHER AGGREGATION OPERATORS
139121,GREEN SUPPLIER SELECTION
139122,MEAN OPERATORS
139123,SCORE FUNCTION
139124,AVAILABLE TECHNIQUES
139125,MULTIMOORA METHOD
139126,SEQUENTIAL ALGORITHMS
139127,STRUCTURE SEMANTICS
139128,GRAPH-GRAMMARS
139129,TIMING-BASED SYSTEMS
139130,FINITE BINARY SEQUENCES
139131,KOLMOGOROV COMPLEXITY
139132,HAUSDORFF DIMENSION
139133,PI
139134,SYSTOLIC TRELLIS AUTOMATA
139135,CONTEXT-FREE LANGUAGES
139136,FULL ABSTRACTION
139137,PASSING CALCULI
139138,PCF
139139,QUERYING INCONSISTENT DATABASES
139140,SCALAR AGGREGATION
139141,FEATURE SET PROBLEM
139142,PROBABILISTIC PROCESSES
139143,MODULAR TERMINATION PROOFS
139144,TERM REWRITING-SYSTEMS
139145,MODULAR TERMINATION
139146,PROVING TERMINATION
139147,POLYNOMIAL INTERPRETATIONS
139148,EQUIVALENCES
139149,CONFLUENCE
139150,EXCHANGE PROTOCOL
139151,FORMAL ANALYSIS
139152,MSR
139153,BROWNIAN-MOTION
139154,EQUATIONAL SPECIFICATION
139155,JAVAFAN
139156,COMPUTING MINIMAL TRIANGULATIONS
139157,GRAPH TREEWIDTH
139158,LEX-M
139159,CHORDALITY
139160,RELATIVE EXPRESSIVE POWER
139161,NAME-PASSING CALCULI
139162,ASYNCHRONOUS COMMUNICATION
139163,REED-MULLER CODE
139164,COVERING RADIUS
139165,COSETS
139166,REGULAR LANGUAGES
139167,DECISION-PROBLEMS
139168,SUCCINCT REPRESENTATION
139169,NONDETERMINISTIC STATE
139170,CONTAINMENT PROBLEMS
139171,BOOLEAN AUTOMATA
139172,UNARY AUTOMATA
139173,CONSTRUCTIVE CONTROL
139174,INTERVAL GRAPHS
139175,ELECTIONS
139176,BRIBERY
139177,NOTIONS
139178,QUANTITATIVE LANGUAGES
139179,COINDUCTIVE CALCULUS
139180,MATHEMATICAL DOCUMENTS
139181,MODEL-THEORY
139182,OMDOC
139183,BRANCHING BISIMULATION
139184,ALGEBRAIC-THEORY
139185,AXIOMATIZATIONS
139186,CONGRUENCES
139187,PACING SYSTEM
139188,CONJUNCTIVE QUERIES
139189,DECISION PROCEDURE
139190,SHIQ
139191,FUNCTIONAL LOGIC PROGRAMS
139192,VECTOR ADDITION SYSTEMS
139193,DETERMINACY
139194,RANDOMNESS
139195,ENTANGLEMENT
139196,TEMPORAL PROPERTIES
139197,PARAMETER SYNTHESIS
139198,QUANTUM-THEORY
139199,HIDDEN-VARIABLES
139200,TEST SPACES
139201,ANONYMOUS MOBILE ROBOTS
139202,OBLIVIOUS ROBOTS
139203,PROOF SYSTEMS
139204,BOOLEAN NUMBER-CSP
139205,ENGINEERING MEASUREMENT
139206,MEASUREMENT VALIDATION
139207,ADDITIVITY PROPERTIES
139208,COMPLEXITY-MEASURES
139209,MARKOV-CHAIN
139210,SPLICED ALIGNMENT
139211,CDNA
139212,TASK-TECHNOLOGY FIT
139213,CONTEMPORARY MANAGEMENT RESEARCH
139214,RECOVERING TRACEABILITY LINKS
139215,META-ANALYSIS
139216,PACKAGED SOFTWARE
139217,JOB-SATISFACTION
139218,PEOPLE DIFFERENT
139219,PROGRAMMER ANALYSTS
139220,PRACTITIONERS
139221,FIPA
139222,SIMULATION SOFTWARE
139223,QUALITY FRAMEWORK
139224,DESIGN INSTABILITY
139225,CROSS
139226,SYSTEMATIC REVIEWS
139227,QUALITY-MANAGEMENT
139228,PROJECT RISKS
139229,ISO-9000
139230,EFFORT PREDICTION
139231,PROJECT EFFORT
139232,ERROR-PRONE CLASSES
139233,RUN-TIME FAILURES
139234,DEFECT-PRONE
139235,CODE CHURN
139236,SYNTAX SUFFIX TREES
139237,EVOLVING SOFTWARE
139238,CCFINDER
139239,PASTE
139240,METHOD REFACTORING OPPORTUNITIES
139241,PROGRAM COMPREHENSION
139242,TRIAGE
139243,ENGINEERING RESEARCH
139244,LITERATURE-REVIEWS
139245,HIGH-TECH
139246,SYSTEMATIC LITERATURE-REVIEWS
139247,DEVELOPMENT OUTSOURCING VENDORS
139248,PRODUCT LINES
139249,PRODUCT DEVELOPMENT TEAMS
139250,INTEGRATING USABILITY
139251,KEY PRINCIPLES
139252,UP-FRONT
139253,COMMUNICATION RISKS
139254,CONTINUOUS INTEGRATION
139255,REFACTORING OPPORTUNITIES
139256,ARCHITECTURE RECOVERY
139257,PRIORITY VECTOR
139258,COLOR NIGHT-VISION
139259,VISUAL IMAGES
139260,IR IMAGERY
139261,SPECTRAL RESOLUTION IMAGES
139262,ARSIS CONCEPT
139263,MULTISPECTRAL IMAGERY
139264,TM
139265,COMBINING AMBIGUOUS EVIDENCE
139266,DEMPSTER-SHAFER FRAMEWORK
139267,A-PRIORI KNOWLEDGE
139268,MULTIMODAL BIOMETRIC AUTHENTICATION
139269,ORDER-STATISTICS
139270,COUPLED NEURAL-NETWORK
139271,EXTENDED DEPTH
139272,FOCUS MEASURE
139273,MICROSCOPY
139274,SCALARS
139275,INNATE IMMUNITY
139276,INS/GPS INTEGRATION
139277,CONTOURLET TRANSFORM
139278,MCCLELLAN TRANSFORMATIONS
139279,GROUP-PREFERENCE AGGREGATION
139280,BILINEAR PAIRINGS
139281,BANKS
139282,INFORMATION FUSION
139283,MULTIPLE-SENSOR
139284,MULTIPLICATIVE NOISE
139285,INFORMATION MEASURE
139286,LOW DEPTH
139287,ENSEMBLE METHODS
139288,LINGUISTIC QUANTIFIERS
139289,TOMOGRAPHY/COMPUTED TOMOGRAPHY FUSION
139290,PET-CT FUSION
139291,PERMANENT PROSTATE BRACHYTHERAPY
139292,FUZZY INFORMATION FUSION
139293,POSTIMPLANT DOSIMETRY
139294,NECK-CANCER
139295,LABELS
139296,GOAL PROGRAMMING APPROACH
139297,WEIGHT DETERMINATION
139298,PRIORITIZATION METHODS
139299,SUPPLY PERFORMANCE
139300,DIFFERENT FORMATS
139301,NUMERICAL SCALES
139302,DATA VISUALIZATION
139303,MULTIPLICATIVE PREFERENCE RELATIONS
139304,SUPPORT MODEL
139305,PAN-SHARPENING METHOD
139306,MULTISPECTRAL IMAGES
139307,PANSHARPENING ALGORITHMS
139308,MULTIRESOLUTION FUSION
139309,HYPERSPECTRAL IMAGES
139310,PANCHROMATIC DATA
139311,MULTISCALE-DECOMPOSITION
139312,SHEARLET TRANSFORM
139313,FOCUS-MEASURE
139314,COMPARISON MATRICES
139315,EVOLVING DATA STREAMS
139316,MULTIPLE CLASSIFIER SYSTEMS
139317,NONSTATIONARY DATA STREAMS
139318,CONCEPT DRIFT DETECTION
139319,STACKING
139320,REACHING PROCESSES
139321,ANT SYSTEM
139322,SHAPED POLICIES
139323,DEGREE SEQUENCE
139324,RANDOM GRAPH
139325,EDGE COLORINGS
139326,SWARM OPTIMIZATION ALGORITHM
139327,SHORTEST-PATH PROBLEM
139328,SPANNING TREE PROBLEM
139329,VEHICLE-ROUTING PROBLEMS
139330,TRAVELING-SALESMAN
139331,PROCESSING-TIMES
139332,PAIRS SHORTEST PATHS
139333,TIME ALGORITHM
139334,RECURRENT NEURAL-NETWORK
139335,MATRIX-INVERSION
139336,ONLINE SOLUTION
139337,UNDIRECTED GRAPHS
139338,SET PROBLEM
139339,MULTIVARIATE POLYNOMIALS
139340,KIND
139341,APPROXIMATION ALGORITHM
139342,SIZE DECISION
139343,LARGE MULTIPROCESSOR SYSTEMS
139344,LYAPUNOV MATRIX EQUATION
139345,SUPER-EDGE-CONNECTIVITY
139346,3 FAMILIES
139347,K-MEANS
139348,CURSE
139349,TEXT RETRIEVAL-SYSTEMS
139350,TEXT COMPRESSION
139351,VECTOR-SPACE MODEL
139352,ADDING COMPRESSION
139353,CORPORA
139354,UNIVERSAL CODEWORD SETS
139355,MULTIMEDIA INFORMATION-RETRIEVAL
139356,TEXTURAL FEATURES
139357,IMPLICIT FEEDBACK
139358,GRADED RELEVANCE
139359,SUBJECT-HEADINGS MESH
139360,BIOLOGY DATABASE
139361,COMPLEX SEMANTIC RELATIONSHIPS
139362,K-MEANS ALGORITHM
139363,NAVIGATION PATTERNS
139364,ROBOT ARM
139365,PATTERN-CLASSIFICATION PROBLEMS
139366,FUZZY CLASSIFIER
139367,REASONING METHODS
139368,INTERPRETABILITY
139369,AGGREGATIVE RISK
139370,PROBABILITY-MEASURES
139371,SYSTEM-IDENTIFICATION
139372,REASONABLE PROPERTIES
139373,DEFUZZIFICATION
139374,BEHAVIORAL-PATTERN IDENTIFICATION
139375,MISSING ATTRIBUTE VALUES
139376,FUZZY-ROUGH
139377,CLASSIFICATION-SYSTEM
139378,ALGEBRAIC STRUCTURES
139379,INDISCERNIBILITY RELATIONS
139380,MEREOLOGY
139381,RULE INDUCTION
139382,SURVIVAL ANALYSIS
139383,CONFLICT-ANALYSIS
139384,DECISION REDUCTS
139385,DOMAIN KNOWLEDGE
139386,SOCIAL CHOICE
139387,GENERALIZED THEORY
139388,NATURAL LANGUAGES
139389,UNCERTAINTY GTU
139390,IMPRECISE
139391,OUTLINE
139392,BAYESIAN CONFIRMATION MEASURES
139393,CENTRAL FORCE OPTIMIZATION
139394,ANT ALGORITHMS
139395,GOAL PROGRAMMING METHOD
139396,LEARNING CLASSIFIER SYSTEM
139397,BONFERRONI TEST
139398,SIGN TEST
139399,RANKINGS
139400,KNOWLEDGE GRANULATION
139401,DECISION PERFORMANCE
139402,INCLUSION DEGREE
139403,NO-WAIT FLOWSHOPS
139404,MULTIPLE PRODUCTS
139405,APPROXIMATION OPERATORS
139406,TAGUCHIS METHOD
139407,SENSORY EVALUATION
139408,ASSESSMENT INFORMATION
139409,QUALITATIVE INFORMATION
139410,RECOMMENDER SYSTEM
139411,PROJECT SELECTION
139412,MULTISETS
139413,GUIDED LOCAL SEARCH
139414,CULTURAL ALGORITHMS
139415,IMPROVING CLASSIFICATION
139416,SAMPLING APPROACH
139417,COVARIATE SHIFT
139418,MINORITY CLASS
139419,SOFTWARE TOOL
139420,ITERATIVE LEARNING CONTROL
139421,BANKRUPTCY
139422,RATIOS
139423,VERIFIER SIGNATURE SCHEME
139424,VIRTUALIZATION SECURITY
139425,HYPERVISOR
139426,SCALE GLOBAL OPTIMIZATION
139427,PROBABILISTIC SENSOR
139428,DROPOUTS
139429,KOLMOGOROV-ENTROPY
139430,INTERACTIVE PROCEDURE
139431,NONCONVEX ECONOMIC-DISPATCH
139432,GENERALIZED EXTENSION
139433,OLIVE OIL
139434,EVENT-TRIGGERED CONTROL
139435,LINEAR MULTIAGENT SYSTEMS
139436,DOUBLE-INTEGRATOR DYNAMICS
139437,OUTPUT TRACKING CONTROL
139438,MISSING MEASUREMENTS
139439,RANDOM WEIGHTS
139440,ENCRYPTION SCHEMES SECURE
139441,PRESERVING BACKPROPAGATION
139442,FUZZY AGGREGATION OPERATORS
139443,LOW-DEMAND
139444,MULTIECHELON
139445,PROBABILITY ELICITATION
139446,BEHAVIORAL INTENTIONS
139447,CONSUMER PERCEPTIONS
139448,ADVANTAGE
139449,PROFITABILITY
139450,MEASURING SERVICE QUALITY
139451,COMPARISON STANDARD
139452,EXPECTATIONS
139453,REASSESSMENT
139454,DIFFERENT INFORMATION-SOURCES
139455,FINANCIAL INCENTIVES
139456,TIME PRESSURE
139457,SELF-CATEGORIZATION
139458,TAM
139459,INFORMATION-SYSTEMS FUNCTIONS
139460,FIRMS
139461,NETWORKED ORGANIZATIONS
139462,GOVERNANCE RULES
139463,VBES
139464,TASK ENVIRONMENTS
139465,INTEROPERABILITY
139466,SENSEMAKING
139467,SITUATION AWARENESS
139468,OUTSOURCING DECISIONS
139469,SOPHISTICATION
139470,CAPABILITY
139471,TRANSACTION VALUE
139472,FIT INDEXES
139473,ECOLOGICAL MODERNIZATION PERSPECTIVE
139474,ENVIRONMENTAL TECHNOLOGIES
139475,CHAIN MANAGEMENT-PRACTICES
139476,COMPLEMENTARITIES
139477,OPEN-SOURCE PROJECTS
139478,COLLECTIVE INTELLIGENCE
139479,SOFTWARE DEVELOPERS
139480,IDENTITY CRISIS
139481,CITIZEN SCIENCE
139482,EXECUTION TIME ANALYSIS
139483,RESEARCH DIRECTIONS
139484,WORKSHOP
139485,MULTIDISCIPLINARY DESIGN OPTIMIZATION
139486,IN-SERVICE WORKFLOWS
139487,COMPLEX PRODUCTS
139488,LONDON AMBULANCE SERVICE
139489,SOFTWARE PROJECT RISKS
139490,IMPLEMENTATION FAILURE
139491,MANAGEMENT RESEARCH
139492,CRITICAL REALISM
139493,INDIAN RAILWAYS
139494,USER RESISTANCE
139495,SHELF-LIFE
139496,MODIFIED ATMOSPHERES
139497,TRACEABILITY SYSTEM
139498,RFID APPLICATION
139499,KEEPING QUALITY
139500,FRESH FISH
139501,HUMAN-RESOURCE MANAGEMENT
139502,SOCIAL VIRTUAL WORLD
139503,TACIT KNOWLEDGE
139504,CONTINUANCE INTENTION
139505,EXPERT CLOUD
139506,BIVARIATE SHRINKAGE
139507,PAYMENT SYSTEM
139508,OPEN GOVERNMENT
139509,AGENDA
139510,LINKED DATA BOLD
139511,AUTHOR COCITATION
139512,ENVIRONMENT EVIDENCE
139513,DISCLOSURE BEHAVIOR
139514,NETWORKING SERVICES
139515,EVENT
139516,PUBLIC SPHERE
139517,I EXECUTE
139518,GRAMMAR-BASED COMPRESSION
139519,OPERATIONAL DECISION-SUPPORT
139520,MEDIA SYNCHRONIZATION
139521,STORED MEDIA
139522,TELECONFERENCE SYSTEM
139523,FEEDBACK TECHNIQUES
139524,LIVE MEDIA
139525,OPTIONAL PROPERTIES
139526,CONCEPTUAL MODELS
139527,TOOL SUPPORT
139528,MEASUREMENT SYSTEMS
139529,SERVICE RETRIEVAL
139530,BPMN
139531,STRUCTURED ANALYSIS
139532,DISCOVERING PROCESS MODELS
139533,MANAGING RISKS
139534,DIMENSIONAL SIMILARITY JOINS
139535,CASE-BASED SUPPORT
139536,AVERAGING METHOD
139537,ALLEVIATE
139538,PROM
139539,WORKFLOW PATTERNS
139540,LINKAGE
139541,CONSISTENT
139542,GOOGLE
139543,ASSOCIATIVE CLASSIFICATION
139544,NEAREST
139545,E-GOVERNMENT SERVICES
139546,CUSTOMER PERCEIVED VALUE
139547,EDI
139548,INFORMATION REQUIREMENTS SPECIFICATION
139549,CORPORATE
139550,COPING STRATEGIES
139551,PRODUCTIVITY PARADOX
139552,BUSINESS VALUE
139553,RISK MANAGEMENT
139554,REVOLUTION
139555,ACT
139556,HOSPITALS
139557,CUSTOMER RELATIONSHIP MANAGEMENT
139558,DELPHI
139559,INITIAL TRUST FORMATION
139560,RESOURCE-BASED PERSPECTIVE
139561,END-USER
139562,VALUE CREATION
139563,BIBLIOMETRIC ANALYSIS
139564,RESOURCE PLANNING ERP
139565,IMPLEMENTING ERP
139566,E-LOYALTY
139567,CUSTOMER LOYALTY
139568,WEBSITE QUALITY
139569,E-SATISFACTION
139570,RADIO-FREQUENCY IDENTIFICATION
139571,SUCCESS FACTORS
139572,INFORMATION OVERLOAD
139573,NATIONAL CULTURE
139574,THEORETICAL-MODELS
139575,SERVICE MANAGEMENT
139576,INFORMATION TECHNOLOGY USAGE
139577,INNOVATION ADOPTION
139578,COMPUTER-TECHNOLOGY
139579,LEARNING CONTINUANCE INTENTION
139580,CONSUMER ACCEPTANCE
139581,PUBLIC MANAGEMENT
139582,BRITISH
139583,DYNAMIC-CAPABILITIES
139584,HEALTH BELIEF MODEL
139585,HOME USERS
139586,SELF-SERVICE TECHNOLOGY
139587,MOBILE BANKING ADOPTION
139588,INTERNET BANKING
139589,ONLINE-BANKING
139590,ORGANIZATIONAL COMMITMENT
139591,VISEGRAD GROUP
139592,SOCIAL NETWORKING SITES
139593,INTEGRATIVE MODEL
139594,PARENTING STYLE
139595,UPPER ECHELONS
139596,METHOD BIAS
139597,SITE USABILITY
139598,PERCEIVED TRUSTWORTHINESS
139599,PURCHASE INTENTIONS
139600,BEHAVIORAL-RESEARCH
139601,CUSTOMER REVIEWS
139602,BPM GOVERNANCE
139603,PRIVATIZATION
139604,CONSUMER SHOPPING BEHAVIOR
139605,PRICE CONSCIOUSNESS
139606,CUSTOMER RETENTION
139607,BRAND
139608,LOYALTY
139609,BINARIZATION
139610,INDOOR CLIMATE
139611,BUSINESS RULES
139612,MAXIMUM DIVERSITY PROBLEM
139613,ITERATED TABU SEARCH
139614,OPTIMIZATION PROBLEM
139615,KEY ESTABLISHMENT
139616,AGREEMENT SCHEME
139617,CONTROL-SYSTEM
139618,SLIDING MODE CONTROL
139619,SECURE AUTHENTICATION
139620,ELLIPTIC-CURVES
139621,NEURO-FUZZY SYSTEMS
139622,COMPARATIVE PERFORMANCE ANALYSIS
139623,(PID-MU)-D-LAMBDA CONTROLLER
139624,CRITICALITY
139625,FUZZY EXTRACTORS
139626,AUTOMATIC REPEAT REQUEST
139627,DATA HIDING ALGORITHM
139628,CHESS RATING SYSTEM
139629,NETWORKED CONTROL-SYSTEMS
139630,BIFURCATION TOPOLOGICAL-STRUCTURE
139631,GLOBAL COMPLICATED CHARACTER
139632,SLIDING MODE
139633,SPACE-TIME
139634,DRAWINGS
139635,CO-AUTHORSHIP
139636,CITATIONS
139637,CHANGE BLINDNESS
139638,DATA EXPLORATION
139639,GEOVISUALIZATION
139640,CYTOSCAPE
139641,CARROT(2)
139642,WORDLE
139643,CONTEST
139644,MOVING POINT OBJECTS
139645,LARGE GRAPHS
139646,XGOBI
139647,NODE-LINK
139648,INTERACTIVE ENTITY RESOLUTION
139649,RESOURCE SPACE MODEL
139650,DATA PROVENANCE
139651,INTERACTIVE VISUALIZATION
139652,GEOGRAPHIC VISUALIZATION
139653,MULTIDIMENSIONAL DATA
139654,SEQUENCE-ALIGNMENT
139655,BLINK
139656,SWITCH MATRIX
139657,SCHEDULING INDEPENDENT TASKS
139658,TOTAL LATE WORK
139659,AVERAGE COMPLETION-TIME
139660,RELEASE DATES
139661,MISCLASSIFICATION MINIMIZATION
139662,LINEAR-PROGRAMS
139663,INFEASIBILITY
139664,EVENT DYNAMIC-SYSTEMS
139665,LOCAL SEARCH HEURISTICS
139666,TREE PROBLEM
139667,0-1 OPTIMIZATION
139668,ROOF DUALITY
139669,SET COVERING POLYTOPE
139670,VICKREY AUCTIONS
139671,PROCUREMENT
139672,SORTING PERMUTATIONS
139673,SAMPLING CRITERIA
139674,METAMODELS
139675,FORTRAN SUBROUTINES
139676,LINEAR-PROGRAMMING APPROACH
139677,CUTTING-STOCK PROBLEM
139678,DEPENDENT SETUP COSTS
139679,DELAY PENALTIES
139680,NETWORK FLOWS
139681,FLEET MANAGEMENT
139682,CAR DISTRIBUTION
139683,UOBYQA
139684,HEURISTIC APPROACH
139685,VARIANCES
139686,2-MACHINE PERMUTATION FLOWSHOP
139687,M-MACHINE
139688,MAXIMUM TARDINESS
139689,SECONDARY CRITERION
139690,META-HEURISTICS
139691,BOUND APPROACH
139692,CONTAINER
139693,SIMULATION ALLOCATION
139694,ACTOR-CRITIC ALGORITHMS
139695,AVERAGE REWARD
139696,TRANSITION-PROBABILITIES
139697,FINITE-HORIZON
139698,CROSS DECOMPOSITION
139699,SERVICE UNITS
139700,CORE PROBLEMS
139701,CHAIN NETWORK DESIGN
139702,NORMAL-MODELS
139703,BLOCK TIME
139704,UNCAPACITATED FACILITY LOCATION
139705,CANONICAL REPRESENTATION
139706,STABILIZED COLUMN GENERATION
139707,SPOKE NETWORK DESIGN
139708,ALLOCATION HUB
139709,VOLUME ALGORITHM
139710,BUNDLE
139711,NEWSVENDOR MODEL
139712,TAIL ASSIGNMENT
139713,CLIQUE PROBLEM
139714,NO-SHOWS
139715,ARRIVALS
139716,2-CONNECTED NETWORKS
139717,BOUNDED RINGS
139718,FLOW MODELS
139719,INTERIOR-POINT METHODS
139720,DISPATCH
139721,PARAMETER UNCERTAINTY
139722,VALUATION
139723,LP-BASED HEURISTICS
139724,STRONG FORMULATIONS
139725,REFORMULATION
139726,NATURAL-GAS
139727,TRANSMISSION NETWORKS
139728,PIPE NETWORKS
139729,PIPELINES
139730,CONSTRAINED UNIT COMMITMENT
139731,ROBUST OPTIMIZATION
139732,AFFINE POLICIES
139733,ADAPTIVE OPTIMIZATION
139734,FINITE ADAPTABILITY
139735,RECOURSE
139736,MAXIMUM CLIQUE PROBLEM
139737,STORE
139738,DECOMPOSITION ALGORITHMS
139739,FENCHEL DECOMPOSITION
139740,GOMORY CUTS
139741,SPLIT CUTS
139742,OPERATING-ROOMS
139743,RESOURCE CONSTRAINTS
139744,BILEVEL PROGRAMMING PROBLEM
139745,PATH NETWORK INTERDICTION
139746,CRITICAL INFRASTRUCTURE
139747,STOCHASTIC NETWORKS
139748,REDUCTION TESTS
139749,BUNDLE METHODS
139750,CUTTING-PLANE
139751,ROBUST SOLUTIONS
139752,INTEGER PROGRAMMING SOLVER
139753,COMPUTATIONAL EXPERIENCE
139754,VLSI ARCHITECTURE
139755,IMAGE VELOCITY
139756,DIGITAL CHEST IMAGES
139757,CONTOUR MODEL
139758,ROC
139759,HOLONIC MANUFACTURING SYSTEMS
139760,UNCONSTRAINED HANDWRITTEN NUMERALS
139761,SPACE RECONSTRUCTION
139762,SPATIAL SEMANTIC HIERARCHY
139763,MULTIWAVELETS
139764,FREEWAY INCIDENT DETECTION
139765,GRADIENT LEARNING ALGORITHM
139766,SHARED-MEMORY MACHINES
139767,UPLIFT LOAD-CAPACITY
139768,WORK ZONE CAPACITY
139769,COST OPTIMIZATION
139770,NONLINEAR IDENTIFICATION
139771,WHEELED MOBILE ROBOTS
139772,FAILURE MODES
139773,LEARNING CLASSIFIERS
139774,ADAPTIVE HISTOGRAM EQUALIZATION
139775,DIGITIZED MAMMOGRAMS
139776,CONTRAST-ENHANCEMENT
139777,IMAGE-ENHANCEMENT
139778,MASS DETECTION
139779,WAVELET NEURAL-NETWORK
139780,HEATING-SYSTEMS
139781,MULTIMODAL BIOMETRICS
139782,STRUCTURAL-ANALYSIS
139783,ROTATING MACHINERY
139784,PROXIMITY RELATIONS
139785,EEG-BASED DIAGNOSIS
139786,ANT-COLONY-OPTIMIZATION
139787,FACE IMAGES
139788,MODELING COMMANDS
139789,MULTIVIEW RANGE
139790,UNIFORM DESIGN
139791,FUZZY NEURAL-NETWORK
139792,MULTIAGENT SYSTEM
139793,SCENARIOS
139794,DATA MODEL
139795,IMPROVE
139796,HAUSDORFF DISTANCE COMPUTATION
139797,STEEL CONNECTIONS
139798,FREEFORM FEATURE
139799,MICROCAD SYSTEM
139800,FRAME ROOF STRUCTURES
139801,2-PHASE GENETIC ALGORITHM
139802,DIFFERENTIAL EVOLUTION ALGORITHM
139803,WAVELET-CHAOS METHODOLOGY
139804,SIMULATED PROCESS-CONTROL
139805,EMILIA-ROMAGNA
139806,VIDEO IMAGERY
139807,SANDY SHORES
139808,SETE BEACH
139809,DENSITY-FUNCTIONS
139810,FREEFORM GEOMETRIC-MODELS
139811,FIBROID ULTRASOUND IMAGES
139812,HUMAN FACE RECOGNITION
139813,POLISHING PROCESS
139814,MULTIPLE DATA SETS
139815,COMPOUND-EYE
139816,MULTIPLE-VALUED LOGIC
139817,CURRENT-MODE LOGIC
139818,NUMBER REPRESENTATIONS
139819,LAW MOSFET MODEL
139820,CROSSTALK
139821,VLSIS
139822,MULTICOMMODITY FLOW
139823,VLSI INTERCONNECT
139824,RECONFIGURABLE ARRAYS
139825,NORMAL BASIS MULTIPLIERS
139826,FINITE-FIELDS GF(2(M))
139827,MONTGOMERY MODULAR EXPONENTIATION
139828,GENERAL IRREDUCIBLE POLYNOMIALS
139829,ELLIPTIC CURVE CRYPTOSYSTEMS
139830,EQUALLY SPACED POLYNOMIALS
139831,SYSTOLIC ARRAYS
139832,RECONFIGURABLE HARDWARE
139833,MULTIPLICATIVE INVERSES
139834,MASTROVITO MULTIPLIER
139835,CURRENT-MODE CIRCUITS
139836,SYSTEM-LEVEL EXPLORATION
139837,EMBEDDED-SYSTEMS
139838,PTOLEMY
139839,MULTILEVEL LOGIC IMPLEMENTATIONS
139840,IC DESIGN
139841,SILICON ELECTROOPTIC MODULATOR
139842,DEEP-SUBMICROMETER MOSFETS
139843,THRESHOLD VOLTAGE MODEL
139844,REPEATER INSERTION
139845,INDUCTANCE
139846,CLOCK DISTRIBUTION NETWORKS
139847,ON-CHIP INDUCTANCE
139848,SIMULTANEOUS BUFFER
139849,SIZING OPTIMIZATION
139850,DISTRIBUTED-RC
139851,ELMORE DELAY
139852,ADAPTIVE BODY BIAS
139853,SIGMA-DELTA MODULATORS
139854,OPTIMIZATION TECHNIQUES
139855,SYNTHESIS ENVIRONMENT
139856,ANALOG TURBO DECODER
139857,LOCALLY-SYNCHRONOUS SYSTEMS
139858,RANDOM-VARIABLES
139859,FIELD-PROGRAMMABLE GATE
139860,RUN-TIME RECONFIGURATION
139861,INSTRUCTION-SET
139862,EXTENSIBLE PROCESSORS
139863,FPGA ARCHITECTURES
139864,RIJNDAEL
139865,CONTENTION-FREE INTERLEAVERS
139866,PERMUTATION POLYNOMIALS
139867,VLSI ARCHITECTURES
139868,INTEGER RINGS
139869,MAP DECODER
139870,KOBLITZ CURVES
139871,POINT MULTIPLICATION
139872,PARALLELIZATION
139873,GF(2(N))
139874,TIMING-DRIVEN PLACEMENT
139875,DYNAMIC CIRCUIT TECHNIQUE
139876,PLL
139877,AER
139878,POWER GRID ANALYSIS
139879,SUPPLY NETWORK
139880,ENDMEMBER EXTRACTION
139881,KEEPER
139882,SOI
139883,ALL-ONE
139884,HARDWARE IMPLEMENTATIONS
139885,SUBTHRESHOLD CIRCUITS
139886,PASS-TRANSISTOR LOGIC
139887,XOR
139888,SINGLE EVENT UPSET
139889,ION
139890,NM
139891,DYNAMIC CIRCUIT
139892,CONDITIONAL KEEPER
139893,DROPLET ROUTING ALGORITHM
139894,DESIGN METHODOLOGY
139895,SAMPLE PREPARATION
139896,EWOD CHIPS
139897,REACTANT
139898,COMMUNICATION ARCHITECTURE SYNTHESIS
139899,CASCADED CROSSBAR SWITCHES
139900,TOPOLOGY SYNTHESIS
139901,BUS-MATRIX
139902,OPTICAL-TECHNOLOGY
139903,SPACE EXPLORATION
139904,NOC SYNTHESIS
139905,TRADE-OFFS
139906,COMMUTATING CMOS MIXERS
139907,LNA
139908,TRANSISTOR
139909,LOW-NOISE AMPLIFIER
139910,CMOS LNA
139911,FIGURE
139912,COUNTERMEASURE
139913,WIDE-BAND SIGNALS
139914,LINEARIZER
139915,THROUGH-SILICON
139916,FLIP-CHIP
139917,COPPER
139918,ELECTRODEPOSITION
139919,INTERCONNECTION
139920,NICKEL
139921,DEGRADATION
139922,DISTRIBUTED LNA
139923,COLOR IMAGE QUANTIZATION
139924,FINITE MIXTURE-MODELS
139925,TABU SEARCH APPROACH
139926,MULTIVARIATE GAUSSIAN MIXTURE
139927,FINITE MIXTURE
139928,CONSISTENT ESTIMATION
139929,NORMAL DISTRIBUTIONS
139930,MISSING INFORMATION
139931,MACHINE INTELLIGENCE
139932,PROPOFOL ANESTHESIA
139933,PREDICT MOVEMENT
139934,DESFLURANE
139935,SEVOFLURANE
139936,ISOFLURANE
139937,VALIDATION TECHNIQUES
139938,REGRESSION PREDICTIONS
139939,DRIFT
139940,CLASSIFICATION TREES
139941,MULTIPLE IMPUTATION
139942,INCOMPLETE DATA
139943,TRANSFERABLE BELIEF MODEL
139944,S EVIDENCE THEORY
139945,FBPN-ENSEMBLE APPROACH
139946,LINEAR-REGRESSION
139947,TIME PREDICTION
139948,CYCLE TIME
139949,WAFER FAB
139950,VALIDITY INDEXES
139951,PROJECTION PURSUIT
139952,K-NEAREST NEIGHBOR
139953,PREDICT CLASSIFICATION PERFORMANCE
139954,VARYING CLASS DISTRIBUTIONS
139955,MULTICLASS ROC
139956,AUC
139957,ANNOTATED DISJUNCTIONS
139958,CP-LOGIC
139959,ALLPAD
139960,FREQUENT PATTERNS
139961,MINING ALGORITHM
139962,EVIDENCE ACCUMULATION
139963,FAST SIMILARITY SEARCH
139964,MINER
139965,FLOATING SEARCH METHODS
139966,PARTIAL SUPERVISION
139967,ADULT AGE-DIFFERENCES
139968,TRAINING OLDER ADULTS
139969,COMPUTER-BASED WORK
139970,SPATIAL LOCATION
139971,YOUNG
139972,OPERATIONAL-RESEARCH
139973,INTERACTION STYLE
139974,TRAINING METHODS
139975,E-MAIL
139976,PLAYFULNESS
139977,MEASURING USABILITY
139978,FOCUS GROUPS
139979,VOCAL CUES
139980,ACQUAINTANCES CONVERSATIONS
139981,WORKING ALLIANCE
139982,LONELINESS
139983,CARDIOVASCULAR DIFFERENTIATION
139984,NEGATIVE EMOTIONS
139985,VOCAL EMOTION
139986,REACTIVITY
139987,STRUCTURAL EQUATION MODEL
139988,TOP MANAGEMENT SUPPORT
139989,DESIGNERS
139990,NEEDS
139991,ADAPTIVE AUTOMATION SYSTEM
139992,TRACKING TASK
139993,CROSS-NATIONAL RESEARCH
139994,DISORIENTATION
139995,PERCEIVED SECURITY
139996,AFFECT SCHEDULE PANAS
139997,FORMATIVE MEASUREMENT MODELS
139998,SUPPORTED COOPERATIVE WORK
139999,HEDONIC QUALITY
140000,CYBERSTALKING
140001,EMOTION RECOGNITION SYSTEM
140002,OPERATOR FUNCTIONAL-STATE
140003,ADAPTIVE AUTOMATION
140004,MULTIVARIATE APPROACH
140005,BASIC EMOTIONS
140006,PUBLIC-SPEAKING
140007,SELECTION PROCEDURES
140008,ANXIETY DISORDERS
140009,PANAS
140010,VISUAL POSITION-INFORMATION
140011,SPATIAL PRESENCE
140012,HAND SPACE
140013,REPRESENTATIONAL GUIDANCE
140014,PROMOTE
140015,VIGILANCE PERFORMANCE
140016,SUBJECTIVE WORKLOAD
140017,DECREMENT
140018,DEATH
140019,CORPORATE WEB SITES
140020,VISUAL COMPLEXITY
140021,SPATIAL-FREQUENCIES
140022,CREDIBILITY
140023,NERVOUS-SYSTEM ACTIVITY
140024,STIMULI
140025,PARENTAL ETHNOTHEORIES
140026,ROUTINES
140027,AMYOTROPHIC-LATERAL-SCLEROSIS
140028,USER-CENTERED DESIGN
140029,MIRROR-NEURON SYSTEM
140030,CORTICAL ACTIVITY
140031,POLITENESS STRATEGIES
140032,ADVICE
140033,TUTORS
140034,QUALITATIVE RESEARCH
140035,SOCIAL EXCLUSION
140036,EPISODIC MEMORY
140037,AFFECTIVE FEEDBACK
140038,PSYCHOMETRIC PROPERTIES
140039,LIFE SATISFACTION
140040,MOBILE PHONE
140041,DEPRESSION
140042,VISUAL AESTHETICS
140043,1ST IMPRESSION
140044,SAFETY DECISION AID
140045,SOCIAL SUPPORT
140046,DOMESTIC VIOLENCE
140047,SURVIVORS
140048,READINESS
140049,VICTIMS
140050,CONSULTATIONS
140051,RESONANT-FREQUENCY
140052,BASIS FUNCTION CENTERS
140053,RISK EVALUATION
140054,MINING APPROACH
140055,2-DIMENSIONAL PCA
140056,BI-HISTOGRAM EQUALIZATION
140057,BRIGHTNESS PRESERVATION
140058,COMPRESSED DOMAIN
140059,FORUMS
140060,PAGERANK ALGORITHM
140061,TAG
140062,MOVING BOUNDARY FLOWS
140063,CEREBRAL ANEURYSM
140064,ABDOMINAL AORTIC-ANEURYSM
140065,ELASTOSTATICS
140066,TIME FINITE-ELEMENTS
140067,SHEAR-STRESS
140068,ARTERY ANEURYSMS
140069,LATTICE-GAS AUTOMATA
140070,FLOWING BLOOD
140071,WALL INTERACTIONS
140072,SIZED PARTICLES
140073,SHEAR-FLOW
140074,MATERIAL PARAMETER-ESTIMATION
140075,FINITE-ELEMENT APPROACH
140076,OVINE LEFT-VENTRICLE
140077,SIMPLE SHEAR
140078,VELOCITY-PRESSURE ELEMENTS
140079,STABILIZATION PARAMETERS
140080,PARALLEL COMPUTATION
140081,MESH UPDATE
140082,LINEAR HYPERBOLIC EQUATION
140083,BURGERS
140084,METHOD FS-FEM
140085,TETRAHEDRAL ELEMENTS
140086,SHAPE FUNCTIONS
140087,ADAPTIVE PROJECTION METHOD
140088,FLOWING SOAP FILM
140089,SUPERCONVERGENT PATCH RECOVERY
140090,MULTIPHASE
140091,ONCOLOGY
140092,CANINE LEFT-VENTRICLE
140093,MYOFIBER ARCHITECTURE
140094,PASSIVE MYOCARDIUM
140095,FINITE STRAINS
140096,SMOOTH-MUSCLE
140097,CONTRACTION
140098,OCEANOGRAPHY
140099,NONCONSERVATIVE HYPERBOLIC SYSTEMS
140100,PULSE-WAVE PROPAGATION
140101,HUMAN ARTERIAL NETWORK
140102,IN-VITRO MEASUREMENTS
140103,FINITE-VOLUME
140104,APPROXIMANTS
140105,PROPER GENERALIZED DECOMPOSITION
140106,COMPLEX FLUIDS
140107,GENERALIZED RIEMANN PROBLEM
140108,INTERNAL JUGULAR VEINS
140109,ONE-DIMENSIONAL MODEL
140110,ARTERY BLOOD-FLOW
140111,COLLAPSIBLE TUBES
140112,CAROTID-ARTERY
140113,FIELD CRYSTAL EQUATION
140114,NORMAL-MODE ANALYSIS
140115,SINGLE-PARAMETER
140116,FOLDED PROTEINS
140117,GALERKIN LCG METHOD
140118,INPUT IMPEDANCE
140119,ELECTRON TOMOGRAPHIC RECONSTRUCTIONS
140120,DENOISING FILTER
140121,NOISE-REDUCTION
140122,HOMOLOGY
140123,MECHANICS PROBLEMS
140124,HUMAN-HEART
140125,MYOCARDIUM
140126,PROPAGATION MODEL
140127,HYPERTENSION
140128,STOCHASTIC COLLOCATION METHOD
140129,RANDOM INPUT DATA
140130,VENOUS WEDGE PRESSURES
140131,FRACTIONAL FLOW RESERVE
140132,WAVE-PROPAGATION MODEL
140133,STOCHASTIC FINITE-ELEMENTS
140134,FISTULA SURGERY. PART
140135,PULSE PRESSURE METHOD
140136,DEPENDENT-VARIABLES
140137,HUMAN CANCELLOUS BONE
140138,MORPHOMETRIC-ANALYSIS
140139,LAMELLAR BONE
140140,INDENTATION
140141,MOUTH-THROAT MODELS
140142,IDEALIZED MOUTH
140143,ULTRAFINE PARTICLES
140144,1ST TREATISE
140145,BASIC SHAPE
140146,AIRWAYS
140147,TYPE-1 DIABETES-MELLITUS
140148,LOOP INSULIN DELIVERY
140149,ARTIFICIAL PANCREAS SYSTEMS
140150,POSTPRANDIAL RESPONSE
140151,RANDOMIZED CROSSOVER
140152,MONITORING SENSORS
140153,CARDIAC CT
140154,TEE
140155,LOCALIZATION ZONES
140156,FE MODEL
140157,BEATING OVINE HEART
140158,DILATED CARDIOMYOPATHY
140159,REGURGITATION
140160,LEAFLET
140161,MECHANICAL VENTILATION
140162,INDUCED BRONCHOCONSTRICTION
140163,RESPIRATORY MECHANICS
140164,NONLINEAR MODEL
140165,INTUBATION
140166,DROP
140167,EMERGING TRENDS
140168,3D ULTRASOUND
140169,ANNULOPLASTY
140170,AORTIC-VALVE
140171,CONSERVATION PROPERTIES
140172,MITRAL-VALVE
140173,802.11E WIRELESS LANS
140174,OF-SERVICE
140175,QOS CONSTRAINTS
140176,MULTIMEDIA APPLICATIONS
140177,SCHEDULING ALGORITHMS
140178,MULTIHOP WIRELESS
140179,AREA NETWORKS
140180,DEFENSE-MECHANISMS
140181,LIST SCHEDULING ALGORITHM
140182,RELAY NODE PLACEMENT
140183,MOVEMENT CONTROL
140184,ACTOR NETWORKS
140185,ROBOT NETWORKS
140186,LOCATION TRACKING
140187,JAMMER LOCALIZATION
140188,SELF-LOCATION
140189,INTERNET TRAFFIC IDENTIFICATION
140190,PACKET CLASSIFICATION
140191,GLOBAL MOBILITY NETWORKS
140192,EMBEDDED NETWORKS
140193,HOLE
140194,MOBILE TARGET
140195,ENERGY-EFFICIENT BROADCAST
140196,BOUNDED-HOP BROADCAST
140197,BELIEF
140198,FUZZINESS
140199,NEGATIONS
140200,INTERNIST-1/QMR KNOWLEDGE BASE
140201,BILIARY-TRACT
140202,HEPAR
140203,LIVER
140204,BOOLEAN RETRIEVAL-SYSTEMS
140205,WEIGHTED QUERIES
140206,COMPLEXITY REDUCTION
140207,CLASSIFICATION RULES
140208,SUGENO FUZZY-SYSTEMS
140209,LINEAR RULE CONSEQUENT
140210,MANY-VALUED IMPLICATIONS
140211,BOUNDED NUMBER
140212,TYPE-2
140213,BAYESIAN-ANALYSIS
140214,INTERVAL APPROXIMATION
140215,KNOWLEDGE EXTRACTION
140216,FINANCE
140217,WEIGHTED MEANS
140218,MEASURING UNCERTAINTY
140219,LOW-QUALITY DATA
140220,CONTEXT ADAPTATION
140221,LINGUISTIC RULES
140222,HIERARCHICAL SYSTEMS
140223,INCONSISTENT RULES
140224,KNOWLEDGE BASES
140225,DESCRIPTION LOGIC
140226,VAGUENESS
140227,UNCERTAIN
140228,DECISION SYSTEMS
140229,CONCEPT LATTICE REDUCTION
140230,DEVIATION DEGREE
140231,REVISED METHOD
140232,SHADOWED SETS
140233,SEQUENCE MOTIFS
140234,WEB USERS
140235,REFINEMENTS
140236,3-WAY DECISION
140237,RISK DECISION
140238,INFORMATION ENTROPY
140239,CO-ENTROPY
140240,COVERINGS
140241,ORIENTED CONCEPT LATTICES
140242,FORMAL DECISION CONTEXTS
140243,RULE ACQUISITION
140244,GENERALIZED ROUGH SETS
140245,INCOMPLETE DECISION SYSTEMS
140246,UPDATING APPROXIMATIONS
140247,UNCERTAINTY MEASURES
140248,APPROXIMATION SPACE
140249,COLOR IMAGE SEGMENTATION
140250,ROUGH SET MODEL
140251,COMBINATION METHOD
140252,SAFETY RISK
140253,CONVERGENCE STRUCTURES
140254,INTERVAL SPACES
140255,SUBALGEBRAS
140256,CHOQUET
140257,2 UNIVERSES
140258,2-TUPLE
140259,UNCERTAINTY MEASURE
140260,MEASURING AMBIGUITY
140261,DENG ENTROPY
140262,ORTHOGONAL LEAST-SQUARES
140263,PREDICTION-ERROR
140264,FIREFLY ALGORITHMS
140265,EAGLE STRATEGY
140266,WALK
140267,BEE COLONY ALGORITHM
140268,BAT ALGORITHM
140269,BIOGEOGRAPHY BASED OPTIMIZATION
140270,CHARGED SYSTEM SEARCH
140271,BIO-INSPIRED OPTIMIZATION
140272,PROGRAMMING PROBLEMS
140273,GA APPROACH
140274,KRILL HERD ALGORITHM
140275,MAKING SYSTEM
140276,BROKEN ROTOR BARS
140277,INDUCTION MACHINES
140278,MOTORS
140279,LOCATION SELECTION
140280,CONDITIONAL ANALYSIS METHOD
140281,FUZZY-SET-THEORY
140282,COMPOSITE STRUCTURE METHODOLOGY
140283,SYSTEM SAFETY ANALYSIS
140284,EMBODIMENT
140285,BRIGGS TYPE INDICATOR
140286,MOODLE
140287,VECTOR CONTROL
140288,INFORMATION AGGREGATION
140289,JOINT VENTURES
140290,REAL OPTIONS
140291,ALLIANCE
140292,RANKING METHOD
140293,MEAN-VALUE
140294,MADM
140295,FACILITY LOCATION SELECTION
140296,EXTENDED VIKOR METHOD
140297,TOPSIS METHOD
140298,T-NORMS
140299,EXTENSION PRINCIPLE
140300,MULTISET MODEL
140301,C-MEANS
140302,HYBRID RECOMMENDATION
140303,COMPUTATIONAL MODELS
140304,POSSIBLE EXTENSIONS
140305,PROSPECTS
140306,DATA FILLING APPROACH
140307,HESITANT FUZZY-SETS
140308,DC/DC CONVERTER
140309,DRIVE
140310,DEAL
140311,SEQUENTIAL 3-WAY DECISION
140312,SELF-CONTROLLING FEEDBACK
140313,P-SYSTEMS
140314,SWITCHING TOPOLOGY
140315,FUZZY ARTMAP
140316,SCHEDULING KNOWLEDGE
140317,TRAINING SETS
140318,INVERSE KINEMATICS SOLUTION
140319,IMPRECISION
140320,SEEKER OPTIMIZATION
140321,TSP
140322,TISSUE P SYSTEMS
140323,SECTION ESTIMATION
140324,SUM PRODUCT ASSESSMENT
140325,NEURAL-P-SYSTEMS
140326,MULTIPLE-CRITERIA
140327,WASPAS
140328,AMBIGUITY
140329,FRACTIONAL-PROGRAMMING PROBLEM
140330,NORMED LINEAR-SPACES
140331,GENERAL VIEW
140332,CREDIBILITY DECAY MODEL
140333,EVIDENCES
140334,MULTIBODY DYNAMIC-MODEL
140335,ROBOT MANIPULATOR
140336,MINING MACHINE
140337,DEPENDENCE ASSESSMENT
140338,INFORMATION-SOURCES
140339,SOFTWARE ARCHITECTURE
140340,MANAGING KNOWLEDGE
140341,INPUT/OUTPUT LOGICS
140342,DEONTIC LOGIC
140343,YAWL
140344,SHARED EXTENDED MIND
140345,REPRESENTATIONAL CONTENT
140346,MEDICAL IMAGE MANAGEMENT
140347,META-MODELS
140348,SPREADING ACTIVATION THEORY
140349,MANUFACTURING INTEROPERABILITY
140350,THINKLETS
140351,AUTOMATED TRUST NEGOTIATION
140352,CUSTOMER LOYALTY PROGRAMS
140353,MAUDE
140354,METRIC TEMPORAL LOGIC
140355,CHANGE OPERATIONS
140356,OLAP
140357,PATTERN QUERIES
140358,XML DATA
140359,INFORMATION-SYSTEMS ARCHITECTURE
140360,DNA-SEQUENCE CLASSIFICATION
140361,SECONDARY STRUCTURES
140362,ORTHOGONAL SIGNAL CORRECTION
140363,NEAR-INFRARED SPECTRA
140364,PARTIAL LEAST-SQUARES
140365,MULTIVARIATE
140366,IMPROVED CONFIDENCE-INTERVALS
140367,2 BINOMIAL PROPORTIONS
140368,ACUTE ISCHEMIC-STROKE
140369,PAIRED DATA
140370,EXTERNAL VALIDATION
140371,TERMINOLOGY
140372,UMLS
140373,CONFORMATIONAL-ANALYSIS
140374,EXPRESSION MICROARRAY DATA
140375,ART. NO. 2
140376,WHOLE GENOMES
140377,GENE-EXPRESSION PROFILES
140378,DNA MICROARRAY
140379,LIPID-COMPOSITION
140380,FATTY-ACID
140381,DNA SUBSTITUTION
140382,KARENIA-BREVIS
140383,DINOPHYCEAE
140384,HETEROCAPSA
140385,EQUILIBRIUM RELATIONS
140386,DSM-V
140387,YINYANG
140388,SPECTROMETRY-BASED PROTEOMICS
140389,PEPTIDES
140390,PROTEIN SUBCELLULAR LOCATIONS
140391,BOVINE BETA-LACTOGLOBULIN
140392,PEPTIDE
140393,ANTIGENICITY
140394,VACCINES
140395,INTERACTION MAPS
140396,TRANSCRIPTIONAL PROGRAM
140397,GENETIC-DISORDERS
140398,PROTEIN-PROTEIN INTERACTION
140399,MOLECULAR INTERACTION DATABASE
140400,TRANSCRIPTIONAL REGULATION
140401,GENETIC PATHWAYS
140402,PROGNOSIS
140403,SUBTYPES
140404,BIOMEDICAL TEXT
140405,EPIDERMAL-GROWTH-FACTOR
140406,PACLITAXEL RESISTANCE
140407,MULTIDRUG-RESISTANCE
140408,CARCINOMA CELLS
140409,TUMOR SYSTEMS
140410,INTERLEUKIN-6
140411,REGULATORY T-CELLS
140412,AMINO-ACID-RESIDUES
140413,PREDICTION-PROBLEM
140414,SIDE-CHAINS
140415,GENE ESSENTIALITY
140416,DISPENSABILITY
140417,RNAI
140418,DATA INTEGRATION
140419,FEATURE-SELECTION METHOD
140420,EXPRESSION DATA-ANALYSIS
140421,SAMPLE CLASSIFICATION
140422,COFFEE
140423,HUMAN PHENOTYPE ONTOLOGY
140424,DISEASE-GENE DISCOVERY
140425,WEB TOOL
140426,POSTTRANSLATIONAL MODIFICATIONS
140427,PHOSPHORYLATION SITES
140428,PROTEOMIC ANALYSIS
140429,PROTEIN SITES
140430,PSEAAC
140431,REGRESSION-COEFFICIENTS
140432,ASTHMA
140433,ETL PROCESSES
140434,DISTRIBUTED ENVIRONMENTS
140435,MULTIVERSION DATA WAREHOUSE
140436,OBJECT-ORIENTED DATABASES
140437,SCHEMA EVOLUTION
140438,ACCESS METHODS
140439,B+-TREES
140440,VERSIONS
140441,LONGEST COMMON SUBSEQUENCE
140442,BUILT-IN INDICATORS
140443,WAREHOUSE
140444,LINKED WAP-TREE
140445,EXCEPTION RULES
140446,WEB DATA
140447,ERROR-CORRECTING ISOMORPHISMS
140448,OPENID
140449,SUPPORT-VECTOR-MACHINE
140450,UML PROFILE
140451,SURFACE OPTIMIZATION
140452,MULTIRESPONSE OPTIMIZATION
140453,COMPUTER-SUPPORTED ARGUMENTATION
140454,ELLIPTIC CURVE CRYPTOGRAPHY
140455,SEMIDEFINITE PROGRAMMING APPROACH
140456,SELF-LOCALIZATION
140457,NODE LOCALIZATION
140458,IEEE-802.15.4
140459,PASSIVE SOURCE LOCALIZATION
140460,ARRIVAL
140461,RECURSIVE LEAST-SQUARES
140462,AD-HOC WSNS
140463,DECENTRALIZED ESTIMATION
140464,ADAPTIVE NETWORKS
140465,ORBIT MODAL IDENTIFICATION
140466,CLAMPING FORCE
140467,AXIAL STRESS
140468,MAC SCHEME
140469,DEAFNESS
140470,EVENT LOCATION
140471,SEISMIC EVENTS
140472,SONIC SPEED
140473,TRUSTWORTHY
140474,COMBINING BELIEF FUNCTIONS
140475,GENERALIZED FUZZY NUMBERS
140476,FUSION APPROACH
140477,COPY DETECTION
140478,RIVER BRIDGE
140479,COOPERATIVE SPECTRUM ACCESS
140480,TIMING CHANNELS
140481,STURMIAN WORDS
140482,NONDETERMINISTIC FINITE AUTOMATA
140483,BASIC OPERATIONS
140484,ENTRY FINITE AUTOMATA
140485,NONDETERMINISM
140486,PROTEIN-KINASE-C
140487,RHYTHMS
140488,SUPER-CONNECTIVITY
140489,BIPARTITE PERMUTATION GRAPHS
140490,FINDING HAMILTONIAN CIRCUITS
140491,SPLIT GRAPHS
140492,ARRANGEMENT GRAPHS
140493,EPSILON-FREE NFA
140494,STATE-COMPLEXITY
140495,TRANSITION COMPLEXITY
140496,SUBWORD OCCURRENCES
140497,REACTIVE SYSTEMS
140498,INFINITE ALPHABETS
140499,CORRELATION ATTACK
140500,LINEAR COMPLEXITY
140501,E0
140502,PUSHDOWN-AUTOMATA
140503,RECOGNIZABILITY
140504,MULTICOUNTER MACHINES
140505,P SYSTEMS
140506,2 COMBINED OPERATIONS
140507,STATE COMPLEXITY
140508,CATENATION
140509,DNA WALKER
140510,2-DIMENSIONAL DNA CRYSTALS
140511,SIERPINSKI TRIANGLES
140512,AMIABLE WORDS
140513,IMPROVED CONSTRUCTIONS
140514,CLASSICAL STATES
140515,PROMISE PROBLEMS
140516,SUCCINCTNESS
140517,CORE WORDS
140518,HISTORIES
140519,OPTIMAL HAMMING CORRELATION
140520,EDGE-PANCYCLICITY
140521,PATH BIPANCYCLICITY
140522,RUPTURE DEGREE
140523,CONSTANT-TIME
140524,CYCLIC GROUPS
140525,MMH
140526,BELIEF STRUCTURES
140527,PROBABILITY-POSSIBILITY TRANSFORMATIONS
140528,DIFFERENTIAL-CALCULUS
140529,ARITHMETIC OPERATIONS
140530,EQUALITIES
140531,RELATIONAL EQUATIONS
140532,EQUALITY RELATIONS
140533,ORDERINGS
140534,AHP METHOD
140535,UNIVERSES
140536,VIBRATION ANALYSIS
140537,FUZZY QUANTIFIERS
140538,INTERVAL JUDGMENTS
140539,CONSENSUS MODEL
140540,PERSPECTIVISM
140541,CREDAL SETS
140542,M3-COMPETITION
140543,ENVIRONMENTAL RISK-ASSESSMENT
140544,PREDICTOR SMOOTHING METHODS
140545,1996 PERFORMANCE ASSESSMENT
140546,RADIOACTIVE-WASTE DISPOSAL
140547,SAMPLING-BASED METHODS
140548,ISOLATION PILOT-PLANT
140549,LEVEL NUCLEAR-WASTE
140550,STOCHASTIC MODELING APPROACH
140551,ADDRESSING UNCERTAINTY
140552,JOINT PROPAGATION
140553,TOTAL UNCERTAINTY MEASURE
140554,SEMIGROUPS
140555,FUZZY CONCEPT LATTICES
140556,GALOIS CONNECTIONS
140557,STOCHASTIC NONLINEARITIES
140558,SATURATIONS
140559,NONLINEAR UNCERTAIN SYSTEMS
140560,KALMAN-FILTER
140561,KALMAN FILTERING FUSION
140562,LINEAR-ESTIMATION
140563,RANDOMLY OCCURRING NONLINEARITIES
140564,NOISES
140565,GLOBAL EXPONENTIAL STABILITY
140566,NONLINEAR STOCHASTIC-SYSTEMS
140567,FADING MEASUREMENTS
140568,RESIDUATED LATTICES
140569,NEIGHBORHOOD-SYSTEMS
140570,CONVERGENCE SPACES
140571,CLOSURE OPERATORS
140572,CONNECTIONS
140573,TOPOLOGIES
140574,PREORDERS
140575,TRIANGULAR NORMS
140576,ORDINAL SUMS
140577,FUZZY-SET THEORY
140578,ARITHMETIC OPERATORS
140579,COOPERATIVE GAMES
140580,PAYOFFS
140581,I-WAY
140582,DENSE LINEAR-SYSTEMS
140583,BLOCK LANCZOS-ALGORITHM
140584,TO-ALL COMMUNICATION
140585,LOGGP
140586,CLIMATE SYSTEM MODEL
140587,MULTIREFERENCE CONFIGURATION-INTERACTION
140588,COMPUTATIONAL CHEMISTRY
140589,PACKAGE
140590,GAS
140591,CUMULVS
140592,COMPUTATIONAL ECONOMY
140593,HIERARCHICAL TREES
140594,ELECTRONIC-STRUCTURE METHODS
140595,ROLLBACK
140596,CELLSS
140597,SHALLOW-WATER MODEL
140598,STANDARD TEST
140599,PARAMETERIZATIONS
140600,VERSION
140601,CLIMATE MODEL
140602,FREE NEWTON-KRYLOV
140603,EMBEDDED ANALYSIS CAPABILITIES
140604,MANAGING SOFTWARE COMPLEXITY
140605,OVERLAYING SURFACE MESHES
140606,IMPLICIT EXPLICIT METHODS
140607,DYNAMICAL CORE
140608,OPTIMUM CHECKPOINT INTERVAL
140609,ERROR-CODED OPERANDS
140610,ARITHMETIC ALGORITHMS
140611,DENDRITIC GROWTH
140612,COMPLEX CHEMISTRY
140613,RAMP
140614,MEDICAL IMAGE REGISTRATION
140615,STRAIN-MEASUREMENTS
140616,LARGE DEFORMATIONS
140617,K-SPACE METHOD
140618,POWER-LAW ABSORPTION
140619,FRACTIONAL LAPLACIAN
140620,SCATTERING PROBLEM
140621,STATISTICAL PHYSICS
140622,SIMULATING PHYSICS
140623,PEDESTRIANS
140624,EGRESS
140625,CELLULAR-AUTOMATA MODEL
140626,CROWD DYNAMICS
140627,LAVA FLOW
140628,DEBRIS-FLOWS
140629,DIODE-LASER
140630,SCORING FUNCTIONS
140631,SIGNATURE SCHEMES
140632,ZERO-KNOWLEDGE
140633,BILINEAR MAPS
140634,DAA
140635,MULTISIGNATURES
140636,PREDISTRIBUTION SCHEMES
140637,BLOCK CIPHER
140638,ZERO-KNOWLEDGE PROTOCOLS
140639,PRIVATE KEYS
140640,FACTORING POLYNOMIALS
140641,GENERAL ASSUMPTIONS
140642,GROUP SIGNATURES
140643,MICROAGGREGATION
140644,AS-A-SERVICE
140645,FORENSIC EVIDENCE
140646,STORAGE SERVICES
140647,OBLIVIOUS TRANSFER
140648,EXPONENTIATIONS
140649,IP TRACEBACK
140650,WAITING TIME
140651,MALWARE DETECTION
140652,MULTICRITERIA ANALYSIS
140653,IMPRECISE INFORMATION
140654,POTENTIAL OPTIMALITY
140655,RATE PREDICTION
140656,NUMBER 7
140657,FOREIGN-EXCHANGE RATES
140658,NYSE COMPOSITE INDEX
140659,STOCK RETURNS
140660,SALESMAN PROBLEM
140661,SEQUENTIAL CLASSIFIERS
140662,COVARIANCE STRUCTURE-ANALYSIS
140663,HYBRID MODEL
140664,AD
140665,ATTITUDE
140666,LINGUISTIC PREFERENCE
140667,ANALYTIC HIERARCHY
140668,SOCIAL-DEVELOPMENT
140669,ELECTRONIC COMMERCE ADOPTION
140670,CROSS-COUNTRY
140671,MULTIATTRIBUTE UTILITY MEASUREMENT
140672,CHOQUET INTEGRAL AGGREGATION
140673,NEUROPSYCHOLOGICAL DIAGNOSIS
140674,MAKING MODEL
140675,SCOR
140676,SUSTAINABILITY ASSESSMENT
140677,PREFERENCE-RELATION
140678,PROGRAMMING MODELS
140679,ATTRIBUTE WEIGHTS
140680,SWARA METHOD
140681,ROUGH APPROXIMATION
140682,CONSTRUCTION PROJECT
140683,ACCEPTABILITY ANALYSIS
140684,OUTRANKING
140685,WEIGHTED DISTANCE MEASURES
140686,AIRLINE SERVICE QUALITY
140687,SUPPLIER SELECTION PROBLEM
140688,HYBRID MCDM APPROACH
140689,MULTICRITERIA APPROACH
140690,EXTENDED TOPSIS
140691,VAGUE SET
140692,PERSONNEL-SELECTION
140693,RANK CORRELATION
140694,CHINESE
140695,WEIGHTED AVERAGING OPERATOR
140696,PYTHAGOREAN MEMBERSHIP GRADES
140697,CHOQUET INTEGRAL-OPERATORS
140698,INTERVAL TYPE-2
140699,FUZZY DEMATEL
140700,ENVIRONMENTAL SUSTAINABILITY
140701,MANAGEMENT SUPPORT
140702,DECISION FRAMEWORK
140703,ICT ADOPTION
140704,OF-WAR MODEL
140705,SINGLE-PHOTON
140706,HIDDEN NEURONS
140707,NEUTRAL TYPE
140708,MULTITEMPORAL SAR IMAGES
140709,AUTOMATIC CHANGE DETECTION
140710,DIRECT LDA
140711,FAST IMPLEMENTATION
140712,NULL SPACE
140713,NEIGHBORHOODS
140714,RULE SELECTION
140715,EINSTEIN OPERATIONS
140716,CONTINUOUS-VALUED ATTRIBUTES
140717,APPROXIMATE CONCEPT CONSTRUCTION
140718,DECISION-THEORY
140719,PERSON-JOB
140720,FUZZY-ROUGH SETS
140721,HIGH-SPEED NETWORKS
140722,PACKET LOSS
140723,AUTONOMIC MANAGEMENT
140724,POLICY MODEL
140725,RESOURCE DISCOVERY
140726,ADDRESS ALLOCATION
140727,BURSTY SOURCE
140728,UNLINKABILITY
140729,SOFTWARE-DEFINED NETWORKS
140730,COMPUTER INTERFACE TECHNOLOGY
140731,LONG-TERM DEPRESSION
140732,RAT VISUAL-CORTEX
140733,BIDIRECTIONAL SYNAPTIC PLASTICITY
140734,DENDRITIC CALCIUM TRANSIENTS
140735,PROTEIN-KINASE
140736,MODIFICATION THRESHOLD
140737,POSTSYNAPTIC CALCIUM
140738,ACTION-POTENTIALS
140739,SPINAL-CORD NETWORKS
140740,OSCILLATORY ACTIVITY
140741,RHYTHMIC ACTIVITY
140742,COLLIDING CASCADES
140743,PARKFIELD
140744,RELEASE
140745,ZONE
140746,SPATIAL MAP
140747,SYNAPTIC DENSITY
140748,POETIC TISSUE
140749,SPIKES
140750,MULTIPLE SEISMICITY INDICATORS
140751,URBAN TRAFFIC FLOW
140752,FUZZY-LOGIC MODEL
140753,CHRONIC ELECTRICAL-STIMULATION
140754,CENTROMEDIAN THALAMIC NUCLEUS
140755,INVASIVE EEG RECORDINGS
140756,INTRACTABLE EPILEPSY
140757,PERIPHERAL INJECTIONS
140758,ABSENCE SEIZURES
140759,COMMUNICATION CHANNEL EQUALIZATION
140760,BACKPROPAGATION ALGORITHM
140761,HEART-RATE INCREASE
140762,BRAIN-STIMULATION
140763,SCALP EEG
140764,TRIAL
140765,SPIKING NEURAL-NETWORKS
140766,RBFNN
140767,TIME-FREQUENCY ANALYSIS
140768,ELECTROENCEPHALOGRAM SERIES
140769,COMPUTERIZED SYSTEM
140770,NEURAL NETWORK METHODOLOGY
140771,FRACTAL FEATURES
140772,CHAOS METHODOLOGY
140773,ELECTRICAL-STIMULATION
140774,INTRACTABLE PARTIAL EPILEPSY
140775,HIPPOCAMPAL ELECTRICAL-STIMULATION
140776,TERM-FOLLOW-UP
140777,FUNCTIONAL CONNECTIONS
140778,SEIZURE CONTROL
140779,INTRACRANIAL ELECTRODES
140780,CEREBELLAR STIMULATION
140781,BILATERAL REDUCTIONS
140782,ANTERIOR NUCLEUS
140783,THALAMIC NUCLEI
140784,HIGHRISE BUILDINGS
140785,UHT WHOLE MILK
140786,LISTERIA-MONOCYTOGENES
140787,ACTIVE SEGMENT SELECTION
140788,SPATIAL FILTERS
140789,CANONICAL CORRELATION-ANALYSIS
140790,SSVEP-BASED BCIS
140791,COMPUTER INTERFACE
140792,FUZZY SYNCHRONIZATION LIKELIHOOD
140793,AUTISM SPECTRUM DISORDER
140794,COMMON SPATIAL-PATTERN
140795,BCI COMPETITION 2003
140796,INSPIRED EVOLUTIONARY ALGORITHMS
140797,PYRROSIA-LINGUA 2.0
140798,SPACE STRUCTURES
140799,NETWORK MODELS
140800,TO-TARGET INTERVAL
140801,VISUAL MODALITY
140802,BCI SYSTEM
140803,SPELLER
140804,REFRACTORY EPILEPSY
140805,FOCAL EPILEPSY
140806,LOBE EPILEPSY
140807,THALAMUS
140808,BLOOD-VOLUME
140809,FNIRS
140810,BRAIN ATROPHY
140811,EVENT-RELATED POTENTIALS
140812,LANGUAGE NETWORKS
140813,WHEELCHAIR
140814,WRIST ACCELEROMETER
140815,MOTOR SEIZURES
140816,PERMUTATION ENTROPY
140817,COMPLEX NETWORK
140818,EPILEPSY DIAGNOSIS
140819,WAVELET METHODOLOGY
140820,SPECTRUM DISORDER
140821,SHARP WAVE COMPLEXES
140822,STATUS EPILEPTICUS
140823,ENCEPHALOPATHY
140824,DECOMPOSITIONS
140825,PRIMARY MOTOR CORTEX
140826,INITIAL DIP
140827,HEMODYNAMIC-RESPONSES
140828,CEREBRAL BLOOD
140829,WAVELET-TRANSFORM
140830,WHITE-MATTER
140831,FUNCTIONAL CONNECTIVITY
140832,STRUCTURAL CONNECTIVITY
140833,NETWORK CONNECTIVITY
140834,ABNORMALITIES
140835,TRACTOGRAPHY
140836,DEPENDENCES
140837,PARALLELIZING COMPILERS
140838,FORTRAN PROGRAMS
140839,MEMORY MULTIPROCESSOR SUPPORT
140840,BLUE-GENE
140841,COMPILED COMMUNICATION
140842,DISTRIBUTED COMPUTING SYSTEMS
140843,CELL PROCESSOR
140844,SHARED-MEMORY SYSTEMS
140845,COMBINATIONAL LOGIC-CIRCUITS
140846,STUCK-AT FAULTS
140847,SAT-BASED ATPG
140848,DETERMINISTIC TEST
140849,ASYMMETRIC CRYPTOGRAPHY
140850,AES ENCRYPTION
140851,ITERATIVE OPTIMIZATION
140852,MULTIDIMENSIONAL TIME
140853,CHIPS
140854,FAST COMPUTATION
140855,SIMPLE CELLS
140856,RAMP EDGES
140857,MACH BANDS
140858,SCRIPT WORD RECOGNITION
140859,OVERCOMPLETE BASIS
140860,SUBGRAPH ISOMORPHISM DETECTION
140861,ATTRIBUTED RELATIONAL GRAPHS
140862,MAXIMAL COMMON SUBGRAPH
140863,CHINESE CHARACTER-RECOGNITION
140864,FRONTAL FACE AUTHENTICATION
140865,DISCRETE RELAXATION
140866,OPTIMAL MONOMORPHISM
140867,MAXIMUM COMMON SUBGRAPH
140868,SKELETONIZATION
140869,OUTLIERS
140870,MULTIPLE CLASSIFIER FUSION
140871,EEG-BASED COMMUNICATION
140872,SMO ALGORITHM
140873,FEATURE DISTRIBUTIONS
140874,MEAN SHIFT
140875,EDIT DISTANCE
140876,COMMON SUBGRAPH
140877,CIRCLE DETECTION
140878,NONNEGATIVE MATRIX
140879,ACCUMULATION
140880,HIDDEN-MARKOV-MODELS
140881,MOVING FACES
140882,CONTOUR-DETECTION
140883,NONTENSOR-PRODUCT-WAVELET
140884,MATCHING APPROACH
140885,NEAREST-NEIGHBOR GRAPH
140886,UNIQUE NODE LABELS
140887,ATTRIBUTED GRAPHS
140888,FILTERING TECHNIQUES
140889,DEPTH CAMERAS
140890,CHEMICAL-REACTION OPTIMIZATION
140891,SOCIAL FORCE MODEL
140892,GLOBAL NUMERICAL OPTIMIZATION
140893,CLASS PROBABILITY ESTIMATION
140894,DISTRIBUTED SKYLINE QUERIES
140895,PROBABILISTIC DATA
140896,INERTIAL SENSOR
140897,COLLABORATIVE NETWORKS
140898,ANTIPERIODIC SOLUTION
140899,LEARNED DICTIONARIES
140900,ROAD
140901,OVERFLOW PROBABILITY
140902,TDMA
140903,TRANSPORT PROTOCOLS
140904,INTERNET SERVICE
140905,KA-BAND
140906,TERRESTRIAL
140907,CHAOTIC TIME-SERIES
140908,QUALITY-OF-SERVICE
140909,CHANNEL ALLOCATION TECHNIQUES
140910,CALL ADMISSION CONTROL
140911,FREQUENCY DIVERSITY
140912,PRMA PROTOCOL
140913,ACCESS SCHEME
140914,PATH DIVERSITY
140915,SLANT PATH
140916,SPECTRUM CODE ACQUISITION
140917,GHZ RADIOMETRIC EXPERIMENT
140918,CELL DIAMETERS
140919,HEIGHTS
140920,RAIN ATTENUATION
140921,SYSTEM OPTIMIZATION
140922,DVB-S2
140923,SATELLITE NETWORKS
140924,RECURSIVE ALGORITHM
140925,BER COMPUTATION
140926,DISTORTIONS
140927,RELAY CHANNELS
140928,CODED COOPERATION
140929,DMB SERVICES
140930,NONCOHERENT SEQUENCE DETECTION
140931,TURBO
140932,LEO
140933,HSDPA
140934,DIVERSITY SLOTTED ALOHA
140935,CRDSA
140936,TERRESTRIAL SYSTEMS
140937,JOINT STATISTICS
140938,SPINO-DADDA
140939,ITALSAT
140940,AREA SENSOR NETWORKS
140941,ALTERNANS
140942,WIRELESS MULTIHOP NETWORKS
140943,DISTRIBUTED ALGORITHM
140944,DISTRIBUTED LOCALIZATION
140945,WLANS
140946,ACOUSTIC NETWORKS
140947,SERVICE-ORIENTED ARCHITECTURE
140948,MOBILE-AGENT
140949,OSGI
140950,ELECTROMAGNETIC GENERATOR
140951,TELEMETRY
140952,ADVANCED METERING INFRASTRUCTURE
140953,V2G NETWORKS
140954,WORMHOLE ATTACKS
140955,MOBILE NODE
140956,THROUGHPUT ANALYSIS
140957,DCF
140958,AI PERSPECTIVE
140959,7 MYTHS
140960,DEVELOPMENT ENVIRONMENTS
140961,CODE TRACEABILITY
140962,PROPORTIONAL SAMPLING STRATEGY
140963,UBIQUITOUS COMPUTING ENVIRONMENTS
140964,GOAL-DRIVEN
140965,NET-ENHANCED ORGANIZATIONS
140966,QUALITY MANAGEMENT
140967,POSSIBILISTIC PETRI NETS
140968,ARCHITECTURAL MISMATCH
140969,SOFTWARE-DEVELOPMENT METHODOLOGY
140970,XTT2 METHOD
140971,MDD
140972,DL
140973,ATTRIBUTE SELECTION
140974,EVENT-BASED TRACEABILITY
140975,NONFUNCTIONAL REQUIREMENTS
140976,TECHNOLOGY-TRANSFER
140977,NAIVE BAYESIAN CLASSIFIER
140978,PARTITIONED DATA
140979,DISTRIBUTED DATA
140980,SOCIAL COLLABORATIONS
140981,PROGRAMMING PRODUCTIVITY
140982,COMPUTATIONAL BIOLOGY
140983,ENGINEERING SCHOLARS
140984,STRUCTURE MATRIX
140985,TEST SELECTION TECHNIQUES
140986,ADAPTIVE SYSTEMS
140987,USER STORIES
140988,FUZZY MEASURES
140989,FUZZY INTEGRALS
140990,ADDITIVITY
140991,COMPUTATIONAL METHODS
140992,MATHEMATICAL-PROGRAMMING PROBLEMS
140993,CHANCE
140994,UNCERTAIN PARAMETERS
140995,EXPECTED VALUE MODELS
140996,EFFICIENCY MEASUREMENT
140997,DEA MODELS
140998,PAIRWISE COMPARISON MATRICES
140999,TIME-VARYING TRANSPORTATION
141000,NUMERICAL DATA
141001,NEURAL-NETWORK RESEARCH
141002,TERMINOLOGICAL DIFFICULTIES
141003,LEARNING-CURVE
141004,STRUCTURAL CONTROL
141005,INTERCONNECTED SYSTEMS
141006,ROBUSTNESS DESIGN
141007,OUTPUT DATA
141008,CHOICE FUNCTIONS
141009,MAMDANI-ASSILIAN MODELS
141010,BENEFIT FACTOR-ANALYSIS
141011,INVESTMENT DECISIONS
141012,E-SERVICES
141013,PROMETHEE
141014,CONSENSUS SUPPORT-SYSTEM
141015,PRIORITY WEIGHTS
141016,TRANSITIVITY
141017,INTUITIONISTIC FUZZY INFORMATION
141018,IDEMPOTENT UNINORMS
141019,ROBOT EVALUATION
141020,CONNECTED DOMINATING SET
141021,POWER AGGREGATION OPERATORS
141022,SHAFER BELIEF STRUCTURE
141023,DISTANCE MEASURES
141024,AVERAGE
141025,STABILIZING CONTROL
141026,FUZZY-SYSTEMS
141027,DELAYED INFORMATION
141028,MULTILEVEL GAMES
141029,PRODUCTION RULES
141030,TOPIC DETECTION
141031,EXCITABLE MEDIA
141032,CHARGE-DENSITY-WAVE
141033,DIELECTRIC RESPONSE
141034,TURING-MACHINES
141035,K0.3MOO3
141036,NBSE3
141037,BELOUSOV-ZHABOTINSKY MEDIUM
141038,BELOUSOV-ZHABOTINSKY REACTION
141039,CHEMICAL WAVES
141040,SPIRAL WAVES
141041,ADENYLYL-CYCLASE PAC
141042,PHOTOPHOBIC REACTIONS
141043,BACTERIAL CHEMOTAXIS
141044,PHOTOTAXIS
141045,GRACILIS
141046,PHOTORECEPTOR
141047,PHYSARUM
141048,BROMIDE
141049,PULSES
141050,BIOMEDICAL APPLICATIONS
141051,DIGITAL BIOSENSORS
141052,BIOCHEMICAL LOGIC
141053,MOLECULAR LOGIC
141054,FILTER RESPONSE
141055,LIVER ESTERASE
141056,OUTPUT SIGNALS
141057,POLYANILINE
141058,BELOUSOV-ZHABOTINSKII REACTION
141059,TRANSPORT NETWORKS
141060,HAZARDOUS MATERIALS
141061,ROAD-NETWORK
141062,SLIME-MOLD
141063,ACTIVE SLAM
141064,MOTORWAYS
141065,POLYCEPHALUM
141066,CHEMICAL OSCILLATORS
141067,INFORMATION OPERATIONS
141068,ORDINARY DIFFERENTIAL-EQUATIONS
141069,BLINKING FRACTALS
141070,GROSSONE
141071,INFINITESIMALS
141072,PYRROSIA-LINGUA
141073,POTENTIATION
141074,BIOLOGY-INSPIRED ALGORITHM
141075,PROFIT MAXIMIZATION
141076,PATH PROBLEM
141077,MEMRISTOR
141078,TRAFFIC ASSIGNMENT MODEL
141079,SHORTEST-PATH
141080,ORGANISM
141081,BELOUSOV-ZHABOTINSKY
141082,CHEMICAL MEDIUM
141083,ACCELERATING MACHINES
141084,UNIVERSAL COMPUTER
141085,SERUM AMYLASE
141086,LACTATE-DEHYDROGENASE
141087,IMPROVED SEPARATION
141088,RADIATION-EXPOSURE
141089,MOLECULAR MARKERS
141090,VENTRICULAR-FIBRILLATION
141091,GENERALIZED CROSS-VALIDATION
141092,CORRELATED NOISE
141093,SPECKLE
141094,ATOMIC DECOMPOSITIONS
141095,HAAR WAVELETS
141096,RIDGELETS
141097,DIRECTIONAL WAVELETS
141098,MULTIWAVELET
141099,ECONOMIC TIME-SERIES
141100,HILBERT SPECTRUM
141101,CANTOR DYADIC GROUP
141102,ORTHOGONAL WAVELETS
141103,WAVELET FRAMES
141104,FUSION FRAMES
141105,MENTAL TASKS
141106,SQUARES LEARNING ALGORITHM
141107,PACKET NEURAL-NETWORKS
141108,COMPACTLY SUPPORTED WAVELETS
141109,ENGINE-BODY SYSTEM
141110,COMPUTATIONAL METHOD
141111,HYPERBOLIC PDES
141112,NONLINEAR PDES
141113,FILTER BANKS
141114,GABOR FRAMES
141115,SELECTIVE CURVELET COEFFICIENTS
141116,PANCHROMATIC IMAGES
141117,CHAMP SATELLITE MEASUREMENTS
141118,DEFLECTIONS
141119,OUT CROSS-VALIDATION
141120,AFFINE SYSTEMS
141121,L-2(R-D)
141122,PACKETS
141123,SHIFT-INVARIANT SYSTEMS
141124,GABOR ANALYSIS
141125,MULTIRESOLUTION ANALYSIS
141126,IMAGE RECOGNITION
141127,DIFFERENCE REDUCTION
141128,INHOMOGENEITY
141129,4TH-ORDER PROBLEMS
141130,SHORT SUPPORT
141131,COMOVEMENT
141132,LEARNING RATES
141133,FRACTIONAL FOURIER-TRANSFORMS
141134,TIME-FREQUENCY-DISTRIBUTIONS
141135,SPHEROIDAL WAVE-FUNCTIONS
141136,CONVECTION-DIFFUSION EQUATION
141137,LEARNING-THEORY
141138,MANIFOLD REGULARIZATION
141139,GENERALIZATION BOUNDS
141140,COMPACT ABELIAN-GROUPS
141141,HILBERT-SPACES
141142,BANACH FRAMES
141143,REAL-TIME TASKS
141144,SLIDING WINDOW SKYLINES
141145,VIDEO STRUCTURAL DESCRIPTION
141146,ONTOLOGY CONSTRUCTION
141147,KEYWORD GUESSING ATTACKS
141148,SOFTWARE MEASUREMENT VALIDATION
141149,DEADLOCK PREVENTION
141150,TRUST ESTABLISHMENT
141151,SOFTWARE CONFIGURATION MANAGEMENT
141152,REST
141153,SERVER CLUSTERS
141154,SAWSDL
141155,UML ACTIVITIES
141156,MOTION DETECTION
141157,SERVICE RECOMMENDATION
141158,TIME-SERIES CLASSIFICATION
141159,COMPOSITION ALGORITHM
141160,ASSOCIATION MODELS
141161,YEAST GENOME
141162,MIPS
141163,COMPUTERIZED ANALYSIS
141164,CARDIOTOCOGRAMS
141165,LABOR
141166,IMMUNE RECOGNITION SYSTEM
141167,SHOP SCHEDULING PROBLEM
141168,RESOURCE-ALLOCATION PROBLEM
141169,FLOWSHOP SEQUENCING PROBLEM
141170,HANDLING CONSTRAINTS
141171,FRAGMENTS
141172,ONE-DEPENDENCE ESTIMATORS
141173,OF-LABOR
141174,ASSISTANT
141175,TREE EDIT DISTANCE
141176,SYMPATHOVAGAL BALANCE
141177,ORTHOSTATIC TILT
141178,ACTIGRAPHY
141179,INSOMNIA
141180,FALL-DETECTION
141181,COPY-MOVE FORGERY
141182,NEURAL DYNAMICS MODEL
141183,WORDNET
141184,STRUCTURAL BALANCE
141185,MEMETIC ALGORITHM
141186,AUTONOMOUS MOBILE ROBOT
141187,CLUTTERED ENVIRONMENT
141188,SITUATION
141189,COMPUTER VISION SYSTEMS
141190,IGNORANCE
141191,NAIVETE
141192,STRUCTURE EXTRACTION
141193,HANDWRITING RECOGNITION
141194,CHARACTER STRINGS
141195,PAGE SEGMENTATION
141196,MARGINAL NOISE REMOVAL
141197,LAYOUT ANALYSIS
141198,TEXT LINE SEGMENTATION
141199,BLEED-THROUGH
141200,CHINESE CHARACTERS
141201,SCORES
141202,OFFLINE RECOGNITION
141203,CHARACTERS
141204,DOCUMENT IMAGE-ANALYSIS
141205,FORMULA RECOGNITION
141206,SYMBOL RECOGNITION
141207,DIAGRAM RECOGNITION
141208,LANGUAGES CHARACTER-RECOGNITION
141209,SCRIPT
141210,MACHINE RECOGNITION
141211,TEXT RECOGNITION
141212,TYPEWRITTEN
141213,ADAPTIVE BINARIZATION
141214,HISTORICAL DOCUMENTS
141215,COLLECTIONS
141216,DOCUMENT LAYOUT ANALYSIS
141217,SKEW DETECTION
141218,MATHEMATICAL EXPRESSIONS
141219,HANDWRITTEN
141220,VERIFICATION SYSTEM
141221,CLASSIFIER
141222,EMERGENT SEMANTICS
141223,SEMANTIC-INTEGRATION
141224,SEMANTIC SEARCH
141225,SPREADING ACTIVATION
141226,RULEML
141227,INTEGRATING DATALOG
141228,SEMANTIC SIMILARITY ESTIMATION
141229,BIOMEDICAL DOMAIN
141230,MARKOV LOGIC-NETWORKS
141231,PURPOSE
141232,REASONER
141233,CONTEXT-AWARENESS
141234,2014 CHALLENGE
141235,WEIGHTED NETWORKS
141236,SERVICE PLATFORM
141237,OF-OBJECTS
141238,GOVERNMENT DATA
141239,CONCEPT SIMILARITY
141240,STATISTICAL-MODEL CHECKING
141241,EAGLE
141242,DIFFERENTIAL DYNAMIC LOGIC
141243,EPISTEMIC PROPERTIES
141244,ABSTRACT STATE MACHINES
141245,MICROCOMPUTER TECHNOLOGY
141246,JAPANESE TV COMMERCIALS
141247,TELEVISION COMMERCIALS
141248,MESSAGE STRATEGIES
141249,AMERICAN
141250,SYSTEM CHARACTERISTICS
141251,MAGAZINE ADVERTISEMENTS
141252,PROCESSING STRATEGIES
141253,CRITICISM
141254,THINK
141255,STORE ATMOSPHERE
141256,PURCHASES
141257,MAIL SURVEYS
141258,MARKETING-RESEARCH
141259,TELEPHONE SURVEYS
141260,RESPONSE RATES
141261,MAIL
141262,UNOBSERVABLE VARIABLES
141263,MANUFACTURER
141264,SELF-SERVICE
141265,ONLINE CONSUMERS
141266,MODERATED MULTIPLE-REGRESSION
141267,USER INVOLVEMENT
141268,WEAK TIES
141269,RICHNESS
141270,INTERNET SHOPPER
141271,SEARCH COSTS
141272,CUSTOMER VALUE
141273,PRODUCT EVALUATIONS
141274,COMPUTER-SELF-EFFICACY
141275,GOAL ORIENTATION
141276,COMPUTER INTERACTIONS
141277,RATIONAL ADDICTION
141278,DESCRIPTIVE NORMS
141279,FLOW EXPERIENCE
141280,DECISION-TREE
141281,EBAY AUCTIONS
141282,PERSONAL HOME PAGES
141283,SELF-PRESENTATION
141284,TELEVISION
141285,INFORMATION SEARCH
141286,AUTOMOBILES
141287,ELECTRONIC SERVICE QUALITY
141288,ONLINE PURCHASE INTENTIONS
141289,HIERARCHICAL MODEL
141290,PRODUCT TAXONOMY
141291,BRAND LOYALTY
141292,VERTICAL INDIVIDUALISM
141293,BUYING BEHAVIOR
141294,ATMOSPHERICS
141295,HOFSTEDES
141296,UTILITARIAN SHOPPING VALUE
141297,MULTIPLE-ITEM SCALE
141298,DISTRIBUTIVE JUSTICE
141299,SOURCE CREDIBILITY
141300,CONSUMER REVIEWS
141301,TAM MODEL
141302,POLITICAL STOCK-MARKET
141303,PRESIDENTIAL-ELECTION
141304,POLLS
141305,VOTE
141306,CONSUMER INNOVATIVENESS
141307,PRODUCT ADOPTION
141308,UNIFIED THEORY
141309,CO-CREATION
141310,EQUITY
141311,EXPERIENTIAL MOTIVES
141312,CRITICAL MASS
141313,COGNITIVE THEORY
141314,UTILITARIAN MOTIVATIONS
141315,UTILITARIAN
141316,SERVICE DELIVERY
141317,GENERATION Y
141318,DECISION-PROCESS
141319,ADS
141320,TRUST MODEL
141321,COMMUNITY USER PARTICIPATION
141322,DANGERS
141323,ADVERTISING VALUE
141324,PERCEIVED CREDIBILITY
141325,CONSUMER ATTITUDES
141326,CYBERSPACE
141327,ONLINE GAME LOYALTY
141328,GRATIFICATIONS
141329,SPORTS
141330,GAMIFICATION
141331,CONSUMERS RESPONSES
141332,E-WOM
141333,MESSAGE
141334,EXCESSIVE REASSURANCE SEEKING
141335,CUSTOMER ENGAGEMENT
141336,SELF-CONGRUITY
141337,PERCEIVED BENEFITS
141338,B2C E-COMMERCE
141339,ONLINE COMMUNITY
141340,MEDIATING ROLE
141341,SHOPPING EXPERIENCE
141342,SERVICE PROVIDER
141343,CONSULTING COMPANY
141344,SELF-MANAGEMENT
141345,RANDOMIZED CLINICAL-TRIAL
141346,ACQUIRED BRAIN-INJURY
141347,DOUBLE-BLIND
141348,WEIGHT MANAGEMENT
141349,COGNITIVE-BEHAVIORAL THERAPY
141350,SELF-HELP
141351,ATTENTION-DEFICIT/HYPERACTIVITY DISORDER
141352,DEFICIT HYPERACTIVITY DISORDER
141353,VIDEO GAME PLAYERS
141354,EXECUTIVE FUNCTION
141355,PROCESSING SPEED
141356,SERIOUS GAME
141357,BEHAVIORAL SKILLS MODEL
141358,BLACK-MEN
141359,SMARTPHONE APPLICATION
141360,YOUTH
141361,MINI-MENTAL STATE
141362,DELIRIUM
141363,IMPAIRMENT
141364,BARRATT IMPULSIVENESS SCALE
141365,STOP-SIGNAL TASK
141366,INHIBITORY CONTROL
141367,GO/NOGO TASK
141368,RESPONSE-INHIBITION
141369,TRAIT IMPULSIVITY
141370,EATING BEHAVIOR
141371,DISINHIBITION
141372,APPS
141373,UPPER-LIMB PROSTHESIS
141374,SELF-ESTEEM
141375,TELEPHONE-DELIVERED ACCEPTANCE
141376,DSM-IV DISORDERS
141377,COMMITMENT THERAPY
141378,MOBILE TECHNOLOGIES
141379,CIGARETTE-SMOKING
141380,PILOT TRIAL
141381,MAJOR DEPRESSION
141382,EXECUTIVE FUNCTIONS
141383,UNIPOLAR DEPRESSION
141384,BEHAVIORAL THERAPY
141385,OCCUPANCY PREDICTION
141386,AGING-IN-PLACE
141387,AMBIENT-INTELLIGENCE
141388,ASSISTIVE TECHNOLOGY
141389,ZIGBEE
141390,PIPES
141391,FALL DETECTION
141392,KEY EXPOSURE
141393,ELECTRICITY PRICE
141394,SHORT-TERM
141395,HYBRID ARIMA
141396,ELDERLY PERSONS
141397,TV
141398,PRESCRIPTION
141399,ALL-CAUSE MORTALITY
141400,SLEEP PROBLEMS
141401,CAMPUS
141402,LPS
141403,SECTOR
141404,COMPUTING SECURITY
141405,AAL
141406,PARKINSONS-DISEASE PATIENTS
141407,MATCH
141408,HORIZON
141409,STRIPS
141410,PROBABILISTIC LOGIC
141411,TABULATION
141412,DEDUCTION
141413,BOOLEAN MANIPULATION
141414,PROBABILISTIC INFERENCE
141415,EXPERT SYSTEMS
141416,GOALS
141417,VERTEBRATE GENOME EVOLUTION
141418,DUPLICATIONS
141419,PROTEIN FOLD RECOGNITION
141420,PROBABILISTIC-AUTOMATA
141421,INDIVIDUAL SEQUENCES
141422,PPM
141423,INTERACTIVE EPISTEMOLOGY
141424,LANGUAGE USE
141425,MANIFESTATIONS
141426,DRIVERS
141427,ROLLOUT
141428,INFORMATION INTEGRATION
141429,CARDINALITY RESTRICTIONS
141430,EXPTIME TABLEAUX
141431,AUTOMATED TEXT CATEGORIZATION
141432,FEATURE GENERATION
141433,COOCCURRENCE
141434,PDDL
141435,OBSTACLES
141436,SET COVER
141437,IMPERFECT OBSERVABILITY
141438,PARAMETERIZED COMPUTATIONAL-COMPLEXITY
141439,DODGSON
141440,DISCURSIVE DILEMMA
141441,STRATEGY-PROOFNESS
141442,OBSERVABLE MARKOV-PROCESSES
141443,MULTI-POLICY OPTIMIZATION
141444,SELF-ORGANIZING SYSTEMS
141445,HYPERTREE WIDTH
141446,GAME-THEORY
141447,REGRET
141448,PROPOSITIONAL FORMULAS
141449,PREPROCESSING QBF
141450,CNF FORMULAS
141451,INSTANCES
141452,SOCIAL CHOICE FUNCTIONS
141453,EFFICIENT GLOBAL OPTIMIZATION
141454,SHARED MOBILITY SYSTEMS
141455,ROUTING PROBLEM
141456,REDISTRIBUTION
141457,BICYCLES
141458,RANDOM CONSTRAINT SATISFACTION
141459,EXACT PHASE-TRANSITIONS
141460,OVER-SAMPLING APPROACH
141461,SVM CLASSIFICATION
141462,DATA GENERATION
141463,REFERRING EXPRESSIONS
141464,CRITICAL-BEHAVIOR
141465,ORDERED RESOLUTION
141466,UNSATISFIABILITY
141467,EXPLICIT SUBSTITUTIONS
141468,WORD PROBLEM
141469,SUFFICIENT-COMPLETENESS
141470,TERM-REWRITING-SYSTEMS
141471,DIRECT SUM
141472,ADDITION CHAINS
141473,REWRITING-SYSTEMS
141474,AUTOMATED TERMINATION PROOFS
141475,MIZAR
141476,PROVERS
141477,MML
141478,SUBSUMPTION
141479,DEPENDENCY PAIR FRAMEWORK
141480,HIGHER-ORDER LOGIC
141481,THEOREM-PROVING SYSTEM
141482,CASC
141483,CERTIFICATE TRANSLATION
141484,OPTIMIZING COMPILERS
141485,ASSEMBLY LANGUAGE
141486,COQ
141487,QBF
141488,MODEL EVOLUTION CALCULUS
141489,GENERAL TABLEAUX
141490,NATURAL DEDUCTION
141491,PARTIAL DEDUCTION
141492,RESOURCE BOUNDS
141493,TERMINATION
141494,PUBLIC-KEY PROTOCOL
141495,FORMAL ENCRYPTION
141496,ACTIVE ADVERSARIES
141497,SOUND IMPLEMENTATIONS
141498,SYMMETRIC-ENCRYPTION
141499,KLEENE ALGEBRAS
141500,AUTOMATED GENERATION
141501,GEOMETRIC INVARIANTS
141502,TRADITIONAL PROOFS
141503,READABLE PROOFS
141504,SYSTEM DESCRIPTION
141505,PROOF RECONSTRUCTION
141506,Z3
141507,FORMALIZED MATHEMATICS
141508,TPTP LANGUAGE
141509,ROBBINS PROBLEM
141510,MATHEMATICAL LIBRARY
141511,PROVING SYSTEM COMPETITION
141512,EFFICIENT SMT-SOLVER
141513,SLEDGEHAMMER
141514,HOL-LIGHT
141515,NATURAL DEDUCTION PROOFS
141516,ATP
141517,EFFICIENT SYNTHESIS
141518,TRANSCRIPTION-PCR DATA
141519,HOUSEKEEPING GENES
141520,NONCODING RNA
141521,RIBOSOMAL-RNA
141522,MICRORNAS
141523,ESTIMATING SPECIES RICHNESS
141524,RIBOSOMAL-RNA GENE
141525,SEQUENCING REVEALS
141526,PROTEOLYTIC CLEAVAGE SITES
141527,FUNCTION NEURAL-NETWORKS
141528,SVM-BASED PREDICTION
141529,PROTEIN N-TERMINI
141530,PHAGE DISPLAY
141531,WEB-SERVER
141532,UNSTRUCTURED PROTEINS
141533,COMPLEMENT PATHWAY
141534,GRAPHICAL MODELS
141535,HUMAN-ANTIBODY
141536,IMMUNOGENICITY
141537,CONTROL MAQC PROJECT
141538,DATA NORMALIZATION
141539,T-TEST
141540,ADIPOSE TRIGLYCERIDE LIPASE
141541,ACETYLTRANSFERASE
141542,PROMOTER RECOGNITION
141543,T4 LYSOZYME
141544,BACTERIOPHAGE-T4 LYSOZYME
141545,STABILITY CHANGES
141546,PEBBLE GAME
141547,SUBSTITUTIONS
141548,ATTACHMENT BASED METHOD
141549,WEIGHTED PPI NETWORKS
141550,PHYSICAL INTERACTOME
141551,RIBOZYME
141552,WEIGHT MATRICES
141553,PROTEIN-INTERACTION
141554,ANTIBODIES
141555,MIMODB
141556,ESCHERICHIA-COLI GENOME
141557,H-NS
141558,FIS
141559,CASP6
141560,SINGLE-MOLECULE LEVEL
141561,LIVE ESCHERICHIA-COLI
141562,DNA-BINDING PROTEINS
141563,REPRESSOR-OPERATOR INTERACTION
141564,DIFFUSION-DRIVEN MECHANISMS
141565,FACILITATED TARGET LOCATION
141566,LINEAR NOISE APPROXIMATION
141567,CONTROLLED REACTION-RATES
141568,AUTODOCK
141569,BINDING PROTEINS
141570,SEQUENCE INFORMATION
141571,STRANDED-RNA
141572,SET ENRICHMENT
141573,GENMAPP
141574,POLYMERIC IMMUNOGLOBULIN RECEPTOR
141575,HUMAN ALPHA(1)-MICROGLOBULIN/BIKUNIN PRECURSOR
141576,LARGE GENE LISTS
141577,C INHIBITOR
141578,KIDNEY
141579,CONSISTENT DISEASE SUBNETWORKS
141580,SALMONELLA-PATHOGENICITY ISLANDS
141581,CORYNEBACTERIUM-DIPHTHERIAE
141582,BACTERIAL GENOMES
141583,TRANSFERS
141584,MEDIATED TRANSCRIPTION
141585,ROOT DEVELOPMENT
141586,PROMOTER
141587,PRINCIPAL-COMPONENT ANALYSIS
141588,FAMILY-BASED TESTS
141589,STRATIFICATION
141590,CORRECTS
141591,ELECTRON-MICROSCOPY
141592,SEA HYDROTHERMAL VENT
141593,COMPLETE GENOME SEQUENCE
141594,METHANE-PRODUCING ARCHAEON
141595,SP-NOV REPRESENTS
141596,HYPERTHERMOPHILIC ARCHAEON
141597,SP. NOV.
141598,ARCHAEBACTERIA
141599,CONTACT PREDICTION
141600,ANTIMICROBIAL PEPTIDES
141601,STAT2
141602,NS1
141603,3-WAY ROC
141604,HOSPITALIZED-PATIENTS
141605,CLINICAL-PRACTICE GUIDELINES
141606,UMLS SEMANTIC NETWORK
141607,CLINICAL-DATA
141608,MEDSYNDIKATE
141609,SCREENING DISCHARGE SUMMARIES
141610,DRUG EVENTS
141611,MEDICAL ERRORS
141612,CLINICAL INFORMATION
141613,REPORTING SYSTEMS
141614,COMPLICATIONS
141615,DECISION-MAKING PROCESSES
141616,MEDICAL INFORMATICS
141617,ECOCYC
141618,INFORMATION-EXTRACTION
141619,ABBREVIATIONS
141620,CHARACTERISTIC ROC CURVES
141621,ACADEMIC MEDICAL-CENTER
141622,WEIGHTED MOVING AVERAGE
141623,SURVEILLANCE SYSTEM
141624,LARGE SEQUENCE DATABASES
141625,TAXA
141626,FOSSILS
141627,INTERACTIVE VOICE RESPONSE
141628,SMOKING-CESSATION
141629,COUNSELING SYSTEM
141630,CONTROLLED MEDICAL VOCABULARIES
141631,ACUTE LYMPHOBLASTIC-LEUKEMIA
141632,B-CELL LYMPHOMA
141633,TEL-AML1 FUSION
141634,C-KIT
141635,ADVERSE DRUG EVENTS
141636,RADIOLOGY APPROPRIATENESS CRITERIA
141637,PRESCRIBING ERRORS
141638,INCREASED MORTALITY
141639,ALLERGIC REACTIONS
141640,AMERICAN-COLLEGE
141641,ENGINEERS
141642,AGENCIES
141643,BIOLOGICAL DATABASES
141644,ENTREZ
141645,NATIONAL ACTION
141646,ROADMAP
141647,MOLECULAR-BIOLOGY DATABASE
141648,MINIMUM INFORMATION
141649,INTENSIVE-CARE-UNIT
141650,ICU
141651,PART-OF-SPEECH
141652,ELECTRONIC MEDICAL-RECORD
141653,NAMED-ENTITY RECOGNITION
141654,PATIENT SAFETY RESEARCH
141655,RADIOLOGY REPORTS
141656,MEDLINE ABSTRACTS
141657,ORDER ENTRY SYSTEM
141658,REPORTING SYSTEM
141659,INDIVIDUAL PROFESSIONALS
141660,GRID INFRASTRUCTURE
141661,CAREFLOW SYSTEMS
141662,PROFORMA
141663,MICRORNA TARGET PREDICTIONS
141664,POLYCYSTIC KIDNEY-DISEASE
141665,CONCEPTUAL DISTANCE
141666,BOARDS
141667,PHARMACOVIGILANCE
141668,TAMOXIFEN
141669,ERR
141670,SHORT-MESSAGE SERVICE
141671,LARGE SOCIAL NETWORK
141672,HEART-FAILURE
141673,BEHAVIOR-CHANGE
141674,YOUNG-PEOPLE
141675,SWEET TALK
141676,INTERACTION ALERTS
141677,RANDOMIZED-TRIAL
141678,AMBULATORY-CARE
141679,DETAILED CLINICAL-MODELS
141680,PRACTICE GUIDELINES
141681,HEALTH INFORMATION-SYSTEMS
141682,MODEL-DRIVEN APPROACH
141683,REPRESENTATION FORMAT
141684,MEDICAL GUIDELINES
141685,MULTIPLE-ONTOLOGY
141686,CARE PATHWAYS
141687,ARDEN-SYNTAX
141688,PATIENT DATA
141689,SUPPORT GROUPS
141690,EMPOWERING PROCESSES
141691,CHRONIC PAIN
141692,ARTHRITIS
141693,DIGITAL MAMMOGRAMS
141694,ANNOTATED CORPUS
141695,COUNTRIES
141696,PUBLIC-HEALTH SURVEILLANCE
141697,ADVERSE DRUG-REACTIONS
141698,ADMINISTRATIVE DATA
141699,PATIENT RECORDS
141700,B-CELL EPITOPES
141701,TAP TRANSPORT EFFICIENCY
141702,ANTIGEN-PROCESSING TAP
141703,CLASS-I BINDING
141704,HIV VACCINE
141705,PEPTIDE BINDING
141706,CTL EPITOPES
141707,GLYCEMIC CONTROL
141708,HIV PREVENTION
141709,HISTOGRAM-MODIFICATION
141710,PRIMARY-CARE DATA
141711,MEDICATION INFORMATION
141712,AUTOMATED EXTRACTION
141713,QUALITY MEASUREMENT
141714,SELF-CARE
141715,MHEALTH
141716,NODULES
141717,COOLING FEATURE-SELECTION
141718,SINGLE-SITE SEED
141719,HYPERBOLIC PLANE
141720,DENSITY CLASSIFICATION
141721,COMBINING FUNCTIONS
141722,SEQUENTIAL DYNAMICAL-SYSTEMS
141723,DIRECTED-PERCOLATION
141724,UNIVERSALITY
141725,DYNAMIC MONOPOLIES
141726,INFINITE-GRAPHS
141727,0-1 SEQUENCES
141728,TORI
141729,DIRECTED PERCOLATION
141730,NANOCOMPUTERS
141731,BOOTSTRAP PERCOLATION
141732,NEURAL POPULATIONS
141733,DELAY-INSENSITIVE CIRCUITS
141734,REACTION-DIFFUSION EQUATIONS
141735,CELLULAR-AUTOMATA DYNAMICS
141736,DE-BRUIJN
141737,RULE 110
141738,CAYLEY-GRAPHS
141739,DYNAMICAL PROPERTIES
141740,NONLINEAR DYNAMICS PERSPECTIVE
141741,WOLFRAMS
141742,JAMMING TRANSITION
141743,CLASSIFICATION TASK
141744,FREEWAY
141745,PERIODIC BOUNDARY
141746,DIAGRAM
141747,SURJECTIVITY
141748,INVERSE
141749,CA
141750,ASYMMETRIC EXCLUSION PROCESSES
141751,D-CHAOTIC CA
141752,TOPOLOGICAL-ENTROPY
141753,FIXED-POINTS
141754,HYBRID CELLULAR-AUTOMATA
141755,MOLECULAR-FORCE FIELD
141756,DESCRIPTOR LANGUAGE MCDL
141757,MECHANICS OPTIMIZATION
141758,COMPOUND SELECTION
141759,3D CONFORMATION
141760,PROTEIN-LIGAND BINDING
141761,INTERACTION ENERGY DECOMPOSITION
141762,APPROXIMATE COMPUTATIONAL METHOD
141763,EMPIRICAL SCORING FUNCTION
141764,QUANTUM-MECHANICS
141765,EFFICIENT GENERATION
141766,COMPLEX STRUCTURES
141767,CHARGE-TRANSFER
141768,PI INTERACTIONS
141769,BLUE-OBELISK
141770,CRYSTAL
141771,DRUG-INDUCED PHOSPHOLIPIDOSIS
141772,AMPHIPHILIC DRUGS
141773,LINE NOTATION SLN
141774,CHEMICAL-STRUCTURES
141775,ELECTROSHAPE
141776,BURIED ACTIVE-SITE
141777,CYTOCHROMES P450
141778,SUBSTRATE PREFERENCES
141779,POTASSIUM CHANNEL
141780,ACCESS CHANNELS
141781,PHOTOSYSTEM-II
141782,BINDING SITES
141783,PRODUCTS EXIT
141784,GENECHIP DATA
141785,NICLOSAMIDE
141786,HYDROGEN POSITIONS
141787,DATA-BANK
141788,IONIZATION
141789,ARGININE
141790,VARIABLE SUBSET REGRESSION
141791,MEAN-SQUARE ERROR
141792,TEST SET
141793,OBJECTIVE FUNCTION
141794,SELECTION BIAS
141795,MOLECULAR SIMILARITY
141796,DISSIMILARITY
141797,SMILES
141798,METABOLITE IDENTIFICATION
141799,PATHWAY PREDICTION
141800,CATALYTIC PROMISCUITY
141801,KEGG
141802,TANDEM MASS-SPECTRA
141803,DEVELOPMENT KIT CDK
141804,SOURCE JAVA LIBRARY
141805,PARTITION-COEFFICIENTS
141806,EMERGING CONTAMINANTS
141807,SPECTROMETRY DATA
141808,IN-SILICO PREDICTION
141809,TRADITIONAL CHINESE MEDICINES
141810,APPLICABILITY DOMAIN
141811,INTESTINAL-ABSORPTION
141812,BINARY CLASSIFICATION
141813,LIKENESS ANALYSIS
141814,CHEMICALS
141815,REACTIVE COMPOUNDS
141816,LEADS
141817,METABOLOME DATABASE
141818,CHEMICAL-STRUCTURE
141819,TOXCAST PROGRAM
141820,CURATION
141821,ACTOR
141822,EXTENDED VALENCE SEQUENCES
141823,RESOLUTION MASS-SPECTRA
141824,RING PERCEPTION
141825,SCAFFOLD HUNTER
141826,BIOCLIPSE
141827,MASS-SPECTRAL DATABASE
141828,FRAGMENTATION TREES
141829,MS
141830,AVAILABLE PYTHON PACKAGE
141831,TOPOLOGICAL INDEXES
141832,STRUCTURE-PROPERTY
141833,CHEMOINFORMATICS
141834,HTS DATA
141835,REGULATORY ROLES
141836,DEREGULATION
141837,STRUCTURE-PROPERTY RELATIONSHIP
141838,CONVERSION EFFICIENCY
141839,ORGANIC PHOTOVOLTAICS
141840,ELECTROLYTES
141841,TRELLIS
141842,MODULATIONS
141843,DS-CDMA SYSTEMS
141844,VIDEO QUALITY
141845,MULTICARRIER COMMUNICATIONS
141846,OPPORTUNISTIC LARGE ARRAYS
141847,GOLAY COMPLEMENTARY SEQUENCES
141848,NONLINEAR DISTORTION
141849,TURN-ON TRANSIENTS
141850,SPARSITY RECOVERY
141851,THEORETIC LIMITS
141852,WIRELESS RELAY NETWORKS
141853,DOUBLE SCATTERING
141854,WIRELESS ELECTRONICS
141855,SPARSE SIGNALS
141856,FOCUSS
141857,VBR VIDEO
141858,SMART GRID COMMUNICATIONS
141859,LIMITED BACKHAUL
141860,MULTICELL MIMO
141861,GREEDY ALGORITHMS
141862,WIRELESS LINKS
141863,EFFICIENT DATA DISSEMINATION
141864,BOUNDARY-CONDITION METHOD
141865,LIGHT-SCATTERING
141866,POWER MICROWAVE GENERATION
141867,CAVITY VIRCATOR DRIVEN
141868,PLASMA-OPENING-SWITCH
141869,COAXIAL TRIODE
141870,PHASE LOCKING
141871,PULSED MICROWAVE
141872,REFLEX TRIODE
141873,COUPLED CHAOTIC OSCILLATORS
141874,STOCHASTIC BISTABLE SYSTEMS
141875,MEAN SWITCHING FREQUENCY
141876,COHERENCE RESONANCE
141877,GENERALIZED SYNCHRONIZATION
141878,MUTUAL SYNCHRONIZATION
141879,NONLINEAR OSCILLATORS
141880,ORDER HARMONIC-GENERATION
141881,ELECTROMAGNETIC RESPONSE
141882,GRAPHENE TUBULES
141883,PLASMONS
141884,FERROMAGNETIC THIN-FILMS
141885,ANISOTROPIC COMPOSITES
141886,COMPLEX PERMEABILITY
141887,ELECTROMAGNETIC-WAVES
141888,ELECTRODYNAMIC PROPERTIES
141889,MAGNETIC-PROPERTIES
141890,POLYPYRROLE
141891,ELECTRON-DENSITY FLUCTUATIONS
141892,SCATTERING OBSERVATIONS
141893,RANGING MEASUREMENTS
141894,ULYSSES
141895,CONJUNCTIONS
141896,COLONY OPTIMIZATION ALGORITHM
141897,ELECTROMAGNETIC PROBLEMS
141898,POSITION PERTURBATIONS
141899,CURRENT AMPLITUDES
141900,PRESCRIBED NULLS
141901,WEIGHT CONTROL
141902,PLANAR ARRAYS
141903,PHOTONIC CRYSTALS
141904,ISOLATOR DEVICES
141905,FARADAY
141906,RESONANCE
141907,INTEGRAL-EQUATION FORMULATION
141908,SPACE-WAVE EFFICIENCY
141909,ELECTRICALLY THIN
141910,PRINTED ANTENNAS
141911,PATCH ANTENNA
141912,CAVITY MODEL
141913,BRAGG-DIFFRACTION
141914,DIGITAL-COMMUNICATIONS
141915,MICROWAVE BAND
141916,UNIFORM ASYMPTOTIC EXPANSIONS
141917,MULTIDIMENSIONAL CANONICAL INTEGRALS
141918,SEMICLASSICAL COLLISION-THEORY
141919,COINCIDENT SADDLE-POINTS
141920,MOLECULAR-COLLISIONS
141921,OSCILLATORY INTEGRALS
141922,GEOMETRICAL THEORY
141923,LARGE PARAMETER
141924,CLASSICAL TRAJECTORIES
141925,ISOTROPIC IONOSPHERE
141926,WAVE DIFFRACTION
141927,PERFECT ELECTROMAGNETIC CONDUCTOR
141928,MAGNETOOPTICAL PROPERTIES
141929,GIANT MAGNETORESISTANCE
141930,CONTACTLESS MEASUREMENT
141931,VARIANT STRUCTURE
141932,SINGLE-CRYSTALS
141933,LA1-XSRXMNO3
141934,MAGNETOTRANSPORT
141935,ELECTROMAGNETIC PROPERTIES
141936,FERRITE
141937,MANGANESE-ZINC FERRITE
141938,FERROMAGNETIC-RESONANCE
141939,WAVE DIFFRACTION PROBLEMS
141940,DISCRETE SOURCES
141941,YTTRIUM-IRON-GARNET
141942,MAGNETIZATION
141943,PRECESSION
141944,RIBBONS
141945,ALLOY
141946,FEMTOSECOND LASER-PULSES
141947,GLASS
141948,ELECTRONS
141949,RIDGE
141950,OPTICAL-TRANSMISSION
141951,QUEUE
141952,SPIN-WAVES
141953,SLAB
141954,KRAVCHENKO-RVACHEV FUNCTIONS
141955,ELECTROPHYSICAL PARAMETERS
141956,ELECTRODYNAMIC MODELS
141957,APERTURE SYNTHESIS
141958,WA-SYSTEMS
141959,SUBMILLIMETER-WAVE GYROTRONS
141960,DEPRESSED COLLECTOR
141961,MILLIMETER
141962,MAGNET
141963,MAGNETOSTATIC WAVES
141964,GUIDES
141965,COMPOSITE-MATERIAL
141966,CONDUCTORS
141967,SURROGATES
141968,ELECTROCHEMICAL-CELL
141969,CONVECTIVE DIFFUSION
141970,LINEAR-CHAINS
141971,NANOSPHEROIDS
141972,SEMICONDUCTOR NANOWIRES
141973,LASERS
141974,CITY LOGISTICS
141975,HALOGEN-BONDING INTERACTIONS
141976,CHARGE-TRANSFER INTERACTIONS
141977,INTERMOLECULAR INTERACTIONS
141978,HYDROGEN-BOND
141979,NONCOVALENT INTERACTIONS
141980,MOLECULAR CHLORINE
141981,ANISOTROPIC ATOM
141982,ELECTRONEGATIVITY
141983,FORCE-FIELDS
141984,CHARMM
141985,3-MACHINE
141986,ELECTROSTATIC POTENTIALS
141987,DISSOCIATION-ENERGIES
141988,IMPACT SENSITIVITIES
141989,HELLMANN-FEYNMAN
141990,BENZENE
141991,CHARGE
141992,BONDS
141993,ATOMS
141994,MULTIPLE-CRITERIA ENVIRONMENT
141995,TRANSPORT BARRIERS
141996,2-DIMENSIONAL FLOWS
141997,BRIDGING DOMAIN
141998,SIGMA-HOLE
141999,DENSITY DISTRIBUTIONS
142000,CHARGE-DISTRIBUTIONS
142001,CL
142002,BR
142003,STRENGTHS
142004,MASSIVELY-PARALLEL
142005,BACKTRACKING SEARCH ALGORITHM
142006,DISPATCH PROBLEM
142007,FACE SHEETS
142008,BENDING ANALYSIS
142009,MAMMOGRAM IMAGES
142010,CANCER PATIENTS
142011,K-NEAREST NEIGHBORS
142012,MACS
142013,MECHANISM DESIGN
142014,REED-SOLOMON
142015,DATABASE SCHEMES
142016,ALTERNATION
142017,ACYCLICITY
142018,SORTING SIGNED PERMUTATIONS
142019,SPACE COMPLEXITY
142020,MIXED DISCRIMINANTS
142021,PERMANENTS
142022,IDENTITY AUTHENTICATION
142023,FPT
142024,MAXIMUM INDEPENDENT SET
142025,NONATOMIC CONGESTION GAMES
142026,TRANSPORTATION NETWORK
142027,QUEUING NETWORK
142028,INEFFICIENCY
142029,TREE AUTOMATA
142030,NUTSHELL
142031,DATA REDUCTION
142032,REDUCIBILITY
142033,TRACTABILITY
142034,FINDING SUBGRAPHS
142035,LATTICE-VALUED LOGIC
142036,BISIMULATION MINIMIZATION
142037,EQUIVALENCE-RELATIONS
142038,REGULAR INEQUALITIES
142039,MEMBERSHIP VALUES
142040,ORDERED MONOIDS
142041,PUMPING LEMMA
142042,NFA
142043,FUZZY HYPOTHESES
142044,BSP
142045,TEMPORAL LOGIC SPECIFICATIONS
142046,POINT-OF-VIEW
142047,COMPOSITIONAL SYNTHESIS
142048,TOOL PAPER
142049,LTL GAMES
142050,REALIZABILITY
142051,EM
142052,PROXY PLACEMENT
142053,KARNIK-MENDEL ALGORITHMS
142054,PROGRAMMING METHODOLOGY
142055,TASK-SCHEDULING ALGORITHMS
142056,MULTIPROCESSOR COMPUTERS
142057,TRAIN SCHEDULING PROBLEM
142058,TIME-DEPENDENT DEMAND
142059,SYSTEM STATE ESTIMATION
142060,CYBER-ATTACKS
142061,DISJOINT TRIANGLES
142062,NP-COMPLETENESS
142063,EXTRACONNECTIVITY
142064,PROPER
142065,HORIZONTAL PLANE
142066,TRANSIT
142067,HARMONIC LINEARIZATION
142068,MOTION COORDINATION
142069,TOLERANT CONTROL-SYSTEMS
142070,QUANTITATIVE MODEL
142071,SUPPORTLESS PHASE
142072,LINEAR MATRIX INEQUALITIES
142073,LOOP CONTROL-SYSTEMS
142074,ANTIWINDUP CONTROLLER
142075,ACTUATOR SATURATION
142076,PASSENGER AIRCRAFT MODEL
142077,UNSTEADY
142078,MANEUVERS
142079,AXIALLY-SYMMETRIC SPACECRAFT
142080,SPECIAL CONTROL REGIME
142081,OPTIMAL TURN PROBLEM
142082,ESCALATION
142083,ADMINISTRATIVE INNOVATIONS
142084,INTERNET SECURITY
142085,SHOPPERS
142086,EASE-OF-USE
142087,KNOWLEDGE WORKERS
142088,BEHAVIORAL CHANGE
142089,WORK-ENVIRONMENT
142090,ERP SOFTWARE
142091,TRUST ONLINE
142092,MANAGEMENT INFORMATION-SYSTEM
142093,TEST-RETEST RELIABILITY
142094,INVOLVEMENT INSTRUMENTS
142095,COMPUTING SATISFACTION
142096,SYSTEM SUCCESS
142097,MEDIATED COMMUNICATION
142098,ORGANIZATIONAL COMMUNICATION
142099,WRITING APPREHENSION
142100,REDUCTION PROGRAM
142101,ELECTRONIC MAIL
142102,JOB INVOLVEMENT
142103,CONSTRUCTS
142104,EMPLOYEE
142105,PRIVACY POLICIES
142106,ERP SYSTEM SELECTION
142107,SUPPLY-CHAIN-MANAGEMENT
142108,PERSONAL INFORMATION
142109,SOCIAL CONTRACTS
142110,MODELING APPROACH
142111,PERCEIVED CRITICAL MASS
142112,MOBILE PAYMENTS
142113,CITIZENSHIP BEHAVIOR
142114,TOP MANAGEMENT
142115,ONLINE SOCIAL NETWORK
142116,SALES PROMOTION
142117,COMPETING MODELS
142118,WEAK
142119,VIRTUAL COMMUNITY
142120,CONSUMER PARTICIPATION
142121,PERSONALITY
142122,M-COMMERCE ADOPTION
142123,BUSINESS PERFORMANCE
142124,SHORT MESSAGE SERVICE
142125,THEORETICAL-MODEL
142126,SOFT SKILLS
142127,DISCERNIBILITY MATRIX
142128,CYC
142129,IRIS
142130,DAMAGE CONSTITUTIVE-EQUATIONS
142131,RING NETWORKS
142132,HITTING-TIME
142133,ERGONOMIC EVALUATION
142134,BLOCK CIPHERS
142135,SOLID REPRESENTATION
142136,FILLING HOLES
142137,SUPPLY-CHAIN APPLICATIONS
142138,VIRAL COMMUNITIES
142139,SAMPLING METHODS
142140,DATA GRIDS
142141,ATTRIBUTE
142142,GEOMETRIC FEATURES
142143,OFCDM SYSTEMS
142144,MULTIUSER
142145,UNCLONEABLE FUNCTIONS
142146,FARTHEST POINT OPTIMIZATION
142147,RESTRICTED VORONOI DIAGRAM
142148,RESISTIVE MEMORIES
142149,HYBRID MEMORIES
142150,PARAMETER VARIATION
142151,OPPORTUNISTIC NETWORKS
142152,RANKING VISUALIZATIONS
142153,WEBERS LAW
142154,4D PERFORMANCE CAPTURE
142155,SALIENCY DETECTION
142156,MESH SALIENCY
142157,COLORIZATION
142158,INCENTIVE MECHANISM
142159,BUDGET
142160,SECRET-KEY
142161,KNOWLEDGE PROOF SYSTEMS
142162,MESSAGE TRANSMISSION
142163,HASH
142164,PSEUDORANDOM PERMUTATIONS
142165,LINEAR CRYPTANALYSIS
142166,SUPER-PSEUDORANDOMNESS
142167,MISTY
142168,EXACT SECURITY
142169,FINITE-FIELD
142170,DESCENT
142171,QUARTZ
142172,DEMONSTRATING POSSESSION
142173,UNCONDITIONAL SECURITY
142174,COLLECTIVE ATTACKS
142175,CHOSEN CIPHERTEXT ATTACKS
142176,AUTHENTICATED ENCRYPTION
142177,DIGITAL SIGNATURE SCHEME
142178,HERMITE-BIRKHOFF INTERPOLATION
142179,SECURE CHANNELS
142180,RABIN
142181,MESSAGE AUTHENTICATION
142182,KEY ENCRYPTION
142183,CBC MACS
142184,DIGITAL SIGNATURE
142185,BLIND SIGNATURES
142186,SL(2)
142187,VSH
142188,ORDINARY ABELIAN-VARIETIES
142189,EMBEDDING DEGREE
142190,CRYPTOGRAPHIC SIGNIFICANCE
142191,BITSLICE IMPLEMENTATION
142192,PARITY PROBLEM
142193,SIDE-CHANNEL ANALYSIS
142194,MULTIPLICATIVE MASKING
142195,PRIVATE CIRCUITS
142196,S-BOX
142197,SIDE CHANNEL ANALYSIS
142198,SEQUENTIAL AGGREGATE SIGNATURES
142199,COLLISION-RESISTANT
142200,MALICIOUS ADVERSARIES
142201,EFFICIENT 2-PARTY
142202,COMMITMENTS
142203,SECURE COMPUTATION
142204,COVERT ADVERSARIES
142205,BILINEAR GROUPS
142206,ASSUMPTION
142207,RFID TAGS
142208,KTANTAN
142209,PRACTICAL ATTACK
142210,INTERNAL STATES
142211,WEP
142212,STATISTICAL ZERO-KNOWLEDGE
142213,LATTICE BASIS
142214,BONSAI TREES
142215,DELEGATE
142216,HYPERELLIPTIC CURVES
142217,GENUS
142218,BRAID-BASED CRYPTOGRAPHY
142219,CONJUGACY PROBLEM
142220,IMPOSSIBLE DIFFERENTIAL ATTACKS
142221,INTERACTIVE PROOFS
142222,ROUND COMPLEXITY
142223,MPC
142224,VSS
142225,2-PARTY SECURE COMPUTATION
142226,ACCESS STRUCTURE
142227,INFORMATION RATE
142228,MEMORY CHECKING
142229,ARIA
142230,PATH PROBLEMS
142231,LEARNING ORGANIZATION
142232,MULTINATIONAL-CORPORATIONS
142233,STICKINESS
142234,CROSS-ORGANIZATIONAL WORKFLOW
142235,COORDINATION THEORY
142236,LINUX
142237,HERMENEUTICS
142238,OBJECT-ORIENTED DEVELOPMENT
142239,NOVICE
142240,DIFFICULTIES
142241,ERA
142242,KNOWLEDGE MANAGEMENT MECHANISMS
142243,USER-SATISFACTION
142244,PRACTICAL COMPLEXITY
142245,ABSTRACTION LEVELS
142246,INVESTMENT MODEL
142247,ONLINE COMMUNITIES
142248,ACCOUNTING MODEL
142249,HICKS LAW
142250,VISUALIZATION TOOLS
142251,SPREADSHEET MODEL
142252,MEDIA RICHNESS THEORY
142253,EQUIVOCALITY
142254,2ND-ORDER ANALYSIS
142255,VALIDATING STRATEGIC ALIGNMENT
142256,I-ASTERISK
142257,SOURCE CODES
142258,MEASURING SWITCHING COSTS
142259,SPATIOTEMPORAL ANALYSIS
142260,GROUNDED THEORY RESEARCH
142261,SELF-MANAGED TEAMS
142262,HUNTER-GATHERER THEORY
142263,SPATIAL ABILITY
142264,VIRTUAL WORLDS
142265,BRAND EQUITY
142266,SOFTWARE PROCESS INNOVATIONS
142267,WORKFORCE AGILITY
142268,METHOD VARIANCE
142269,RESEARCH QUESTIONS
142270,AUTOMATIC DIAGNOSIS
142271,CUTOFF CRITERIA
142272,CONCEPTUAL COMBINATION
142273,THEMATIC RELATIONS
142274,ARTIFACT CONCEPTS
142275,VERB MEANINGS
142276,NATURAL CATEGORIES
142277,BELL INEQUALITIES
142278,MAXIMUM SATISFIABILITY PROBLEM
142279,SYMBOLIC STRUCTURES
142280,GREATER GENEROSITY
142281,SYNTACTIC AMBIGUITY RESOLUTION
142282,SPOKEN WORD-RECOGNITION
142283,CATEGORICAL PERCEPTION
142284,LEXICAL ACCESS
142285,COMPLEMENTARY LEARNING-SYSTEMS
142286,HIPPOCAMPAL
142287,PAST-TENSE
142288,CONNECTIONISM
142289,EXPLANATION
142290,PSYCHOLINGUISTICS
142291,SYSTEMATICITY
142292,DISJUNCTIVE CONCEPT-FORMATION
142293,FEATURE INFERENCE
142294,CAUSATION
142295,ARTICULAR-CARTILAGE PATHOLOGY
142296,RADIAL-BASIS FUNCTIONS
142297,FUSION STRATEGIES
142298,NONINVASIVE DIAGNOSIS
142299,VIBRATION SIGNALS
142300,DISTRIBUTION FEEDER RECONFIGURATION
142301,HYDROGEN
142302,CELL POWER-PLANTS
142303,PANELS
142304,COMPUTED-TOMOGRAPHY IMAGES
142305,CANCER STATISTICS
142306,AIDED DETECTION
142307,LEADER PSO ELPSO
142308,GROUP-SIZE
142309,HOUSE SPARROWS
142310,PRODUCER
142311,ADVANTAGES
142312,PREDATION
142313,VIGILANCE
142314,FLOCKS
142315,LOAD-CARRYING CAPACITY
142316,DYNAMIC INTERACTION
142317,VERTICAL TEMPERATURE PROFILES
142318,COMPRESSION LIQUID CHILLERS
142319,BOREHOLE RESISTANCE
142320,WAVELET-ENTROPY
142321,CELLULAR NEURAL-NETWORKS
142322,ANTIPERIODIC SOLUTIONS
142323,SICNNS
142324,BAM
142325,RPO
142326,SKELETONS
142327,SEARCH-TREES
142328,HASKELL
142329,POLYMORPHIC TYPE INFERENCE
142330,TOTALITY
142331,ORDER ABSTRACT SYNTAX
142332,JONES-OPTIMALITY
142333,MONADS
142334,CONSTRAINT HANDLING RULES
142335,CONTROL-FLOW ANALYSIS
142336,UPDATE SEMANTICS
142337,LENSES
142338,RECURSIVE DEFINITIONS
142339,ABSTRACT TYPES
142340,AUTOMATIC INCREMENTALIZATION
142341,REWRITE SYSTEMS
142342,PRIMITIVE-RECURSION
142343,COMBINATORY-LOGIC
142344,PLASMODIUM-FALCIPARUM
142345,QUANTUM REACTIVE SCATTERING
142346,POTENTIAL-ENERGY SURFACES
142347,ABC
142348,PROTEIN DATA-BANK
142349,IMMUNE-SYSTEM
142350,GLYCOSYLATION
142351,ZERO-INTELLIGENCE
142352,ARTIFICIAL LIFE TECHNIQUES
142353,GRIDSIM
142354,SMALL-ANGLE SCATTERING
142355,MOLECULAR-STRUCTURE DETERMINATION
142356,NMR STRUCTURE DETERMINATION
142357,RAY SOLUTION SCATTERING
142358,CHEMICAL-SHIFTS
142359,TORSION ANGLE
142360,SEQUENCE HOMOLOGY
142361,XPLOR-NIH
142362,DISTRIBUTED COMPUTING INFRASTRUCTURES
142363,COST OPTIMIZATION ALGORITHM
142364,INFRASTRUCTURE MANAGEMENT
142365,MULTIPLE CLOUDS
142366,QOS-DRIVEN
142367,HADOOP
142368,MICROSERVICES
142369,SELECTION-STRATEGIES
142370,PROGRAMMING-MODEL
142371,BICRITERION
142372,P-MEDIAN PROBLEM
142373,HEURISTIC CONCENTRATION
142374,LARGE COMBINATORIAL PROBLEMS
142375,GLOBAL OPTIMUM
142376,PROBABILISTIC ANALYSIS
142377,MAXIMUM LATENESS
142378,LAGS
142379,LOCATION-ALLOCATION PROBLEMS
142380,WEBER PROBLEM
142381,DYNAMIC-PROGRAMMING APPROACH
142382,DEMANDS
142383,STOCK REPLENISHMENT
142384,DELIVERIES
142385,ARC CONSISTENCY
142386,PERSONNEL
142387,PROCESS INDUSTRIES
142388,SIZES
142389,STABILITY NUMBER
142390,DEPOT
142391,VRP
142392,CAPACITATED FACILITY LOCATION
142393,SINGLE-SOURCE CONSTRAINTS
142394,PRIMAL SOLUTIONS
142395,PROCESSING ALTERNATIVES
142396,MULTIOBJECTIVE COMBINATORIAL OPTIMIZATION
142397,LIN-KERNIGHAN
142398,LOCAL-SEARCH HEURISTICS
142399,NETWORK FLOW PROBLEMS
142400,ORTHOGONAL PACKING PROBLEM
142401,WEIGHT SETTING PROBLEM
142402,JOB-SHOP PROBLEM
142403,CELL-FORMATION
142404,MINIMUM-COST
142405,IMMUNE CLONAL ALGORITHM
142406,FLOW-SHOP
142407,NURSE
142408,SOFTWARE FRAMEWORK
142409,PARADISEO-MOEO
142410,BAYESIAN OPTIMIZATION ALGORITHM
142411,FACTORIZED DISTRIBUTION ALGORITHM
142412,OF-DISTRIBUTION ALGORITHMS
142413,DEPENDENCY NETWORKS
142414,MIXTURE MODEL
142415,SUBGRAPH PROBLEM
142416,P-DISPERSION
142417,HYBRID GRASP
142418,TEAM ORIENTEERING PROBLEM
142419,MAXIMUM COLLECTION PROBLEM
142420,DISCOUNTED-REWARD TSP
142421,MULTIPLE TIME WINDOWS
142422,K-MST
142423,PROFITS
142424,LOCATION-ROUTING PROBLEM
142425,SOLUTION FRAMEWORK
142426,FLEET SIZE
142427,P-CENTER PROBLEM
142428,MEDIAN PROBLEMS
142429,TREE NETWORK
142430,CENTER MODEL
142431,LOSS REDUCTION
142432,BARRIER TREES
142433,VECTOR QUANTIZER DESIGN
142434,OPTIMIZATION FLOW-CONTROL
142435,COMPILERS
142436,PETRI-NET MODELS
142437,SIPHONS
142438,ELEMENTARY SIPHONS
142439,DIFFERENTIATED SERVICES
142440,OBJECT-ORIENTED DATABASE
142441,RELATIONAL DATA MODEL
142442,LOSSLESS JOIN DECOMPOSITION
142443,COMPLETE AXIOMATIZATION
142444,UNCERTAIN-INFORMATION
142445,MANAGING VAGUE
142446,DEADLOCK PREVENTION POLICY
142447,GIS DATA FILES
142448,VAGUE
142449,FEATURE SPACE
142450,CONVEX-HULL
142451,SIMPLE POLYGONS
142452,AGING PATTERNS
142453,RESOLVING OBSERVABILITY PROBLEMS
142454,TEST SEQUENCES
142455,BANDELETS
142456,FAILURE-CORRECTION
142457,3GPP LTE
142458,CONSENSUS PROBLEM
142459,CHAOTIC LOGISTIC MAP
142460,ENCRYPTION ALGORITHM
142461,PASSWORD
142462,QUANTIZATION INDEX MODULATION
142463,LSB STEGANOGRAPHY
142464,WORKERS
142465,INTERDEPENDENCE
142466,PAST RESEARCH
142467,COMMERCIALS
142468,INFORMATION-TECHNOLOGY CAPABILITY
142469,COMPETITIVE STRATEGY
142470,DSS DESIGN
142471,EXECUTIVES
142472,SCHOLARS
142473,BUSINESS E-COMMERCE
142474,MOBILE-COMMERCE
142475,ONLINE AUCTIONS
142476,DIGITAL ECONOMY
142477,BROKERAGE INDUSTRY
142478,INFORMATION GOODS
142479,CONSUMER SURPLUS
142480,INTERFIRM NETWORKS
142481,SOCIAL-STRUCTURE
142482,EMBEDDEDNESS
142483,INFORMATION-SYSTEMS INNOVATION
142484,DESIGN THEORY
142485,INFORMATION-TECHNOLOGY OBJECTIVES
142486,DISTRIBUTED TEAMS
142487,UNDERSTANDING CONFLICT
142488,SHARING KNOWLEDGE
142489,GROUP COHESION
142490,INFORMATION-TECHNOLOGY MANAGEMENT
142491,BUSINESS-IT ALIGNMENT
142492,ORGANIZATIONAL ALIGNMENT
142493,TURNOVER
142494,MANUFACTURING FLEXIBILITY
142495,CORPORATE-STRATEGY
142496,QUO-VADIS
142497,STRATEGIC ALLIANCES
142498,INNOVATION NETWORKS
142499,KNOWLEDGE TRANSFER
142500,TECHNOLOGY IMPLEMENTATION
142501,INFORMATION PRIVACY CONCERNS
142502,GLOBAL SOURCING STRATEGY
142503,TECHNOLOGY PROJECTS
142504,OFFSHORE
142505,TRENDS SURVEY
142506,ASSETS
142507,PEER PRESSURE
142508,CLIENT
142509,CRISIS
142510,EXECUTIVE INFORMATION-SYSTEMS
142511,RADICAL ORGANIZATIONAL-CHANGE
142512,BIGGEST COMPUTER-PROGRAM
142513,NPFIT
142514,EDITORS
142515,INFRASTRUCTURES
142516,DEVELOPING-COUNTRIES
142517,STRUCTURATION THEORY
142518,METHODOLOGICAL EXAMINATION
142519,E-GOVERNMENT RESEARCH
142520,INITIATIVES
142521,INDUSTRIAL-ORGANIZATION
142522,PRODUCT ARCHITECTURE
142523,DOMINANT DESIGNS
142524,SOCIAL-SCIENCES
142525,TRANSACTION COSTS
142526,MICROFOUNDATIONS
142527,TRANSACTION COST APPROACH
142528,SAAS-ADOPTION
142529,ORGANIZATIONAL-STRUCTURE
142530,INFORMATION INFRASTRUCTURES
142531,EXPLANATORY MECHANISMS
142532,CANONICAL ACTION RESEARCH
142533,CHINESE MANAGEMENT
142534,GUANXI
142535,OUTSOURCING SUCCESS
142536,RELATIONAL GOVERNANCE
142537,PROJECT PERFORMANCE
142538,STAKEHOLDER PERSPECTIVE
142539,PSYCHOLOGICAL CONTRACT
142540,OWNERSHIP TYPES
142541,REPERTORY GRID TECHNIQUE
142542,GENERALIZABILITY
142543,WIKIS
142544,PSYCHOLOGICAL OWNERSHIP
142545,MOBILE PAYMENT PLATFORMS
142546,BOUNDARY RESOURCES
142547,ECOSYSTEM
142548,PORTFOLIO MANAGEMENT
142549,INVESTORS
142550,DISPOSITION
142551,SEMANTIC INFORMATION
142552,DIKW HIERARCHY
142553,PHILOSOPHY
142554,COLLECTIVE ACTION
142555,EID
142556,MEANS ALGORITHM
142557,MEANS-END MODELS
142558,FUZZY AHP
142559,CUSTOMER REQUIREMENTS
142560,POWER DISTRIBUTION-SYSTEMS
142561,RANKING FUZZY NUMBERS
142562,REDUNDANCY OPTIMIZATION PROBLEMS
142563,POSSIBILITY DISTRIBUTIONS
142564,ANALYTIC DERIVATION
142565,RENEWAL PROCESS
142566,FRONTIER
142567,LINEAR MEMBERSHIP FUNCTIONS
142568,TRANSPORTATION PROBLEM
142569,PARAMETRIC APPROACH
142570,MANPOWER ALLOCATION
142571,NECESSITY MEASURES
142572,INTERACTIVE METHOD
142573,SUBGROUPS
142574,SUBMODULES
142575,RELATIONAL DATABASE
142576,GENERALIZED DIFFERENCE-SEQUENCES
142577,CONVERGENT DOUBLE SEQUENCES
142578,FOLLOWS
142579,FORECASTING ENROLLMENTS
142580,ANALOG ELECTRONIC-CIRCUITS
142581,SEISMIC RESPONSE REDUCTION
142582,EXCITED TALL BUILDINGS
142583,MAGNETORHEOLOGICAL DAMPERS
142584,LOGIC CONTROL
142585,STRUCTURAL SYSTEMS
142586,ONLINE IDENTIFICATION
142587,ACTIVE CONTROL
142588,H-IDEALS
142589,REVERSE LOGISTICS ENVIRONMENT
142590,MATHEMATICAL PROGRAMS
142591,FUZZY VARIABLES
142592,FCM
142593,GENERALIZATION ERROR
142594,SELECTION PROCESS
142595,REGENERATIVE MEDICINE
142596,CITESPACE
142597,DEPENDENT AGGREGATION OPERATORS
142598,UNCERTAIN LINGUISTIC INFORMATION
142599,FUZZY INFORMATION
142600,GEOMETRIC INTERACTION OPERATORS
142601,BL-ALGEBRAS
142602,FUNDAMENTAL PROPERTIES
142603,COSINE SIMILARITY MEASURES
142604,PICTURE FUZZY-SETS
142605,ANALYSIS SYSTEM
142606,MULTIPLE-QUERY OPTIMIZATION
142607,DIFFERENT TIME GRANULARITIES
142608,GRAPH ANALYSIS
142609,USER PROFILES
142610,SUPERVISORY CONTROL-SYSTEMS
142611,QUASI-CLASSICAL LOGIC
142612,RESEARCH-PROGRAM
142613,CLUSTERING METHODS
142614,RELEVANCE JUDGMENTS
142615,OPTIMAL NUMBER
142616,BUILDING CBR SYSTEMS
142617,CONSUMER-BEHAVIOR
142618,RETAIL
142619,BRAND CHOICE BEHAVIOR
142620,INFORMATION LOAD
142621,TASK COMPLEXITY
142622,STATUS-QUO
142623,AVERSION
142624,MULTINOMIAL LOGIT
142625,DISTANCE FUNCTIONS
142626,MULTIPITCH ESTIMATION
142627,SPECTRAL SMOOTHNESS
142628,CHORDS
142629,SMART HOME
142630,COGNITIVE IMPAIRMENT
142631,DEFICITS
142632,NETWORK CLASSIFIERS
142633,SCALING-UP
142634,CLASSIFICATION ALGORITHMS
142635,HUMAN MOTION RECOGNITION
142636,CONDITIONAL MODELS
142637,FUNCTION PREDICTION
142638,OUTPUTS
142639,SAMPLING METHOD
142640,MULTISCALE SEGMENTATION
142641,CEPSTRAL COEFFICIENTS
142642,HEARING
142643,REGRESSION TREES
142644,APPLICATION-LAYER MULTICAST
142645,STRONG PRIVACY
142646,EXTENDED STATIC CHECKING
142647,SCHEDULABILITY
142648,LUMPABILITY
142649,FINE-GRAINED REUSE
142650,PROOF SYSTEM
142651,BEHAVIORAL-MODELS
142652,INCONSISTENT INFORMATION
142653,FALSITY
142654,GENERAL-THEORY
142655,ARBITRATION
142656,TEAMWORK
142657,MULTIPLE GRANULARITIES
142658,CALENDARS
142659,INTUITIONISTIC PROPOSITIONAL LOGIC
142660,INTUITIONISTIC LOGIC
142661,PROVABILITY
142662,ALLENS INTERVAL ALGEBRA
142663,TEMPORAL RELATIONS
142664,HOOPS
142665,COMPUTABILITY LOGIC
142666,GAME SEMANTICS
142667,CAPTURE-AVOIDING SUBSTITUTION
142668,STATE-SPACE
142669,1ST-ORDER FUZZY-LOGIC
142670,CONTINUOUS T-NORMS
142671,SEMANTICAL COMPLETENESS
142672,CALLS
142673,BARRIER CERTIFICATES
142674,COLLISION-AVOIDANCE
142675,WITNESSED MODELS
142676,PREFERRED SEMANTICS
142677,PROPOSITIONAL MU-CALCULUS
142678,ARGUMENTATION FRAMEWORKS
142679,STAGE SEMANTICS
142680,EXECUTABLE SPECIFICATION
142681,NONDETERMINISTIC SEMANTICS
142682,BI
142683,LOGICAL CONSTANTS
142684,HARMONY
142685,JUSTIFICATION
142686,DISTRIBUTIVE MODAL LOGIC
142687,ALGORITHMIC CORRESPONDENCE
142688,DEFINABILITY
142689,SAHLQVIST THEOREM
142690,BACKWARD INDUCTION
142691,QUANTIFIED STATEMENTS
142692,SERIATED CUPS
142693,PREDICATION
142694,ACCOUNTS
142695,EXPRESSIVENESS
142696,SPACE-TIMES
142697,COUNTERFACTUALS
142698,GAUSSIAN-PROCESSES
142699,COMPLEMENTARITY
142700,POINT ALGORITHMS
142701,RATE-DISTORTION FUNCTIONS
142702,CLASSIFICATION LEARNING ALGORITHMS
142703,BONFERRONI PROCEDURE
142704,HYPOTHESES
142705,LOCAL MINIMA
142706,COMPOSING SOLUTIONS
142707,CONTRASTIVE DIVERGENCE
142708,EQUIVALENT
142709,FUSED LASSO
142710,DIRICHLET
142711,MODEL TREES
142712,ERROR ESTIMATE
142713,SLOW FEATURE ANALYSIS
142714,STEEPEST DESCENT
142715,ADJOINT
142716,INTERNATIONAL JOINT VENTURES
142717,STRATEGY-MAKING PROCESSES
142718,SEMICONDUCTOR INDUSTRY
142719,DYNAMIC THEORY
142720,INTERPERSONAL-TRUST
142721,CLOSE RELATIONSHIPS
142722,TELEMEDICINE TECHNOLOGY
142723,SELF-REPORTS
142724,MEETINGS
142725,1990S
142726,PROCEDURAL JUSTICE
142727,DYADIC TRUST
142728,RESPONSIVENESS
142729,STRUCTURAL MODELING APPROACH
142730,DIRECT MANIPULATION
142731,SUSTAINABLE COMPETITIVE ADVANTAGE
142732,TECHNOLOGY INVESTMENTS
142733,MANAGERS
142734,RENT
142735,REQUIREMENTS ELICITATION
142736,KNOWLEDGE INTEGRATION
142737,SUPPORT-SYSTEMS
142738,MONOPOLISTIC COMPETITION
142739,COLLECTIVE MIND
142740,MULTIBUSINESS FIRMS
142741,ROLE-CONFLICT
142742,OCCUPATIONAL STRESS
142743,ROLE AMBIGUITY
142744,INDIVIDUAL ADJUSTMENT
142745,COMPUTER-STRESS
142746,INSTITUTION-BASED TRUST
142747,ONLINE MARKETPLACES
142748,TOOLKITS
142749,INFORMATION PRIVACY
142750,DIGITAL PRIVACY
142751,SOCIAL ISSUE
142752,JUSTICE
142753,VIRTUAL CUSTOMER
142754,ONLINE ENVIRONMENTS
142755,BRAND COMMUNITY
142756,PSYCHOLOGICAL EMPOWERMENT
142757,REFERENCE DISCIPLINE
142758,USER COMMUNITIES
142759,LINUX KERNEL
142760,REAL OPTIONS PERSPECTIVE
142761,ORIENTED-ARCHITECTURE
142762,RATIONAL-EXPECTATIONS
142763,DOMINANT LOGIC
142764,CONVERSATIONS
142765,REVENUE
142766,INFORMATION-TECHNOLOGY ACCEPTANCE
142767,COMPUTER ABUSE
142768,CONSUMER PRIVACY
142769,CALCULUS MODEL
142770,EXCHANGE RELATIONSHIPS
142771,PROJECT TEAMS
142772,PRODUCT INNOVATION
142773,FORMATIVE CONSTRUCTS
142774,EMPIRICAL ILLUSTRATION
142775,EXPERIENCE GOODS
142776,PSYCHOLOGICAL CONSTRUCTION
142777,KNOWLEDGE-BASED VIEW
142778,CORE COMPETENCE
142779,SYSTEMS RESOURCES
142780,BAD-NEWS
142781,SUCCESSFUL ADOPTION
142782,PROMOTION
142783,STRATEGIC DECISION-MAKING
142784,COMMUNICATION FREQUENCY
142785,MORAL DISENGAGEMENT
142786,PRODUCT PORTFOLIO
142787,LONG TAIL
142788,OPEN-SOURCE SOFTWARE
142789,ATTRACTIVE MODELS
142790,ALPHA
142791,ORGANIZATIONAL-RESEARCH
142792,STRATEGIC RESOURCE
142793,SECURITY POLICY COMPLIANCE
142794,HEALTH-RELATED BEHAVIOR
142795,NORMATIVE COMMITMENT
142796,COPING APPRAISAL
142797,ECONOMIC-ORGANIZATION
142798,INFORMATION-TECHNOLOGY USE
142799,FACEBOOK USE
142800,COGNITIVE NEUROSCIENCE
142801,IMPULSIVITY
142802,PREOCCUPATION
142803,DRINKING
142804,INDIVIDUAL TRUST
142805,INTERPERSONAL DECEPTION
142806,SHOPPING VALUE
142807,PLEASURE
142808,SOCIAL-NETWORK
142809,CONSUMER INFORMEDNESS
142810,SHARING ECONOMY
142811,MORAL HAZARD
142812,MARKET POWER
142813,EXCHANGE THEORY
142814,SECURITY VIOLATIONS
142815,POLICY VIOLATIONS
142816,PREFERENTIAL TREATMENT
142817,HAPPINESS
142818,TECHNOLOGY ECOSYSTEMS
142819,KNOWLEDGE CONTRIBUTION
142820,FAKE
142821,CHAT
142822,STRATEGIC GROUPS
142823,RIVALRY
142824,VARIATION PENALTY METHODS
142825,PRIORS
142826,EUCLIDEAN RECONSTRUCTION
142827,MULTIPLE INTERPRETATIONS
142828,AUTOCALIBRATION
142829,PRESERVING REGULARIZATION
142830,VISCOSITY SOLUTIONS
142831,NONPARAMETRIC REGRESSION
142832,RECEPTIVE-FIELD PROPERTIES
142833,HOPFIELD MODEL
142834,FREE DISCONTINUITY PROBLEM
142835,VECTOR-VALUED IMAGES
142836,LEVEL VISION
142837,CORRUPTED IMAGES
142838,TOTAL VARIATION FLOW
142839,CIRCULAR ARC CENTER
142840,RAO LOWER BOUNDS
142841,CONIC SECTIONS
142842,RADIUS
142843,MATHEMATICAL EXPECTATION
142844,DIRECTIONAL STATISTICS
142845,METRIC SPACE
142846,MARTINGALES
142847,DIFFEOMORPHISMS
142848,NILPOTENT LIE GROUPS
142849,CAT VISUAL-CORTEX
142850,DIFFERENTIAL-OPERATORS
142851,HEISENBERG-GROUP
142852,STRIATE
142853,VARIATIONAL-PROBLEMS
142854,ABSOLUTE NORM
142855,ADAPTIVE REGULARIZATION
142856,EARLY VISION
142857,HILBERT-SPACE
142858,POINT-PROCESSES
142859,EDGE-PRESERVING REGULARIZATION
142860,PROXIMAL POINT ALGORITHM
142861,MONOTONE-OPERATORS
142862,SPLITTING METHOD
142863,MEDIAN FILTERS
142864,PEPPER NOISE
142865,HEISENBERG-GROUP H-1
142866,CONSTANT MEAN-CURVATURE
142867,GROUP H-N
142868,ISOPERIMETRIC PROBLEM
142869,BERNSTEIN PROBLEM
142870,LOW REGULARITY
142871,CARNOT GROUPS
142872,SOAP FILMS
142873,LOCAL CONSTRAINTS
142874,SPATIAL-TEMPORAL VISION
142875,DERIVATIVE MODEL
142876,ZERO CROSSINGS
142877,SHAPE CUES
142878,OPTIMAL SPATIAL ADAPTATION
142879,DENOISING ALGORITHMS
142880,SURE
142881,SMOOTHNESS
142882,LAND-USE CLASSIFICATION
142883,STATISTICAL APPROACH
142884,GRAY-SCALE
142885,TIME QUANTUM WALKS
142886,3D IMAGES
142887,ANSCOMBE TRANSFORMATION
142888,OPTIMAL INVERSION
142889,HUNTER-SAXTON EQUATION
142890,SHALLOW-WATER EQUATION
142891,SOBOLEV METRICS
142892,GEODESIC-FLOW
142893,RIEMANNIAN METRICS
142894,HYPERSURFACES
142895,INVARIANT PARABOLIC EVOLUTIONS
142896,INVERTIBLE ORIENTATION SCORES
142897,STOCHASTIC COMPLETION FIELDS
142898,EUCLIDEAN MOTION GROUP
142899,CATS-STRIATE-CORTEX
142900,CONTOUR ENHANCEMENT
142901,HYPERCOMPLEX FOURIER-TRANSFORMS
142902,PRIMAL-DUAL ALGORITHMS
142903,SPLITTING ALGORITHM
142904,WEAK-CONVERGENCE
142905,PROXIMAL METHOD
142906,RECEPTIVE-FIELD HISTOGRAMS
142907,PRIMAL SKETCH
142908,ROBUST FEATURES
142909,REGION DETECTOR
142910,RIDGE DETECTION
142911,TOP-POINTS
142912,OPTIMAL TRANSPORT
142913,TIKHONOV REGULARIZATION
142914,DEBLURRING MODELS
142915,SCALE-SPACE FILTERS
142916,STRIATE CORTEX
142917,LIE-GROUPS
142918,COMPRESSED SENSING MRI
142919,ITERATIVE ALGORITHMS
142920,NEIGHBORHOOD FILTERS
142921,NONLINEAR GEOMETRY
142922,MAP-INFERENCE
142923,STRUCTURE-FROM-MOTION
142924,NONRIGID MOTION
142925,IMAGE STREAMS
142926,EXACT HISTOGRAM SPECIFICATION
142927,RETINEX THEORY
142928,COLOR ENHANCEMENT
142929,EULERS ELASTICA
142930,CONTOURS
142931,RELATIVE FUZZY CONNECTEDNESS
142932,IMAGE FORESTING TRANSFORM
142933,MINIMUM BARRIER DISTANCE
142934,GRAPH CUT
142935,MULTIPLE OBJECTS
142936,LIVE-WIRE
142937,PRIMARY VISUAL-CORTEX
142938,MOLECULAR DESCRIPTORS
142939,ACTIVE ANTIINFLAMMATORY AGENTS
142940,CYCLOOXYGENASE-2 INHIBITORS
142941,COX-2 INHIBITORS
142942,FLEXIBLE LIGANDS
142943,POTENT
142944,3-DIMENSIONAL STRUCTURE
142945,CONFORMATION
142946,BACKBONE
142947,FOLD
142948,MOLECULAR DIVERSITY
142949,MOLTEN-GLOBULE STATE
142950,TOBACCO MOSAIC-VIRUS
142951,PYRUVATE-DEHYDROGENASE COMPLEX
142952,CALMODULIN-BINDING PROTEIN
142953,LIMITED PROTEOLYTIC SITES
142954,NUCLEOSOME CORE PARTICLE
142955,FD PHAGE PENETRATION
142956,GP120 V3 LOOP
142957,ALPHA-LACTALBUMIN
142958,FREE-ENERGY DIFFERENCES
142959,MEAN FORCE
142960,ANTIBODY
142961,OPTIMAL MOLECULAR DESCRIPTORS
142962,QUANTITATIVE STRUCTURE
142963,TOPOLOGICAL INDEX
142964,BOILING POINTS
142965,WIENER MATRIX
142966,PATH NUMBERS
142967,MOLECULAR-FIELD ANALYSIS
142968,COMBINATORIAL LIBRARY DESIGN
142969,ELECTROTOPOLOGICAL STATE
142970,3D QSAR
142971,COMFA
142972,PROTEIN-LIGAND INTERACTIONS
142973,BINDING-AFFINITY
142974,HIV-1 PROTEASE
142975,INHIBITOR
142976,THROMBIN
142977,CITRATE SYNTHASE
142978,II FORCE-FIELDS
142979,LIBRARY DESIGN
142980,RECEPTOR
142981,HUMAN NEUTROPHIL COLLAGENASE
142982,HUMAN FIBROBLAST COLLAGENASE
142983,X-RAY STRUCTURE
142984,CATALYTIC DOMAIN
142985,STROMELYSIN-1 MMP-3
142986,CRYSTAL-STRUCTURES
142987,INTERACTION SITES
142988,CANCER-THERAPY
142989,POLAR MOLECULAR-SURFACE
142990,HUMAN JEJUNAL PERMEABILITY
142991,CACO-2 CELL-PERMEABILITY
142992,ORAL-DRUG ABSORPTION
142993,DELTA-LOG-P
142994,BRAIN PENETRATION
142995,PHYSICOCHEMICAL PARAMETERS
142996,MEMBRANE-PERMEABILITY
142997,TRANSPORT PHENOMENA
142998,SIDE-CHAIN PREDICTION
142999,MOLECULAR-DYNAMICS SIMULATION
143000,DEPENDENT ROTAMER LIBRARY
143001,FREE-ENERGY CALCULATIONS
143002,BETA-HAIRPIN
143003,FOLDING SIMULATIONS
143004,IMPLICIT WATER
143005,SOLVENT
143006,REPLICA-EXCHANGE METHOD
143007,DENSITY-OF-STATES
143008,HISTOGRAM ANALYSIS METHOD
143009,ORDER PHASE-TRANSITIONS
143010,PROTEIN-FOLDING PROBLEM
143011,SPIN-GLASS SIMULATIONS
143012,HELIX-COIL TRANSITIONS
143013,MULTICANONICAL ALGORITHM
143014,X-RAY-STRUCTURE
143015,CARBOXYPEPTIDASE-A
143016,MATRIX METALLOPROTEINASES
143017,FLEXIBLE DOCKING
143018,HAEMONCHUS-CONTORTUS TUBULIN
143019,ASPERGILLUS-NIDULANS
143020,ANTHELMINTICS
143021,ISOTYPE-1
143022,AFFINITY
143023,GENOME ANNOTATION
143024,COMPUTATIONAL NEURAL-NETWORKS
143025,MINNOW PIMEPHALES-PROMELAS
143026,FATHEAD MINNOW
143027,MOLECULAR-STRUCTURE
143028,ACUTE TOXICITY
143029,CYCLOOXYGENASE-2
143030,POTENTIAL FUNCTIONS
143031,LIQUID WATER
143032,CONFORMATIONAL ENERGIES
143033,RESP METHODOLOGY
143034,AM1-BCC MODEL
143035,MMFF94
143036,CALCULATING PK(A)S
143037,ACID DENATURATION
143038,PH
143039,DOUBLE-CROSSOVER MOLECULES
143040,NUCLEIC-ACID JUNCTIONS
143041,BRANCHED JUNCTIONS
143042,MODELING TOOL
143043,LIGATION
143044,TRIANGLES
143045,BINDING-SITE
143046,AGONISTS
143047,SOIL SORPTION COEFFICIENTS
143048,ELECTROTOPOLOGICAL STATE INDEXES
143049,PERSISTENT ORGANIC POLLUTANTS
143050,DIVERSE SET
143051,PROTEIN-BOUND LIGANDS
143052,VARIABLE CONNECTIVITY INDEX
143053,SATURATED-HYDROCARBONS
143054,MOLECULAR CONNECTIVITY
143055,SPECTRUM-LIKE
143056,REGRESSIONS
143057,ROTATIONAL SUPERPOSITION
143058,PROTEIN BINDING
143059,ADME
143060,STATISTICAL LEARNING-METHODS
143061,HIGH-THROUGHPUT DOCKING
143062,BINARY KERNEL DISCRIMINATION
143063,CHEMICAL SPACE
143064,LEAD DISCOVERY
143065,RECEPTOR ANTAGONISTS
143066,CONFORMATIONAL COVERAGE
143067,SUBSTRATE-SPECIFICITY
143068,GLYCOPROTEINS
143069,SMOLUCHOWSKI EQUATION
143070,SOLVATION FORCES
143071,ACETYLCHOLINESTERASE
143072,ELECTROSTATICS
143073,ELECTROSPRAY MASS-SPECTROMETRY
143074,SPERM-WHALE MYOGLOBIN
143075,BIOLOGICAL MACROMOLECULES
143076,ATOMIC-RESOLUTION
143077,LIGAND MIGRATION
143078,COMMON DYNAMICS
143079,MICRO-MYOGLOBIN
143080,GLOBIN FAMILY
143081,HEME-BINDING
143082,AB-INITIO
143083,HYDROGEN SENSOR
143084,NO2
143085,NH3
143086,CHEMISORPTION
143087,COUPLED RECEPTORS
143088,BOVINE RHODOPSIN
143089,GXXXG MOTIF
143090,DNA-SEQUENCE REPRESENTATIONS
143091,STAR-LIKE GRAPHS
143092,GLARGINE
143093,GRAPHICAL PROCESSING UNITS
143094,2-ELECTRON INTEGRAL EVALUATION
143095,QUANTUM-CHEMISTRY CALCULATIONS
143096,BIOACTIVE REFERENCE STRUCTURES
143097,STRUCTURAL DESCRIPTORS
143098,MOLECULAR DESCRIPTOR
143099,LIGAND INTERACTIONS
143100,HEAT-SHOCK-PROTEIN-90
143101,ZD6474
143102,HSP90
143103,VOLATILE ORGANIC-COMPOUNDS
143104,BARRIER PERMEATION
143105,VITRO
143106,SOLUTES
143107,DETERMINANT
143108,MATRIX-METALLOPROTEINASE INHIBITORS
143109,STROMELYSIN CATALYTIC DOMAIN
143110,KYOTO ENCYCLOPEDIA
143111,ASTHMATICS
143112,SCALABLE MOLECULAR-DYNAMICS
143113,NEURAMINIDASE SUBTYPE N1
143114,PARTICLE MESH EWALD
143115,BETA-CAROTENE
143116,FUNCTIONALIZATION
143117,BIOCOMPATIBILITY
143118,RNA-EDITING LIGASE
143119,PDBBIND DATABASE
143120,PDB2PQR
143121,HUMAN-LEUKOCYTE ELASTASE
143122,"1,1 DIOXIDE SCAFFOLD"
143123,MECHANISM-BASED INHIBITORS
143124,CATHEPSIN-G
143125,SACCHARIN DERIVATIVES
143126,N-HYDROXYSUCCINIMIDE
143127,POTENT INHIBITORS
143128,PROTEASES
143129,QSPR
143130,ENERGIES
143131,COUMARIN DYES
143132,MOLECULAR DESIGN
143133,PHOTOVOLTAIC PROPERTIES
143134,HIGH-EFFICIENCY
143135,TIO2 FILMS
143136,ENERGY CONVERSION
143137,HEMICYANINE DYES
143138,CYANINE DYES
143139,TD-DFT
143140,APPLICABILITY DOMAIN ESTIMATION
143141,STRUCTURE-ACTIVITY LANDSCAPES
143142,ACTIVITY CLIFFS
143143,TYROSINE KINASE INHIBITORS
143144,2D AUTOCORRELATION
143145,GUANINE DERIVATIVES
143146,CDK2 INHIBITORS
143147,PHARMACOPHORE
143148,COMSIA
143149,HIGH ELECTROCATALYTIC ACTIVITY
143150,METAL-FREE CATALYST
143151,OXYGEN REDUCTION
143152,ANODE MATERIALS
143153,NANOSHEETS
143154,SHEETS
143155,MATRIX VECTOR PRODUCT
143156,PLECKSTRIN HOMOLOGY DOMAIN
143157,3D-QSAR
143158,MOLECULAR SIMULATIONS
143159,SIMILARITY COEFFICIENTS
143160,ZEOLITES
143161,QUANTITATIVE STRUCTURE-ACTIVITY
143162,QSAR ANALYSIS
143163,CYTOTOXICITY
143164,POROUS GRAPHENE
143165,METAL-IONS
143166,PERMEATION
143167,ELECTRON-DENSITY
143168,DOCETAXEL
143169,PRISTINE
143170,HOST-GUEST SYSTEM
143171,PHARMACEUTICAL APPLICATIONS
143172,ANTIINFLAMMATORY ACTIVITY
143173,DRUG-DELIVERY
143174,FLAVONOIDS
143175,SOLUBILIZATION
143176,NARINGENIN
143177,GENOME-REDUCED BACTERIUM
143178,MYCOPLASMA-GENITALIUM
143179,FACTOR XA INHIBITOR
143180,SELECTIVE CYCLOOXYGENASE-2 INHIBITORS
143181,VIRTUAL SCREENING ACCURACY
143182,MOLECULAR DOCKING PROGRAMS
143183,CYCLIN-DEPENDENT KINASES
143184,CSAR BENCHMARK EXERCISE
143185,RATIONAL DRUG DESIGN
143186,AURORA KINASES
143187,RESIN
143188,DGEBA
143189,ARMCHAIR CARBON NANOTUBES
143190,WATER DESALINATION
143191,NANOPOROUS GRAPHENE
143192,EPITAXIAL GRAPHENE
143193,TRIHALOMETHANES
143194,1ST HYPERPOLARIZABILITY
143195,FT-IR
143196,1ST-ORDER HYPERPOLARIZABILITY
143197,NBO ANALYSIS
143198,NLO
143199,REGULATING KINASE 4
143200,SELECTIVE INHIBITORS
143201,ISOZYME-IX
143202,BENZENE SULFONAMIDES
143203,INDUCED DENATURATION
143204,ISOFORMS IX
143205,XII
143206,CENTER-DOT-O
143207,CHALCOGEN BOND
143208,HALOGEN BOND
143209,HOLE BOND
143210,BORON
143211,LIGAND-BINDING-SITES
143212,OPEN BABEL
143213,ADSORPTION CHARACTERISTICS
143214,BASIS-SET
143215,DFT
143216,CO
143217,NANOTUBES
143218,GRAPHENES
143219,SILICENE
143220,GENERALIZED GRADIENT APPROXIMATION
143221,ELECTRONIC TRANSPORT-PROPERTIES
143222,BLACK PHOSPHORUS
143223,HEXA-PERI-HEXABENZOCORONENE
143224,SILICON-CARBIDE NANOTUBE
143225,BORON-NITRIDE
143226,BN NANOSHEET
143227,IONIZATION-POTENTIALS
143228,STRUCTURAL-PROPERTIES
143229,SENSING BEHAVIOR
143230,HYPERPOLARIZABILITY
143231,PROP-2-EN-1-ONE
143232,MONOHYDRATE
143233,GAS SENSORS
143234,2-DIMENSIONAL MATERIALS
143235,SENSING PROPERTIES
143236,1ST-PRINCIPLES
143237,ADSORPTION BEHAVIOR
143238,NO2 MOLECULES
143239,SINGLE-LAYER
143240,MOLECULAR DEVICE
143241,TRIMETHYL AMINE
143242,NANOSHEET
143243,PROMISCUOUS INHIBITORS
143244,ORAL BIOAVAILABILITY
143245,MUTAGENICITY
143246,HAAR SPECTRA
143247,CUBES
143248,MULTIPLE-VALUED-INPUT
143249,EASILY TESTABLE REALIZATIONS
143250,BINARY DECISION DIAGRAMS
143251,OF-PRODUCTS EXPRESSIONS
143252,LOGIC MODULE NETWORKS
143253,MIXED-POLARITY
143254,SWITCHING-FUNCTIONS
143255,VARIETIES
143256,MIXED POLARITIES
143257,PROPOSITIONAL CALCULUS
143258,MV-ALGEBRAS
143259,BL ALGEBRAS
143260,FINITE PARTIAL ALGEBRAS
143261,POST CLASSES
143262,HYPERGROUPS
143263,MULTIATTRIBUTE SELECTION
143264,SUB-HYPERQUASIGROUPS
143265,SUGENO
143266,STATISTICAL TESTS
143267,MULTIPLE TEST PROCEDURES
143268,CONNECTIONIST SYSTEMS
143269,PREMISES
143270,TOFFOLI NETWORK SYNTHESIS
143271,LOGIC SYNTHESIS
143272,VALUATION MODEL
143273,SWOT ANALYSIS
143274,STOCHASTIC-BEHAVIOR ANALYSIS
143275,CUCKOO SEARCH
143276,HETEROGENEOUS INFORMATION
143277,STRUCTURE OPTIMIZATION
143278,TOY MODEL
143279,(IS-AN-ELEMENT-OF
143280,REAL OPTIONS APPROACH
143281,LINGUISTIC VARIABLES
143282,GAMMA-SEMIHYPERGROUPS
143283,HYPERRINGS
143284,MODEL COMBINING DEMATEL
143285,BSC
143286,DECISION-MAKING APPROACH
143287,VALUE MANAGEMENT
143288,RECONSTRUCTING FINGERPRINTS
143289,SERVICE ATTACKS
143290,SNORT
143291,POWER-EFFICIENT
143292,HEED
143293,ATTACK-DETECTION
143294,ALARM
143295,MOBILE WIRELESS NETWORKS
143296,VANETS
143297,LIVE STORAGE MIGRATION
143298,DELTA COMPRESSION
143299,DEBRIS-FLOW
143300,INTRUSION-DETECTION SYSTEMS
143301,TRAFFIC ANALYSIS
143302,EFFICIENT AUTHENTICATION
143303,BODY SENSOR NETWORKS
143304,2-FACTOR USER AUTHENTICATION
143305,ELLIPTIC-CURVES CRYPTOGRAPHY
143306,SMART-CARD
143307,DISTRIBUTED SYSTEMS MANAGEMENT
143308,DIFFSERV NETWORKS
143309,DISTRIBUTED MANAGEMENT
143310,INFORMATION DEFINITIONS
143311,SWRL
143312,HANDOFF
143313,WIRELESS NETWORK
143314,ALERT CORRELATION
143315,CACHE ATTACKS
143316,INTERNET TRAFFIC CLASSIFICATION
143317,VIRTUAL MACHINE MIGRATION
143318,COST-AWARE ELASTICITY
143319,P2P NETWORKS
143320,CHORD
143321,PROGRAMMABLE NETWORKS
143322,SVC
143323,DIFFERENT SPEEDS
143324,ACCENT
143325,PARTICIPATORY DISCREPANCIES
143326,RHYTHM PERCEPTION
143327,TONES
143328,COMPLEX TONES
143329,AUDITORY-SYSTEM
143330,VIRTUAL PITCH
143331,PHASE SENSITIVITY
143332,OCTAVE TEMPLATES
143333,COMPUTER-MODEL
143334,PERIODICITY
143335,INITIAL MEASURES
143336,CHOPIN ETUDE
143337,E-MAJOR
143338,MICROCOSM
143339,STRING SUPERPRIMITIVITY
143340,TIMBRES
143341,TIMBER
143342,CUE UTILIZATION
143343,BRAIN-REGIONS
143344,INTENSITY
143345,COMPOSERS PULSES
143346,SCHUMANN TRAUMEREI
143347,PIANO PERFORMANCE
143348,DIRECTOR MUSICES
143349,CHOPINS ETUDE
143350,RULE SYSTEMS
143351,E MAJOR
143352,FUNDAMENTAL-FREQUENCY
143353,AUDITORY ORGANIZATION
143354,AUTOCORRELATION
143355,SCHENKERIAN ANALYSIS
143356,MUSICAL SEQUENCES
143357,CONSUMPTION EXPERIENCE
143358,BACKGROUND MUSIC
143359,BEAT
143360,RHYTHM QUANTIZATION
143361,HARMONIC-ANALYSIS
143362,TEMPO TRACKING
143363,ATTENDANCE
143364,DISTINCTIVE PATTERNS
143365,BODY MOVEMENTS
143366,PIANO
143367,MIRROR NEURONS
143368,EXPERIMENTAL COMPUTER-SCIENCE
143369,INTER-GENRE SIMILARITY
143370,DISCRIMINATIONS
143371,MAQAM MUSIC
143372,WESTERN
143373,BEAT PERCEPTION
143374,TERM-MEMORY
143375,NONMUSICIANS
143376,MELODIC SEGMENTATION
143377,COMBINATORIALITY
143378,MULTIPLE VIEWPOINT SYSTEMS
143379,INDUCTIVE INFERENCE
143380,NORTH-AMERICA
143381,FOLK TUNES
143382,SONGS
143383,MUSIC THEORY
143384,TRAFFIC RESTORATION
143385,PROTECTION SCHEME
143386,PHASE-MODULATION
143387,FULL-DUPLEX
143388,OPTICAL PACKET SYNCHRONIZER
143389,WAVELENGTH
143390,TO-STRONG TURBULENCE
143391,SCINTILLATIONS
143392,OPTICAL IP NETWORKS
143393,RATE PERFORMANCE
143394,SCINTILLATION
143395,QAM
143396,100 GBIT/S
143397,TRANSMITTER
143398,PATH NETWORK
143399,850 NM VCSEL
143400,MULTIMODE FIBER
143401,SCATTERING ALBEDO
143402,LIGHT-BEAM
143403,SEAWATER
143404,ATMOSPHERIC-TURBULENCE CHANNELS
143405,SPACE OPTICAL COMMUNICATIONS
143406,TURBULENCE CHANNELS
143407,INTENSITY MODULATION
143408,ACO-OFDM
143409,IMDD SYSTEMS
143410,25KM SMF
143411,OPTICAL NETWORKING
143412,CONTROL PLANE
143413,SPACE OPTICAL COMMUNICATION
143414,POINTING ERRORS
143415,ANALYTICAL EXPRESSION
143416,MCF TRANSMISSION
143417,BANDWIDTH DEFRAGMENTATION
143418,WAVELENGTH-SELECTIVE SWITCH
143419,LANTERNS
143420,OPTICAL COMMUNICATIONS-SYSTEMS
143421,COHERENT SYSTEM
143422,SOCIAL CREATIVITY
143423,INFORMATION-TECHNOLOGY GOVERNANCE
143424,PHYSICAL ATTRACTIVENESS
143425,OPINION CHANGE
143426,INFORMATION-SYSTEMS DEVELOPMENT
143427,COMPUTER SKILLS
143428,COUNTRY
143429,SKILLS ACQUISITION
143430,USER COMPETENCE
143431,CHANNEL EXPANSION THEORY
143432,CONFLICT-MANAGEMENT
143433,BUSINESSES
143434,ONLINE SERVICES
143435,CONVENIENCE
143436,EMPLOYEES
143437,C2C E-COMMERCE
143438,EFFICACY BELIEFS
143439,PURCHASING INTENTION
143440,ATTITUDE CERTAINTY
143441,SOURCING STRATEGY
143442,DECISION-MODEL
143443,KANOS MODEL
143444,DELIGHT
143445,ORGANIZATIONAL SIZE
143446,KEY DETERMINANTS
143447,PSYCHOLOGICAL NEED
143448,CONTRIBUTE
143449,ELECTRONIC MARKETPLACES
143450,DESIRABILITY RESPONSE BIAS
143451,SYSTEM USAGE
143452,SUPPORT SYSTEMS
143453,JOINT-VENTURES
143454,INTERORGANIZATIONAL INFORMATION-SYSTEMS
143455,ECONOMIC-ANALYSIS
143456,TECHNOLOGY ADOPTION
143457,PRODUCT GROWTH
143458,DSS SUCCESS
143459,ORGANIZATIONAL-FACTORS
143460,CONSUMER SWITCHING COSTS
143461,INCOMPLETE CONTRACTS
143462,RENEGOTIATION
143463,KNOWLEDGE CREATION
143464,SOFTWARE-DESIGN
143465,DIFFERENTIALS
143466,INTERNET PRIVACY
143467,MEDIA-RICHNESS THEORY
143468,LOCK-IN
143469,DIFFERENTIAL ASSOCIATION
143470,MORAL JUDGMENTS
143471,GARBAGE
143472,COPYRIGHT ENFORCEMENT
143473,MANUFACTURER-SUPPLIER RELATIONSHIPS
143474,CHANNEL RELATIONSHIPS
143475,MARKETING CHANNELS
143476,POWER-DEPENDENCE
143477,INTERFIRM POWER
143478,SUBSCRIPTION SERVICES
143479,MARKET-SEGMENTATION
143480,WIDE-WEB
143481,OUTSOURCING RELATIONSHIPS
143482,INFORMATION-TECHNOLOGY WORKERS
143483,PERSON-ORGANIZATION
143484,ROLE VARIABLES
143485,NETWORK PERSPECTIVE
143486,SWITCHING COSTS
143487,MANAGEMENT CONSULTING FIRMS
143488,PURCHASE INTENTION
143489,DATA SERVICES
143490,BA
143491,B2B E-COMMERCE
143492,ELECTRONIC KNOWLEDGE REPOSITORIES
143493,BEHAVIORAL INTENTION FORMATION
143494,ORGANIZATIONAL-CLIMATE
143495,MEDIA AFFORDANCES
143496,TECHNOLOGY USE
143497,SITE QUALITY
143498,OPEN GOVERNMENT DATA
143499,LINKED OPEN DATA
143500,PUBLICATION
143501,CENSORSHIP
143502,METADATA SCHEMA
143503,COMMERCE ADOPTION
143504,APPLICATION MARKETPLACES
143505,LEAD USERS
143506,EYE-TRACKING
143507,EXPERT REVIEWS
143508,MULTIATTRIBUTE AUCTIONS
143509,MULTILATERAL NEGOTIATIONS
143510,REVERSE AUCTIONS
143511,CONCESSION
143512,CYBER-SECURITY
143513,SITUATIONAL INFLUENCES
143514,PRIVACY CALCULUS
143515,PARTITIONING PROBLEMS
143516,ENHANCED HYPERCUBES
143517,SPACE GENETIC ALGORITHM
143518,PARALLEL MATRIX
143519,MULTIPLE PROCESSOR SYSTEM
143520,ALLOCATING PROGRAMS
143521,BRANCHES
143522,SMART DUST
143523,DATA ASSOCIATION
143524,MULTITARGET TRACKING
143525,ITERATIVE IMAGE-RECONSTRUCTION
143526,COMMODITY GRAPHICS HARDWARE
143527,FOURIER
143528,SEISMIC-WAVE PROPAGATION
143529,COMPUTING RESOURCES
143530,GRIDECON
143531,EFFECTIVE PSO
143532,PARALLEL APPLICATIONS
143533,CLOUDSIM
143534,MULTIPHYSICS SIMULATION
143535,ELECTRONIC COMMUNITIES
143536,POTENTIAL USERS
143537,QOS PREDICTION
143538,GRID WORKFLOW
143539,EPIDEMIC MODEL
143540,GROUP MUTUAL EXCLUSION
143541,LIGHT CONTROL
143542,VISUAL INSPECTION SYSTEM
143543,MAST-CELLS
143544,INSTRUCTION-SET PROCESSOR
143545,ONE-BIT TRANSFORM
143546,BRIGHTNESS VARIATIONS
143547,H.264
143548,COLLOID POLYMER MIXTURE
143549,SPECKLE SUPPRESSION
143550,STOCHASTIC APPROACH
143551,3-D SHAPE MEASUREMENT
143552,PHASE UNWRAPPING ALGORITHM
143553,PROJECTION PROFILOMETRY
143554,SHIFTING METHOD
143555,STRUCTURING ELEMENTS
143556,REUSE ARCHITECTURE
143557,CAST SHADOWS
143558,INTELLIGENT VEHICLES
143559,TRAFFIC SIGNS
143560,OCCLUSIONS
143561,VECTOR MEDIAN FILTERS
143562,PROCESS MULTICHANNEL IMAGES
143563,DIRECTIONAL FD FILTER
143564,REDUCTION METHOD
143565,FUZZY METRICS
143566,PEER GROUPS
143567,ADAPTIVE SUPPORT-WEIGHT
143568,DENSE STEREO
143569,CORRESPONDENCE SEARCH
143570,COST AGGREGATION
143571,TEXTURE DESCRIPTOR
143572,COLOR HISTOGRAM
143573,IMAGE DATABASES
143574,CRYPTOGRAPHY SCHEME
143575,STATIC NONINTERACTIVE APPROACH
143576,SOFTWARE EVOLUTION
143577,FEATURE IDENTIFICATION
143578,PROBABILISTIC RANKING
143579,MAINTENANCE TASKS
143580,DYNAMIC-ANALYSIS
143581,DECOMPOSITION ANALYSIS
143582,INEQUALITY MEASURES
143583,INCOME INEQUALITY
143584,GINI COEFFICIENT
143585,REQUIREMENTS ABSTRACTION MODEL
143586,INTERESTINGNESS MEASURES
143587,BUG REPORTS
143588,DETECTING BAD SMELLS
143589,PREDICTING FAULTS
143590,ENGINEERING DOMAIN
143591,ZAPROS
143592,DEVELOPMENT RISK
143593,STATIC CONCEPT LOCATION
143594,LIKELIHOOD INFERENCE
143595,LOCAL INDICATORS
143596,DOSE RESPONSES
143597,HORMESIS
143598,TOXICOLOGY
143599,LINEAR-MODELS
143600,ORDINATION
143601,PARTIAL MANTEL TESTS
143602,PERMUTATION TESTS
143603,COMMUNITY ECOLOGY
143604,PREDICTION INTERVALS
143605,PARAMETER SPACE
143606,HOLT-WINTERS
143607,MAGNETIC COMPASS
143608,MULTIVARIATE MIXTURES
143609,SWITCHING REGRESSIONS
143610,PENALIZED LOGISTIC-REGRESSION
143611,VARIANCE COMPONENT ESTIMATION
143612,DETECT PUBLICATION BIAS
143613,CLINICAL-TRIALS
143614,CUMULATIVE METAANALYSIS
143615,PARAMETER EXPANSION
143616,MULTILEVEL MODELS
143617,DATA AUGMENTATION
143618,MULTIPLY-IMPUTED DATA
143619,PERCUTANEOUS CORONARY INTERVENTION
143620,FULLY CONDITIONAL SPECIFICATION
143621,ACTIVE ANTIRETROVIRAL THERAPY
143622,MISSING-DATA
143623,PROGNOSTIC MODEL
143624,BIRTH COHORT
143625,ESTIMATING SITE OCCUPANCY
143626,REPLICATED COUNTS
143627,EXTINCTION
143628,ASSESSING PARTISAN BIAS
143629,TRAINING-PROGRAMS
143630,TEST STATISTICS
143631,TARGET ANALYSIS
143632,R PACKAGE
143633,BIFACTOR ANALYSIS
143634,ARCHIMEDEAN COPULAS
143635,FINANCIAL RETURNS
143636,GROUPING DATA
143637,CHANGE-POINT
143638,STRUCTURAL-CHANGES
143639,COVARIANCE
143640,SEED-DISPERSAL
143641,SALMONELLA
143642,LINEAR-REGRESSION MODELS
143643,AUTOREGRESSIVE DISTURBANCES
143644,HETEROSKEDASTIC INNOVATIONS
143645,COMMAND
143646,GAUSSIAN MODELS
143647,LINEAR MIXED MODELS
143648,ORDERED RESPONSE
143649,ITEM RESPONSE
143650,CONJUGATE
143651,ARTICLE
143652,BROWNE
143653,PROBABILITY ESTIMATION
143654,PSEUDOLIKELIHOOD ESTIMATION
143655,POWER EXPONENTIAL-DISTRIBUTIONS
143656,SEMI-SUPERVISED CLASSIFICATION
143657,CLUSTER-WEIGHTED MODEL
143658,EM-ALGORITHM
143659,FINITE MIXTURES
143660,T-DISTRIBUTION
143661,PENALIZED LIKELIHOOD
143662,CORPORATION
143663,SNOW TYPOLOGY
143664,MILES
143665,IMPERSONAL TRUST
143666,PRIVACY CONCERNS
143667,DISTRUST
143668,SCORECARD
143669,RELATIONAL DEMOGRAPHY
143670,MAGHRIBI TRADERS
143671,ONLINE TRUST
143672,DISTINCTIVE COMPETENCE
143673,MANAGEMENT FASHION
143674,STRUCTURATION
143675,INTERGROUP CONFLICT
143676,STRONG TIES
143677,CELLULAR TELEPHONY
143678,GSM
143679,COMPETENCES
143680,ACQUISITIONS
143681,KNOWLEDGE MANAGEMENT-SYSTEMS
143682,BUSINESS PROCESS REDESIGN
143683,NET-ENABLED BUSINESS
143684,INDIVIDUAL CREATIVITY
143685,TECHNOLOGY CAPABILITY
143686,RECONCEPTUALIZATION
143687,COLLECTIVE INNOVATION MODEL
143688,ORGANIZATION SCIENCE
143689,SINGAPORE
143690,SOURCING DECISIONS
143691,RISK MITIGATION
143692,PROJECT ESCALATION
143693,SHAREHOLDER WEALTH
143694,PROCESS INNOVATION
143695,EXECUTIVES PERCEPTIONS
143696,ALTERNATIVE SCALES
143697,BUREAUCRACY
143698,CONTINUOUS IMPROVEMENT
143699,MEASUREMENT MODEL
143700,MANUFACTURING PERFORMANCE
143701,OPERATIONS MANAGEMENT
143702,INTEGRATION CAPABILITIES
143703,ENTERPRISE AGILITY
143704,INNOVATION PERFORMANCE
143705,BUSINESS TRANSFORMATION
143706,PUNCTUATED EQUILIBRIUM
143707,RADICAL CHANGE
143708,PUBLIC-SECTOR
143709,KEY ISSUES
143710,REVOLUTIONARY CHANGE
143711,TRANSACTION COST ECONOMICS
143712,APPROPRIATION CONCERNS
143713,VERTICAL COORDINATION
143714,CAPACITY INVESTMENT
143715,COOPETITION
143716,CONTESTS
143717,RESOURCE INFORMATION-SYSTEMS
143718,VOLUNTARY TURNOVER
143719,ROLE STRESSORS
143720,ORGANIZATIONAL AMBIDEXTERITY
143721,SOCIAL PRACTICE
143722,INTENDED STRATEGIES
143723,INFORMATION PRIVACY RESEARCH
143724,DILEMMAS
143725,SHAREHOLDER-WEALTH
143726,PRODUCT IDEAS
143727,TOBINS Q
143728,ANNOUNCEMENTS
143729,IN-ROLE
143730,INFORMATION-SYSTEMS STRATEGY
143731,ORGANIZATIONAL CAPABILITY
143732,INTERFIRM RELATIONSHIPS
143733,COLLABORATE
143734,VIOLATIONS
143735,MIXED METHODS RESEARCH
143736,YOUDEN INDEX
143737,AS-PRACTICE
143738,BUSINESS VALUE CREATION
143739,GRATIFICATIONS SOUGHT
143740,COGNITIVE EFFORT
143741,DISTANT SEARCH
143742,OPERATIONAL AGILITY
143743,BIG DATA ANALYTICS
143744,EQUILIBRIUM-MODEL
143745,OPTICALLY INTERCONNECTED ARRAYS
143746,COMMUNITY CLIMATE MODEL
143747,CYCLIC ARRAY REDISTRIBUTION
143748,SPEEDUP
143749,RECONFIGURABLE EMBEDDED SYSTEMS
143750,CUSTOMER IMPATIENCE UNTIL
143751,ITERATIVE COMPILATION
143752,PARALLEL GENETIC ALGORITHM
143753,COMMUNICATION DELAYS
143754,SOUND REPRODUCTION
143755,OPTIMIZATION APPROACH
143756,SWINDEW
143757,METAHEURISTIC ALGORITHMS
143758,FUZZY APPROACH
143759,DEPTH DECISION
143760,CODE INSPECTIONS
143761,SOFTWARE-DEVELOPMENT EFFORT
143762,FUNCTION POINTS
143763,VISUAL CRYPTOGRAPHY
143764,NUMBER CONVERSION
143765,TASK COMPLETION TIMES
143766,COST ESTIMATING ERROR
143767,COMBINING FORECASTS
143768,SELF-ASSESSMENTS
143769,GROUP JUDGMENT
143770,DECISION AIDS
143771,POISSON-PROCESS
143772,ENTERPRISE INTEGRATION
143773,TELECOMMUNICATIONS
143774,SOFTWARE ARCHITECTURES
143775,DEVELOPMENT ORGANIZATIONS
143776,SOFTWARE QUALITY ESTIMATION
143777,CONJUNCTIVE KEYWORD SEARCH
143778,PRESERVING PRIVACY
143779,CONTEXT-AWARE SYSTEMS
143780,INTELLECTUAL STRUCTURE
143781,2 HEADS
143782,ROBUST WATERMARKING
143783,DWT
143784,EVOLUTIONARY APPROACH
143785,RUNTIME VARIABILITY
143786,MANAGE
143787,SCHEMAS
143788,MECHATRONIC SYSTEMS
143789,ENGINEERING APPROACH
143790,SAFETY EVALUATION
143791,FUNCTION BLOCKS
143792,ADAPTIVE APPLICATIONS
143793,MINDS
143794,TALK
143795,HUMAN-RESOURCES
143796,EMPLOYEES SATISFACTION
143797,AGILE DEVELOPMENT
143798,DEPENDABILITY
143799,GENERAL DECOMPOSITION
143800,MULTICOMPUTER NETWORKS
143801,HYPERCUBE
143802,DATA COMMUNICATION
143803,CPU
143804,PATH-BASED MULTICAST
143805,DC-DC CONVERTERS
143806,FIXED-FREQUENCY
143807,PWM
143808,LEVEL EXPLORATION
143809,GENETIC APPROACH
143810,MODULAR DIVISION
143811,PRECOMPUTATION
143812,STAKEHOLDER MANAGEMENT
143813,ON-CHIPS
143814,CHIP INTERCONNECTION NETWORKS
143815,QR TRANSFORMATION
143816,VOLTAGE SELECTION
143817,CONVOLVERS
143818,PARALLEL HARDWARE ARCHITECTURE
143819,NETWORK-ON-CHIP
143820,JAVA PROCESSOR
143821,TOPOLOGY GENERATION
143822,CRITICAL PATHS
143823,MOBILE ENERGY REPLENISHMENT
143824,CHARGERS
143825,HISTORICAL-PERSPECTIVE
143826,DEFERRED PREEMPTION
143827,SCHEDULING THEORY
143828,CYBERINFRASTRUCTURE
143829,DEPENDENCY ANALYSIS
143830,STRICTNESS ANALYSIS
143831,FLOW-ANALYSIS
143832,CLOSURES
143833,PLANT
143834,PARTITIONED MATRICES
143835,MEMBERSHIP
143836,BRAESS PARADOX
143837,TRAFFIC EQUILIBRIUM
143838,LINEAR-PROGRAMMING PROBLEMS
143839,AVERAGE NUMBER
143840,COMPLEXITY THEORY
143841,FM-INDEX
143842,FUNCTION SYMBOLS
143843,FINITE METRIC-SPACES
143844,SPANNERS
143845,MINERS
143846,VARIABLE VOLTAGE PROCESSORS
143847,INTERACTIVE PROOF SYSTEMS
143848,VOTING SCHEMES
143849,LOTTERIES
143850,EXPLICIT CONSTRUCTIONS
143851,BOUNDED COMPUTATION
143852,RAMANUJAN GRAPHS
143853,EXPANDERS
143854,SUPERCONCENTRATORS
143855,COMPLEMENTATION
143856,EIGENVALUE
143857,TOURNAMENTS
143858,TRAITOR
143859,APPROXIMATION RATIO
143860,CUT
143861,INPUT-DRIVEN LANGUAGES
143862,PUSHDOWN GAMES
143863,DIRICHLET PROCESS MODELS
143864,MINIMAL BELIEF
143865,PACKING INTEGER PROGRAMS
143866,SIZE GROUP SIGNATURES
143867,NIZK
143868,FACILITY LOCATION-PROBLEMS
143869,VIRTUAL PRIVATE NETWORK
143870,BUY-AT-BULK
143871,BOUNDED WIDTH
143872,FINITE-ALGEBRAS
143873,LEMMA
143874,TESTING SUBGRAPHS
143875,FASTER SCALING ALGORITHMS
143876,INTEGRALITY GAPS
143877,SHERALI-ADAMS
143878,EMPIRICAL PROCESSES
143879,CORRELATED EQUILIBRIUM
143880,ONE PROCESSOR
143881,DISTRIBUTED ALGORITHMS
143882,ORDER MOBILE PROCESSES
143883,POLAR VARIETIES
143884,POLYNOMIAL OPTIMIZATION
143885,PROBABILISTIC ALGORITHM
143886,DIMENSIONAL SYSTEMS
143887,COMPUTING ROADMAPS
143888,HYPERSURFACE
143889,COLORING NUMBER
143890,MONTE-CARLO ALGORITHMS
143891,PROPORTIONAL FAIRNESS
143892,ARRANGEMENTS
143893,3SUM-HARD
143894,3SUM
143895,BRAINSTORMING GROUPS
143896,DIALECTICAL INQUIRY
143897,REWARD INCREASE
143898,DEVILS ADVOCACY
143899,GENERATION TECHNIQUES
143900,EXPECTED EVALUATION
143901,EXTERNAL VALIDITY
143902,NONRESPONSE BIAS
143903,JOB-SATISFACTION RELATIONSHIP
143904,GOAL-DIRECTED BEHAVIORS
143905,DRUG INFORMATION-SOURCES
143906,ANTICIPATED EMOTIONS
143907,REGULATORY FOCUS
143908,SUBJECTIVE NORMS
143909,PERFORMANCE IMPACTS
143910,PERCEIVED SERVICE QUALITY
143911,CONTENT VALIDITY
143912,PRACTICAL ISSUES
143913,CAUSAL-MODELS
143914,INFORMATION-PRIVACY
143915,INTERNET USERS
143916,ONTOLOGICAL EVALUATION
143917,CLARITY
143918,MEASUREMENT INVARIANCE
143919,CONSUMER RESEARCH
143920,USER CONTROL
143921,ADVERTISING EFFECTIVENESS
143922,COMMUNICATION PROCESSES
143923,BRAND ATTITUDE
143924,PROTECTION-MOTIVATION THEORY
143925,SELF-SERVICE TECHNOLOGIES
143926,ENVIRONMENTAL UNCERTAINTY
143927,EXPECTATION-CONFIRMATION
143928,ELECTRONIC GOVERNMENT
143929,TECHNOLOGY PROJECT PERFORMANCE
143930,GROUP GOALS
143931,ONLINE PRIVACY
143932,CUSTOMER SERVICE
143933,STATE-TRAIT THEORY
143934,CONCEPTUAL FOUNDATIONS
143935,THEORETICAL CONTRIBUTION
143936,THEORY CONSTRUCTION
143937,CONSTITUTES
143938,CURRICULUM RECOMMENDATIONS
143939,ADAPTIVE STRUCTURATION
143940,COGNITIVE-STYLE
143941,DIGITAL INNOVATION
143942,PLAY ONLINE GAMES
143943,PERCEIVED CONTROL
143944,ENJOYMENT
143945,CREATIVE THOUGHT
143946,VALUE CAPTURE
143947,EXPLOITATION
143948,IOWA GAMBLING TASK
143949,PUNISHMENT SENSITIVITY
143950,FUTURE CONSEQUENCES
143951,SOCIAL COGNITION
143952,FRONTAL-CORTEX
143953,COGNITIVE-DISSONANCE
143954,SAMPLE SELECTION
143955,USER REVIEWS
143956,INTERNET INFIDELITY
143957,PREDICTING DIFFERENT CONCEPTUALIZATIONS
143958,ORGANIZATIONAL-BEHAVIOR
143959,FACILITATING CONDITIONS
143960,SYSTEM IMPLEMENTATION
143961,METHODOLOGICAL IMPLICATIONS
143962,QUANTITATIVE METHODS
143963,SOCIAL MEDIA ANALYTICS
143964,COGNITIVE FIT
143965,AMYGDALA ACTIVATION
143966,NUCLEUS-ACCUMBENS
143967,SPIDER PHOBIA
143968,VOLUNTEERED GEOGRAPHIC INFORMATION
143969,COGNITIVE PENETRATION
143970,GALAXY ZOO
143971,ONLINE SUPPORT GROUPS
143972,PEER SUPPORT
143973,CRAFTING THEORY
143974,SATISFY
143975,SOCIAL IDENTITY
143976,CONSTRUCTIVIST
143977,2-WAY AUTOMATA
143978,MEASURING NONDETERMINISM
143979,LAS-VEGAS
143980,SYMPORT/ANTIPORT
143981,SINGLE-TRIAL EEG
143982,BOOSTING BIT RATES
143983,DOCUMENT IMAGES
143984,MEAN COMPLETION-TIME
143985,FLOWSHOPS
143986,SYSTEMS DEVELOPMENT METHODS
143987,METHOD CONFIGURATION
143988,NEW-GENERATION
143989,OPEN ONLINE COURSES
143990,OBSTACLE DETECTION
143991,MEAN-CURVATURE
143992,OPTICAL-FLOW FIELDS
143993,SMOOTHNESS CONSTRAINTS
143994,PHASE INFORMATION
143995,BIOLOGICAL SHAPES
143996,PIECEWISE LINEAR-APPROXIMATION
143997,DIGITIZED-CURVES
143998,DOMINANT POINTS
143999,PLANAR CURVES
144000,GEOMETRIC COMPRESSION
144001,PROGRESSIVE MESHES
144002,IMAGE QUANTIZATION
144003,ACTIVE VISION
144004,SCENE DETECTION
144005,RECORDER
144006,HUMAN FACE IMAGES
144007,OVERCOMPLETE DICTIONARIES
144008,WATERMARKING ALGORITHM
144009,SIDE-MATCH
144010,FORM SOLUTION
144011,QUATERNIONS
144012,NOTICEABLE-DISTORTION PROFILE
144013,HUMAN-VISION
144014,FIDELITY-CRITERION
144015,BLOCKING ARTIFACTS
144016,ROTATION-INVARIANT
144017,CORRELOGRAMS
144018,STRING CORRECTION PROBLEM
144019,BINET-CAUCHY KERNELS
144020,SCAN REGISTRATION
144021,MOBILITY AID
144022,PREDICTION-ERROR EXPANSION
144023,EDGE SENSING PREDICTION
144024,HIGH-LEVEL SEMANTICS
144025,PEDESTRIAN DETECTION
144026,DISPARITY ESTIMATION
144027,ACCURATE STEREO
144028,SUPPORT-WEIGHT
144029,DETECTION MODEL
144030,LOOKING
144031,APERTURE RADAR IMAGES
144032,VELOCITY PROFILE MEASUREMENT
144033,2-DIMENSIONAL BED FORMS
144034,TURBULENCE STRUCTURE
144035,SEDIMENT TRANSPORT
144036,FRASER-RIVER
144037,MEAN FLOW
144038,SUBAQUEOUS DUNES
144039,CONICAL DIFFUSER
144040,ESTUARY
144041,PARTICLE-TRACKING VELOCIMETRY
144042,WAKE
144043,BOUNDARY-LAYER STRUCTURE
144044,PARTICLE-IMAGE VELOCIMETRY
144045,MOLECULAR TAGGING VELOCIMETRY
144046,INDUCED FLUORESCENCE
144047,TERNARY COMPLEX
144048,MTV
144049,BOUNDARY-LAYER INTERACTION
144050,JET FLAME
144051,LASER-INDUCED FLUORESCENCE
144052,SPRAYS
144053,PATTERNATOR
144054,TURBULENT-BOUNDARY-LAYER
144055,IMPINGING JET
144056,LOW REYNOLDS-NUMBERS
144057,MIXING LAYERS
144058,MIXER-NOZZLE
144059,ROUND JET
144060,PIV
144061,CENTRIFUGAL PUMP
144062,ROTATING STALL
144063,VELOCIMETRY
144064,PARTICLE IMAGE VELOCIMETRY
144065,NASAL CAVITY
144066,RESOLUTION COMPUTED-TOMOGRAPHY
144067,EXPANDING PULMONARY ACINUS
144068,AEROSOL TRANSPORT
144069,LUNG
144070,MORPHOMETRY
144071,DEXAMETHASONE
144072,CURTAIN
144073,TAYLOR
144074,INTEGRATED HYPERSONIC VEHICLE
144075,COMBUSTOR
144076,IGNITION
144077,FUEL-INJECTION
144078,SCRAMJET ENGINE
144079,SUPERSONIC-FLOW
144080,TURBULENT STRUCTURES
144081,NOZZLES
144082,ACTUATION
144083,SINGLE-PIXEL RESOLUTION
144084,GENERALIZED LORENZ-MIE
144085,MICRO-PIV MEASUREMENTS
144086,WALL-SHEAR-STRESS
144087,3-DIMENSIONAL CHARACTERIZATION
144088,TRACKING VELOCIMETRY
144089,CCD IMAGES
144090,MICROCHANNEL
144091,K-EPSILON MODELS
144092,VENTILATION EFFICIENCY
144093,VOID FRACTION
144094,WIND TURBINE PERFORMANCE
144095,ICE
144096,LAMINAR JETS
144097,ATOMIZATION
144098,REGIMES
144099,PRESSURE-SENSITIVE PAINT
144100,DISSOLVED-OXYGEN CONCENTRATION
144101,TEMPERATURE-MEASUREMENTS
144102,THERMOGRAPHIC PHOSPHORS
144103,FLOW CHARACTERISTICS
144104,SURFACE THERMOMETRY
144105,TRACER PARTICLES
144106,MOBILITY PATTERNS
144107,FORMATION CRITERION
144108,MICRO-CHANNELS
144109,AIR-JETS
144110,VALVE
144111,LAGRANGIAN COHERENT STRUCTURES
144112,HELMHOLTZ-HODGE DECOMPOSITION
144113,FLOW VISUALIZATION
144114,MORSE DECOMPOSITIONS
144115,CRITICAL-POINTS
144116,TANGENT CURVES
144117,VISUAL EXPLORATION
144118,OBSTRUCTIVE PULMONARY-DISEASE
144119,FREEZE-THAW INJURY
144120,BIOELECTRICAL-IMPEDANCE
144121,BODY-COMPOSITION
144122,PLANT-TISSUES
144123,RECONSTRUCTION ALGORITHMS
144124,CLINICAL-PRACTICE
144125,BIOIMPEDANCE
144126,CARDIOGRAPHY
144127,AXIS WIND TURBINE
144128,FOIL
144129,STREAMWISE VORTICES
144130,DUSTY FLUID
144131,NANOPARTICLE
144132,HOMOTOPY
144133,DRAG
144134,ALGORITHM ANIMATION
144135,COMPUTER ALGORITHMS
144136,ANIMATIONS
144137,SPATIAL DISCOURSE
144138,SPIDER DIAGRAMS
144139,NOTATIONS
144140,PROGRAMMING ENVIRONMENTS
144141,VENN-DIAGRAMS
144142,CONSTRAINT DIAGRAMS
144143,REGION CONNECTION CALCULUS
144144,CONSTRAINT PROBLEMS
144145,RELATION ALGEBRAS
144146,MANIFOLDS
144147,PERSPECTIVE-TAKING
144148,GRANULARITY
144149,LAYOUT ALGORITHMS
144150,TEMPLATE UPDATE
144151,VISUAL LANGUAGES
144152,MASHUPS
144153,CONSERVATION CULTURE
144154,REPRAP
144155,CHECKING CONSISTENCY
144156,DRAWING AESTHETICS
144157,VEGA
144158,MEMORABILITY
144159,GOAL
144160,RIAS
144161,GLOSSARIES
144162,INFORMATION EXPLORATION
144163,DYNAMIC TAXONOMIES
144164,REVERSE TURING TEST
144165,APART
144166,SPONSORED SEARCH
144167,2-PHASE COMMIT PROTOCOL
144168,ARCHITECTURAL STYLE
144169,STRUCTURED DATA
144170,VAMPIRE
144171,CONCRETE DOMAINS
144172,FUZZY DESCRIPTION LOGICS
144173,ANSWER SET SEMANTICS
144174,PROBABILISTIC ONTOLOGIES
144175,CONDITIONAL CONSTRAINTS
144176,KNOWLEDGE-BASES
144177,HORN RULES
144178,DESCRIPTION LOGIC PROGRAMS
144179,TRIPLES
144180,CULTURAL-HERITAGE COLLECTIONS
144181,CONTINUOUS QUERY LANGUAGE
144182,RDF DATA
144183,LIFE SCIENCES
144184,HANDLING INCONSISTENCY
144185,LINKED DATA
144186,ENTITIES
144187,QUERY FORMULATION
144188,SNOMED-CT
144189,DENTAL BIOMETRICS
144190,RAPID OBJECT DETECTION
144191,LAUGHTER DETECTION
144192,VISUAL FOCUS
144193,HEAD POSE
144194,VIRTUAL CHARACTERS
144195,NONVERBAL INVOLVEMENT
144196,COARTICULATION
144197,HIGH AGREEMENT
144198,RELATIONAL AGENTS
144199,POSTTRAUMATIC-STRESS-DISORDER
144200,INTERVIEWS
144201,CHECKLIST
144202,PHQ-9
144203,PCL
144204,PROSPECTIVE CLINICAL-TRIAL
144205,II RETINAL PROSTHESIS
144206,ARTIFICIAL VISION
144207,TRAVEL AID
144208,BIPOLAR PATIENTS
144209,INTERACTIVE SYSTEMS
144210,VISUALLY-IMPAIRED PEOPLE
144211,VERBAL DESCRIPTIONS
144212,HEALTH-CARE INFORMATION
144213,ISOLATED WORD RECOGNITION
144214,PROGRAMMING ALGORITHM
144215,SAMPLE COVARIANCE-MATRIX
144216,LARGEST EIGENVALUE
144217,SUPPORT VECTOR
144218,EMISSION-TOMOGRAPHY
144219,PERFUSION
144220,ATROPHY
144221,BAYES
144222,SLIDING WINDOW
144223,DRIFTING CONCEPTS
144224,A-PRIORI-SD
144225,DESCRIPTIVE ANALYSIS
144226,BRAIN ISCHEMIA
144227,INPUT FEATURE-SELECTION
144228,PROTOTYPE REDUCTION
144229,DUAL CONTROL
144230,COMMITTEE
144231,KEEL
144232,SLIDING WINDOWS
144233,EVENT DETECTION
144234,TOPIC TRACKING
144235,AUDIO SEGMENTATION
144236,CANDIDATE GENERATION
144237,COMPLEX TERRAIN
144238,OUTSOURCING PROVIDER SELECTION
144239,WEIGHT INFORMATION
144240,RELATIONSHIP MANAGEMENT-SYSTEM
144241,MYTHS-AND-MECHANISMS
144242,"BODEN,MARGARET"
144243,PRIORITY DERIVATION
144244,BANK FAILURE
144245,GROUP MEMBERS
144246,WELFARE
144247,COLLABORATIVE FILTERING ALGORITHM
144248,COLD-START PROBLEM
144249,TAG RECOMMENDATIONS
144250,DEMOGRAPHIC-DATA
144251,GRNN
144252,PRODUCT FEATURE-EXTRACTION
144253,ONLINE REVIEWS
144254,POLARITY CLASSIFICATION
144255,LINGUISTIC FEATURES
144256,SUBJECTIVE DATA
144257,TEXT CLASSIFICATION
144258,STRUCTURE DISCOVERY
144259,INDUCTIVE TRANSFER
144260,COST-SENSITIVE CLASSIFICATION
144261,SUPPLY CHAIN FORMATION
144262,INTUITIONISTIC FUZZY NUMBERS
144263,FEEDBACK MECHANISM
144264,POWER AGGREGATION OPERATOR
144265,QUANTUM COGNITION
144266,GREY WOLF OPTIMIZER
144267,BEE COLONY
144268,USER MODELS
144269,INFORMATION-SCIENCE
144270,UTILITIES
144271,PHYSICAL SYSTEMS
144272,QUALITATIVE PROBABILISTIC NETWORKS
144273,AGENT COMMUNICATION LANGUAGES
144274,CATALOG
144275,COORDINATION FRAMEWORK
144276,KDD
144277,CARDIAC SPECT DIAGNOSIS
144278,EXPLORATORY SEARCH
144279,THINK-ALOUD PROTOCOLS
144280,SEARCH KNOWLEDGE
144281,DOWN RULES
144282,CAUSAL MARKOV CONDITION
144283,DISCRETE PROBABILITY-DISTRIBUTIONS
144284,CONDITIONAL-INDEPENDENCE TESTS
144285,DESCRIPTION LENGTH PRINCIPLE
144286,EQUIVALENCE CLASSES
144287,TUPLE SPACES
144288,ARTIFICIAL STOCK-MARKET
144289,FOREIGN-EXCHANGE MARKET
144290,ASSET PRICE DYNAMICS
144291,FINANCIAL-MARKETS
144292,STYLIZED FACTS
144293,INTERACTING AGENTS
144294,INTERTEMPORAL SUBSTITUTION
144295,HETEROGENEOUS AGENTS
144296,EVOLUTIONARY GAME
144297,HERD BEHAVIOR
144298,ASSET PRICING MODEL
144299,ROUTE
144300,SUBSTRUCTURES
144301,SUBTREES
144302,SPOKEN DIALOG SYSTEMS
144303,ROUTE CHOICE
144304,DRIVER
144305,ONE-CLASS CLASSIFIERS
144306,NEIGHBOR DATA DESCRIPTION
144307,ONE-CLASS SVM
144308,LABOR-MARKET DISCRIMINATION
144309,MAJOR-LEAGUE BASEBALL
144310,GENDER WAGE GAP
144311,CUSTOMER RACIAL-DISCRIMINATION
144312,BLINDER-OAXACA DECOMPOSITION
144313,MORTGAGE LENDING DECISIONS
144314,MOTOR-VEHICLE SEARCHES
144315,SMALL-BUSINESS CREDIT
144316,STATISTICAL DISCRIMINATION
144317,EMPLOYMENT DISCRIMINATION
144318,BELIEF CHANGE
144319,CARDINAL DIRECTION RELATIONS
144320,TRIPARTITE LINE TRACKS
144321,9-INTERSECTION MODEL
144322,PROJECTIVE RELATIONS
144323,COGNITIVE ARCHITECTURES
144324,REASONING ENGINE
144325,REPUTATION MECHANISMS
144326,ENFORCING NORMS
144327,SOCIAL-CONTROL
144328,ENFORCEMENT
144329,NASH EQUILIBRIUM
144330,BEHAVIORAL ECONOMICS
144331,SPHERE DECODER
144332,MINUTIAE
144333,LSB
144334,3DTV
144335,RFID PRIVACY PROTECTION
144336,MULTISERVER
144337,TIME VIDEO COMMUNICATIONS
144338,SPATIAL INTERPOLATION METHODS
144339,LARGE SETS
144340,MODULATION CLASSIFICATION
144341,ENERGY HARVESTING RELAY
144342,OUTAGE ANALYSIS
144343,PSYCHOLOGICAL PREDICTORS
144344,MEDICAL LANGUAGE
144345,HEAD MOTION
144346,MODALITY
144347,PARAPHRASE
144348,LEXICAL DATABASE
144349,MANULEX
144350,HUMOR
144351,CODING SCHEME
144352,AMAZON
144353,N-GRAM MODELS
144354,SPOKEN LANGUAGE RECOGNITION
144355,CHINESE DIALECT IDENTIFICATION
144356,FINNISH
144357,CONTROLLED NATURAL-LANGUAGE
144358,BUCHI AUTOMATA
144359,CATEGORY-THEORETIC SOLUTION
144360,COMMUNICATING PROCESSES
144361,STRONG NORMALIZATION
144362,COALGEBRAIC MODAL LOGIC
144363,SYMBOLIC REPRESENTATIONS
144364,PARAMETERIZED SYSTEMS
144365,GLOBAL CONDITIONS
144366,FINITE BISIMULATIONS
144367,ORDERED STRUCTURES
144368,DEFINABLE SETS
144369,CONTINUATIONS
144370,APPLIED PI-CALCULUS
144371,PROBABILISTIC SYSTEMS
144372,MECHANIZED METATHEORY
144373,FIXED-POINT
144374,MEDVEDEV LATTICE
144375,ENRICHED MU-CALCULI
144376,ARROWS
144377,PERVASIVE SERVICE ECOSYSTEMS
144378,PASSING PROCESS CALCULI
144379,CONTRACT-BASED DISCOVERY
144380,FINITE-SEMIGROUPS
144381,PSEUDOVARIETY
144382,IN-MUSIC-EDUCATION
144383,INTERNATIONALIZATION
144384,TERM CEPSTRAL PARAMETERS
144385,VOICES
144386,COPROCESSOR
144387,DIGITAL HAND ATLAS
144388,CARPAL BONES
144389,MALFORMATION
144390,RADIOGRAPHS
144391,BAG
144392,USER IDENTIFICATION
144393,WAVELET ENERGY
144394,PARTICIPANTS
144395,MUSIC RECOMMENDATION
144396,DOT-CELLULAR-AUTOMATA
144397,REVERSIBLE BINARY
144398,POWER DISSIPATION
144399,MATRIX SIGN FUNCTION
144400,ALGEBRAIC RICCATI EQUATION
144401,DIFFERENTIAL ALGEBRAIC EQUATIONS
144402,FREQUENCY-DOMAIN APPROACH
144403,ROBUST FAILURE-DETECTION
144404,RESIDUAL GENERATION
144405,DISCRETE-EVENT REPRESENTATIONS
144406,OUTPUT DIFFERENCE-EQUATIONS
144407,TRANSFER EQUIVALENCE
144408,ENERGY USE
144409,VIRTUAL WORK
144410,VARIABLE-STRUCTURE CONTROL
144411,HAMILTONIAN-SYSTEMS
144412,NETWORK THERMODYNAMICS
144413,REACTION DYNAMICS
144414,BIOTECHNOLOGICAL PROCESSES
144415,NONLINEAR OPTIMIZATION
144416,ACID PRODUCTION
144417,FLUX CONTROL
144418,GREENS-FUNCTION METHOD
144419,CHEMICAL-KINETICS
144420,DESCRIPTOR SYSTEMS
144421,INFINITY
144422,CIRCADIAN CLOCK
144423,NEUTROPHILS
144424,NUMERICAL CONTINUATION
144425,HOMOCLINIC ORBITS
144426,PERIODIC-ORBITS
144427,ODES
144428,WAVE-FORM EVALUATION
144429,LANCZOS
144430,PADE
144431,EDDY-CURRENT LOSSES
144432,FERROMAGNETIC HYSTERESIS
144433,IMPERFECT PRODUCTION PROCESSES
144434,RANDOM DEFECTIVE RATE
144435,LOT-SIZING MODEL
144436,MACHINE BREAKDOWNS
144437,EMQ MODEL
144438,LEGENDRE POLYNOMIALS
144439,NONLINEAR NETWORKS
144440,OUTPUT BOUND METHODS
144441,KARHUNEN-LOEVE DECOMPOSITION
144442,MODEL-REDUCTION
144443,DISPLACEMENTS
144444,NONAFFINE
144445,FAT
144446,INTERRELATIONSHIPS
144447,REDUCED-BASIS APPROXIMATION
144448,EMBODIED EVOLUTION
144449,BOARD
144450,T-CELLS
144451,TUBERCULOSIS
144452,REPERTOIRE
144453,INFECTION
144454,EAE
144455,POWER-PLANTS
144456,LOW-RANK
144457,RICCATI-EQUATIONS
144458,PULSE-WAVE VELOCITY
144459,AORTA
144460,SHEET-METAL
144461,ACTUATOR
144462,DISTRIBUTED PARAMETER MODELS
144463,COMPRESSIBLE FLUID
144464,TRANSIENTS
144465,PIPELINE
144466,STABLE NODE-FOCI
144467,BIFURCATION-ANALYSIS
144468,LYAPUNOV SPECTRUM
144469,CHENS SYSTEM
144470,ATTRACTOR
144471,DISTRIBUTED-PARAMETER MODEL
144472,MULTIPLE-EFFECT EVAPORATOR
144473,CASCADE MODELS
144474,WIENER
144475,CONSERVING PHYSICAL SYSTEMS
144476,HAMILTONIAN-FORMULATION
144477,FUSION-REACTORS
144478,CURRENT PROFILE
144479,BURN CONTROL
144480,ENERGY REGENERATION SYSTEM
144481,HYDROPNEUMATIC ACCUMULATORS
144482,TRUCK
144483,PASSIVITY-BASED CONTROL
144484,STIRRED-TANK REACTORS
144485,POWER-SHAPING CONTROL
144486,RLC CIRCUITS
144487,CSTR
144488,MOVING AVERAGE NOISES
144489,STOCHASTIC GRADIENT
144490,AUXILIARY MODEL
144491,EXCHANGE FACTORS
144492,TANGENTIAL INTERPOLATION
144493,HUMAN SKELETAL-MUSCLE
144494,REAPPRAISAL
144495,OLDER
144496,ORDER REDUCTION
144497,STAGED-PROGRESSION
144498,INFECTIOUS-DISEASES
144499,NONLINEAR INCIDENCE
144500,ENDEMIC EQUILIBRIUM
144501,SEIR MODEL
144502,HIV MODEL
144503,EVOLUTIONARILY STABLE STRATEGIES
144504,CORRELATION ADAPTOMETRY
144505,COMPETITIVE-EXCLUSION
144506,LIMITING SIMILARITY
144507,GAME DYNAMICS
144508,ANTIBODY-DEPENDENT ENHANCEMENT
144509,HEMORRHAGIC-FEVER
144510,VIRUSES
144511,CELLULAR CONTROL PROCESSES
144512,LAC OPERON
144513,REPRESSION
144514,DEEP-CHLOROPHYLL MAXIMUM
144515,NORTHWESTERN UNITED-STATES
144516,LIGHT-LIMITED ENVIRONMENTS
144517,PHYTOPLANKTON BLOOMS
144518,WATER COLUMN
144519,SPATIAL HETEROGENEITY
144520,SINKING PHYTOPLANKTON
144521,VERTICAL-DISTRIBUTION
144522,DRIFT PARADOX
144523,GLOBAL PERIODIC-SOLUTIONS
144524,ABSOLUTE STABILITY
144525,POPULATION-MODELS
144526,STAGE-STRUCTURE
144527,GROUP DEFENSE
144528,SOLID TUMOR-GROWTH
144529,CELL-BASED MODEL
144530,NONLINEAR SIMULATION
144531,INDUCED ANGIOGENESIS
144532,VASCULAR NETWORKS
144533,RESIDUAL-STRESSES
144534,MIXTURE THEORY
144535,EARLY BREAST-CANCER
144536,SOLID TUMORS
144537,QUIESCENT CELLS
144538,RADIOTHERAPY
144539,CHEMOTHERAPY
144540,REACTION-DIFFUSION-MODELS
144541,ADULT PIGMENT PATTERN
144542,GENETIC REGULATORY HIERARCHY
144543,EYESPOT FOCUS DETERMINATION
144544,MORPHOLOGICAL COLOR CHANGES
144545,BICOID MORPHOGEN GRADIENT
144546,BACTERIAL RANDOM MOTILITY
144547,EARLY DROSOPHILA EMBRYO
144548,PRIMARY HAIR-FOLLICLES
144549,QUASI-GEOSTROPHIC EQUATION
144550,GLOBAL WELL-POSEDNESS
144551,SUPERCRITICAL DISSIPATION
144552,MAXIMUM PRINCIPLE
144553,NONLOCAL VELOCITY
144554,DIRICHLET SPACES
144555,RECURRENCE
144556,FORMS
144557,SIMULTANEOUS QUANTIFICATION
144558,CRAWLING CELLS
144559,PROTRUSION
144560,DICTYOSTELIUM
144561,EXTRACELLULAR-MATRIX
144562,SPHEROIDS
144563,MONOLAYERS
144564,FINITE VOLUME METHOD
144565,SPECTRAL DIFFERENCE METHOD
144566,POLYNOMIAL INTERPOLATION
144567,BASIC FORMULATION
144568,CAHN-HILLIARD EQUATIONS
144569,SPINODAL DECOMPOSITION
144570,IRREVERSIBLE-PROCESSES
144571,RECIPROCAL RELATIONS
144572,GENERAL FORMALISM
144573,GINZBURG-LANDAU
144574,SPACE-TIME EXPANSION
144575,EULER EQUATIONS
144576,ELASTIC BENDING ENERGY
144577,WILLMORE FLOW
144578,VESICLE MEMBRANES
144579,CHRONIC MYELOID-LEUKEMIA
144580,CHRONIC MYELOGENOUS LEUKEMIA
144581,MYELODYSPLASTIC SYNDROMES
144582,HEALTHY-INDIVIDUALS
144583,SELF-RENEWAL
144584,HEMATOPOIESIS
144585,CANCER STEM-CELLS
144586,ACUTE MYELOGENOUS LEUKEMIA
144587,MODELING HEMATOPOIESIS
144588,ASYMPTOTIC-BEHAVIOR
144589,LYAPUNOV FUNCTION
144590,KLEIN-GORDON EQUATIONS
144591,SCHRODINGER-EQUATIONS
144592,GROUND-STATES
144593,LOCALIZED SOLUTIONS
144594,FIELD-THEORIES
144595,HER-2/NEU TRANSGENIC MICE
144596,T-LYMPHOCYTE RESPONSES
144597,RENAL-CELL CARCINOMA
144598,A VIRUS-INFECTION
144599,IMMUNE-RESPONSE
144600,CANCER-IMMUNOTHERAPY
144601,AFFINITY MATURATION
144602,MAMMARY-CARCINOMA
144603,OPTIMALLY SPARSE
144604,TIME RANDOM-WALKS
144605,FRACTIONAL DYNAMICS
144606,ANOMALOUS DIFFUSION
144607,SINGLE-MOLECULE TRACKING
144608,CABLE EQUATION MODELS
144609,FRACTIONAL DIFFUSION
144610,DOMAIN SOLUTIONS
144611,ELECTRODIFFUSION
144612,MEMBRANE
144613,SPINES
144614,FISHER-KPP EQUATION
144615,2 UNSTABLE STATES
144616,TRAVELING-WAVES
144617,SPATIAL STRUCTURES
144618,SIR DYNAMICS
144619,THRESHOLDS
144620,ERYTHROCYTES
144621,CAPILLARIES
144622,MARGINATION
144623,SPINAL-CORD
144624,TUMOR-INDUCED ANGIOGENESIS
144625,REINFORCED RANDOM-WALK
144626,BLOOD-VESSEL FORMATION
144627,ENDOTHELIAL-CELL
144628,RHO-GTPASES
144629,COLLAGEN MATRICES
144630,ADHESION DYNAMICS
144631,CHEMICAL-REACTION NETWORKS
144632,MULTIPLE STEADY-STATES
144633,SPECIES-REACTION GRAPH
144634,JACOBIAN CRITERION
144635,DEFICIENCY-ONE
144636,PRECLUSION
144637,NONLOCAL DIFFUSION-PROBLEMS
144638,MONOSTABLE EQUATIONS
144639,POPULATION-DYNAMICS
144640,MONOTONE SEMIFLOWS
144641,THERMISTOR PROBLEM
144642,THERMAL RUNAWAY
144643,BLOW-UP
144644,ZIRCONIA
144645,DISSIPATIVE PARTICLE DYNAMICS
144646,NON-NEWTONIAN VISCOSITY
144647,VISCOELASTIC PROPERTIES
144648,VASCULAR NETWORK
144649,PREDATOR-PREY MODEL
144650,ECO-EPIDEMIOLOGIC MODEL
144651,PHYTOPLANKTON-ZOOPLANKTON SYSTEM
144652,TOXIN-PRODUCING PLANKTON
144653,INFECTED PREY
144654,FUNCTIONAL-RESPONSE
144655,SPATIOTEMPORAL PATTERNS
144656,SYMBIOTIC COMMUNITIES
144657,DISEASE TRANSMISSION
144658,NONERGODICITY
144659,CYTOPLASM
144660,PSEUDODIFFERENTIAL-OPERATORS
144661,MATCONT
144662,CHEBYSHEV POLYNOMIALS
144663,CASSON FLUID
144664,SURFACE-DIFFUSION
144665,CATALYTIC COMBUSTION
144666,HEAT-TRANSFER ANALYSIS
144667,VISCOUS DISSIPATION
144668,SQUEEZED FLOW
144669,CONTINUATION METHOD
144670,ITERATIVE METHODS
144671,MESH-INDEPENDENCE PRINCIPLE
144672,GOAL TARGETS
144673,POSITIVE DEFINITENESS
144674,EVEN ORDER
144675,POSITIVSTELLENSATZ
144676,DISCRIMINANT
144677,CONVEX QUADRATIC PROGRAMS
144678,2ND-ORDER CONE
144679,JORDAN ALGEBRAS
144680,POLYNOMIAL CONVERGENCE
144681,ANALYTIC CENTERS
144682,DISPATCHING PROBLEM
144683,QUADRATIC CONVERGENCE
144684,LOCAL CONVERGENCE
144685,PENALTY-FUNCTION
144686,CONVEX-BODIES
144687,APPROXIMATE FEASIBILITY
144688,LMIS
144689,INTERIOR
144690,Q-SUPERLINEAR CONVERGENCE
144691,SEMI-ALGEBRAIC SETS
144692,POSITIVE POLYNOMIALS
144693,DISTANCE MATRIX COMPLETION
144694,RIGID-BODY DYNAMICS
144695,RIGHT-HAND SIDE
144696,LINEAR COMPLEMENTARITY SYSTEMS
144697,COMPLIANT CONTACT PROBLEMS
144698,TIME-STEPPING METHOD
144699,GENERALIZED EQUATIONS
144700,SWEEPING PROCESS
144701,MULTIBODY DYNAMICS
144702,UNCERTAIN LINEAR-PROGRAMS
144703,SQUARED ERROR ESTIMATION
144704,TRACTABLE APPROXIMATIONS
144705,SEMIDEFINITE PROGRAMS
144706,CONSTRAINED PROGRAMS
144707,CONVEX-SETS
144708,NONDIFFERENTIABLE OPTIMIZATION PROBLEMS
144709,CONTINUOUSLY DIFFERENTIABLE FUNCTION
144710,CONVEX MINIMIZATION
144711,LINEAR CONVERGENCE
144712,MIRROR DESCENT
144713,SEMIDEFINITE RELAXATIONS
144714,SUBANALYTIC FUNCTIONS
144715,DISCRETE-TIME
144716,EQUILIBRIUM CONSTRAINTS
144717,MULTIFUNCTIONS
144718,INTERIORS
144719,DISCRETE-DISTRIBUTIONS
144720,SENSOR NETWORK LOCALIZATION
144721,SUBGRADIENT METHODS
144722,SPARSE COVARIANCE-SELECTION
144723,SMOOTH OPTIMIZATION
144724,NONLINEAR COMPLEMENTARITY-PROBLEMS
144725,STOCHASTIC MATHEMATICAL PROGRAMS
144726,GRADIENT SAMPLING ALGORITHM
144727,GRADIENT PROJECTION
144728,GRADIENT-LIKE SYSTEMS
144729,O-MINIMAL STRUCTURES
144730,EVOLUTION-EQUATIONS
144731,CORRELATION-MATRICES
144732,RANK REDUCTION
144733,LOJASIEWICZ INEQUALITY
144734,PROXIMAL BUNDLE METHOD
144735,NONNEGATIVE POLYNOMIALS
144736,DEGREE BOUNDS
144737,QUADRATIC OPTIMIZATION
144738,MAXIMUM CUT
144739,NONLINEARLY CONSTRAINED OPTIMIZATION
144740,LARGE-SCALE OPTIMIZATION
144741,MODEL-BASED ALGORITHMS
144742,SUPERLINEAR CONVERGENCE
144743,NONSMOOTH OPTIMIZATION
144744,QUADRATIC-FUNCTIONS
144745,COMPOSITE OPTIMIZATION
144746,WORST-CASE VALUE
144747,EQUIVALENTS
144748,STRICTLY CONVEX COSTS
144749,DUAL ASCENT METHODS
144750,RELAXATION METHODS
144751,SPLITTING ALGORITHMS
144752,ALTERNATING DIRECTION METHOD
144753,GOODNESS-OF-FIT
144754,RISK MEASURES
144755,CONVEX-OPTIMIZATION
144756,COUNTERPARTS
144757,MAXIMAL MONOTONE-OPERATORS
144758,PROJECTIVE SPLITTING METHODS
144759,KUHN-TUCKER SET
144760,STRONG-CONVERGENCE
144761,DATA-TYPE SYSTEMS
144762,INDUCTIVE TYPES
144763,TYPED PI-CALCULUS
144764,INTERNAL MOBILITY
144765,BISIMULATIONS
144766,FUNCTORS
144767,BUNCHED IMPLICATIONS
144768,ABSENCE
144769,ABSTRACT MACHINE
144770,OBSERVATIONAL PROOFS
144771,ANTISYMMETRY
144772,SEMI-LIPSCHITZ FUNCTIONS
144773,DOMAIN THEORY
144774,PARTIAL METRIZABILITY
144775,GRAPH TRANSFORMATION
144776,DOMAIN-REPRESENTABILITY
144777,METRIZABLE-SPACES
144778,CLOSED CATEGORIES
144779,ORACLES
144780,IMPROVING DEPENDENCY PAIRS
144781,MATRIX INTERPRETATIONS
144782,COLLECTION TYPES
144783,LINEAGE
144784,CLASSICAL PHYSICS
144785,TAYLOR EXPANSION
144786,CPO
144787,BOLTZMANN ENTROPY
144788,TIMES ARROW
144789,BELLS-INEQUALITY
144790,LEVEL-REPLACEMENT SYSTEMS
144791,GRAPH-TRANSFORMATIONS
144792,ALGEBRAIC PROCESS CALCULI
144793,CONFIGURATION STRUCTURES
144794,EQUIVALENCE NOTIONS
144795,TRUE-CONCURRENCY
144796,REEDY
144797,MULTIPARTY SERVICE COMPOSITION
144798,QUANTUM SHANNON THEORY
144799,ZERO
144800,QUANTUM FINITE AUTOMATA
144801,INDEX SETS
144802,STRONG CONSTRUCTIVIZATIONS
144803,BOOLEAN-ALGEBRAS
144804,COMPUTABLE CATEGORICITY
144805,RECURSIVE STRUCTURES
144806,HYPERARITHMETICAL DEGREES
144807,LINEAR-ORDERINGS
144808,DIGITAL BRAIN ATLAS
144809,DYNAMIC CONTOUR
144810,DISTANCE TRANSFORMATIONS
144811,ACOUSTIC STRAIN WAVES
144812,SONOELASTICITY
144813,BREAST
144814,SPECIMENS
144815,ANISOTROPIC WATER DIFFUSION
144816,HUMAN CEREBRAL-CORTEX
144817,INTENSITY NONUNIFORMITY
144818,CURRENT-INDUCED ARTIFACTS
144819,EDDY-CURRENT ARTIFACTS
144820,ECHO-PLANAR IMAGES
144821,MOTION ARTIFACTS
144822,FUNCTIONAL MRI
144823,WEIGHTED MRI
144824,B-MATRIX
144825,BIAS FIELD
144826,MAGNETIC-RESONANCE ELASTOGRAPHY
144827,PREMATURE
144828,VISUALIZATION SYSTEM
144829,TORTUOSITY
144830,SPATIAL NORMALIZATION
144831,LUNG REGIONS
144832,CT ANGIOGRAPHY
144833,BIAS FIELD CORRECTION
144834,INHOMOGENEITY CORRECTION
144835,AUTOMATIC CORRECTION
144836,RF INHOMOGENEITY
144837,BIRDCAGE COIL
144838,LIGHT PATHS
144839,RETINOPATHY
144840,DIAMETERS
144841,FLUORESCEIN ANGIOGRAMS
144842,OCULAR FUNDUS
144843,MASS SPRING MODEL
144844,LANDMARK
144845,RICIAN NOISE
144846,LOW-SNR
144847,LEVEL SET SEGMENTATION
144848,PARAMETRIC ACTIVE CONTOURS
144849,REGION COMPETITION
144850,MIGRATING CELLS
144851,MEAN-SHIFT
144852,NON-EUCLIDEAN METRICS
144853,ULTRASOUND IMAGES
144854,CARDIAC MRI
144855,DEFORMABLE SURFACES
144856,SPHERICAL WAVELETS
144857,ANATOMICAL SHAPE
144858,BRAIN STRUCTURES
144859,MAGNETIC-RESONANCE ANGIOGRAPHY
144860,THORACIC CT SCANS
144861,VASCULAR SEGMENTATION
144862,GENERALIZED CYLINDERS
144863,ARTERIAL BIFURCATIONS
144864,CENTERLINE EXTRACTION
144865,INVARIANT PROPERTIES
144866,TREE RECONSTRUCTION
144867,ENHANCING DIFFUSION
144868,TRABECULAR BONE-STRUCTURE
144869,VENTRICULAR-TACHYCARDIA
144870,OSCILLATING SINGULARITIES
144871,DIMENSION MEASUREMENTS
144872,ARTICULATED SHAPE MODELS
144873,SPINE
144874,COMPUTER-AIDED DETECTION
144875,BREAST-CANCER DETECTION
144876,FIELD DIGITAL MAMMOGRAPHY
144877,INTERVAL CHANGE ANALYSIS
144878,SCREEN-FILM MAMMOGRAPHY
144879,DUAL SYSTEM APPROACH
144880,CIRCUMSCRIBED MASSES
144881,DATABASE-CONSORTIUM LIDC
144882,CHEST RADIOGRAPHS
144883,OPTIC-NERVE HEAD
144884,SCANNING LASER OPHTHALMOSCOPE
144885,DISC
144886,LEFT-VENTRICLE SEGMENTATION
144887,CINE-MRI
144888,MULTIMODALITY IMAGE REGISTRATION
144889,JOINT SEGMENTATION
144890,MOTION CORRECTION
144891,4D RADIATION-THERAPY
144892,MYOCARDIAL-PERFUSION
144893,DISTENSIBILITY
144894,X-RAY IMAGES
144895,DIGITALLY RECONSTRUCTED RADIOGRAPHS
144896,SINGLE-PLANE FLUOROSCOPY
144897,POINT-BASED REGISTRATION
144898,PROGRESSIVE ATTENUATION FIELDS
144899,AUTOMATED 2D-3D REGISTRATION
144900,INTENSITY-BASED REGISTRATION
144901,KNEE REPLACEMENT KINEMATICS
144902,LINE-SEGMENT ENHANCEMENT
144903,2D/3D RIGID REGISTRATION
144904,NONPARAMETRIC WINDOWS
144905,EXPECTATION-MAXIMIZATION ALGORITHM
144906,DIFFEOMORPHIC IMAGE REGISTRATION
144907,OBSESSIVE-COMPULSIVE DISORDER
144908,VOXEL SIMILARITY MEASURES
144909,BEAM CT RECONSTRUCTION
144910,TOTAL VARIATION REGULARIZATION
144911,OPTICAL-COHERENCE TOMOGRAPHY
144912,REAL-TIME RECONSTRUCTION
144913,FAST FOURIER-TRANSFORM
144914,X-RAY CT
144915,ITERATIVE RECONSTRUCTION
144916,LUNG-TUMOR MOTION
144917,CORONARY MR-ANGIOGRAPHY
144918,4D CT DATA
144919,NAVIGATED IMAGE-RECONSTRUCTION
144920,BEAM COMPUTED-TOMOGRAPHY
144921,GATED RADIOTHERAPY
144922,ORGAN MOTION
144923,RIB CAGE
144924,GENERALIZED RECONSTRUCTION
144925,INTEROBSERVER AGREEMENT
144926,DIAGNOSTIC-CRITERIA
144927,INVERSION-RECOVERY
144928,INTERFERON BETA-1B
144929,PROGRESSIVE MS
144930,COMPRESSED-SENSING MRI
144931,DYNAMIC MRI
144932,K-SPACE
144933,CANCER DETECTION
144934,DIGITAL FUNDUS IMAGES
144935,OPTIC DISC DETECTION
144936,OPHDIAT(C)
144937,GROUND-GLASS OPACITY
144938,MULTIPLE NEURAL-NETWORKS
144939,FLEISCHNER-SOCIETY
144940,STATISTICAL LABEL FUSION
144941,BRAIN MRI SEGMENTATION
144942,HIPPOCAMPAL SEGMENTATION
144943,PERFORMANCE PARAMETERS
144944,MICROSCOPY IMAGES
144945,COUNTING MITOSES
144946,SECTIONS
144947,MULTICORE
144948,SHORT-AXIS
144949,HISTOLOGY
144950,COIL
144951,BREAST-CANCER HISTOPATHOLOGY
144952,THYROID FOLLICULAR LESIONS
144953,NEUROBLASTIC DIFFERENTIATION
144954,HISTOLOGICAL IMAGES
144955,ANATOMICAL LANDMARK DETECTION
144956,BRAIN-TUMOR SEGMENTATION
144957,LEFT-VENTRICLE
144958,HIERARCHICAL FEATURES
144959,TRAUMATIC AXONAL INJURY
144960,HIGH-GRADE GLIOMAS
144961,TUMOR SEGMENTATION
144962,ISCHEMIC-STROKE
144963,ITERATIVE QUANTIZATION
144964,PROCRUSTEAN APPROACH
144965,VOCABULARY TREE
144966,COMPREHENSIVE SURVEY
144967,MEMETIC COMPUTATION
144968,SERIES PREDICTION
144969,UNSUPERVISED IMAGE CLASSIFICATION
144970,DERMOSCOPY IMAGES
144971,HIERARCHICAL GENETIC ALGORITHM
144972,GLOBAL MINIMIZATION
144973,SURROGATE MODELS
144974,INVERTIBILITY
144975,INTEGRATED-CIRCUIT FABRICATION
144976,PSEUDORANDOM NUMBER GENERATORS
144977,ERROR-CORRECTING CODE
144978,INTEGRATED SERVICES NETWORKS
144979,PROCESSOR SHARING APPROACH
144980,GOLAY CORRELATOR
144981,TRAINING CELLULAR-AUTOMATA
144982,STEREO CORRESPONDENCE
144983,DENSE FEATURES
144984,VHDL
144985,INVERSES
144986,COMMON SUBEXPRESSION ELIMINATION
144987,DIGITAL-FILTERS
144988,ARCHITECTURE DESIGN
144989,SIMULATION TOOL
144990,PERFORMANCE OPTIMIZATION
144991,STATE ASSIGNMENT
144992,SEQUENTIAL-CIRCUITS
144993,SRAM-BASED FPGAS
144994,PARTIAL RECONFIGURATION
144995,5-INPUT MAJORITY GATE
144996,INHERENT CAPABILITIES
144997,RAM CELL
144998,NOCS
144999,MOLECULAR-QCA
145000,BRAINS
145001,SMOLENSKY SOLUTION
145002,QUANTUM COMPUTER
145003,ANALOG COMPUTATION
145004,COMPUTABILITY
145005,THESIS
145006,PLAYING STRATEGIES
145007,EXPERT MEMORY
145008,APPERCEPTION
145009,LINEAR SEPARABILITY
145010,SIMPLE HEURISTICS
145011,THE-BEST
145012,FRUGAL
145013,MARKOV CONDITION
145014,TURING TEST
145015,KNOWLEDGE LEVEL
145016,PERCEPTUAL SYMBOL SYSTEMS
145017,CONCEPTUAL KNOWLEDGE
145018,ADAPTIVE-BEHAVIOR
145019,NEURAL SUBSTRATE
145020,SUPERVENIENCE
145021,FAITHFULNESS
145022,OPTION-GENERATION
145023,CHESS PLAYERS
145024,PRETENSE
145025,ANIMACY
145026,VERBAL REPORTS
145027,PRETENSE THEORY
145028,RATIONAL ANALYSIS
145029,CAUSAL INFERENCES
145030,PRESCHOOLERS
145031,HYPERCOMPUTATION
145032,HUMEAN THEORY
145033,PERSONAL IDENTITY
145034,COLOR-PERCEPTION
145035,HYPNOSIS
145036,HANDS
145037,SPATIAL REORIENTATION
145038,METAPHYSICS
145039,BASEBALL
145040,IMITATION GAME
145041,STATISTICAL MECHANICS
145042,MULTIPLE REALIZABILITY
145043,MENTAL CAUSATION
145044,CEREBRAL ASYMMETRY
145045,MACHINE ETHICS
145046,LIBERTARIAN PATERNALISM
145047,RISK COMMUNICATION
145048,NONREDUCTIVE INDIVIDUALISM
145049,COORDINATION DYNAMICS
145050,RELATIONAL HOLISM
145051,EPISTEMOLOGY
145052,FINGERTIPS
145053,HUMES PROBLEM
145054,ILLUSORY INFERENCES
145055,CONDITIONALS
145056,ACTIVE INFERENCE
145057,INTERCEPTION
145058,TOP-DOWN CAUSATION
145059,INVALIDATION
145060,AD HOC NETWORK
145061,MOBILE USERS
145062,WIRELESS CELLULAR NETWORKS
145063,PUBLISH-SUBSCRIBE SYSTEMS
145064,INITIAL TEST
145065,INFORMATION DISSEMINATION
145066,SENSOR NETWORK
145067,OLSR
145068,PERSONAL INNOVATIVENESS
145069,SENSOR NETWORK SECURITY
145070,HETEROGENEOUS MULTIPROCESSORS
145071,IMPRECISE COMPUTATIONS
145072,SMT PROCESSORS
145073,FORWARDING ATTACK DETECTION
145074,WEB ANALYTICS
145075,APPROXIMATION SCHEMES
145076,DIVISIBLE GOODS
145077,MOMENTARY
145078,WIRELESS ENVIRONMENTS
145079,AUTONOMOUS DEPLOYMENT
145080,CARE SERVICES
145081,CHRONIC DISEASE
145082,DISTRIBUTED RESOURCE
145083,VARYING LINEAR-SYSTEMS
145084,DIFFERENCE-EQUATIONS
145085,INVARIANT SYSTEMS
145086,CAUCHY-PROBLEM
145087,OUTPUT-FEEDBACK STABILIZABILITY
145088,2D SYSTEMS
145089,2-DIMENSIONAL SYSTEMS
145090,LYAPUNOV EQUATION
145091,SCATTERING CENTERS
145092,LANCZOS-ALGORITHM
145093,SUBOPTIMAL SCHEMES
145094,BAND-LIMITED EXTRAPOLATION
145095,SPECTRAL ESTIMATION METHODS
145096,RESOLUTION SAR
145097,SWITCHING MEDIAN FILTERS
145098,IMPULSIVE NOISE
145099,STACK FILTERS
145100,GENERALIZED INVERSE
145101,IMPROVED LMI REPRESENTATIONS
145102,MARCHESINI 2ND MODEL
145103,DISCRETE-SYSTEMS
145104,2ND-ORDER POLYNOMIAL ESTIMATORS
145105,NON-GAUSSIAN SYSTEMS
145106,COVARIANCE INFORMATION
145107,UNCERTAIN-OBSERVATIONS
145108,VOLTERRA FILTERS
145109,NO OVERFLOW OSCILLATIONS
145110,MINIMUM ROUNDOFF NOISE
145111,SINGLE-MOLECULE
145112,UNKNOWN INPUT OBSERVERS
145113,2-D SYSTEMS-THEORY
145114,FAILURE-DETECTION
145115,TIME-INVARIANT
145116,MINIMALITY
145117,DEFOCUSED IMAGES
145118,MULTISENSORS
145119,2-D SYSTEMS
145120,LINEAR REPETITIVE PROCESSES
145121,H-INFINITY-CONTROL
145122,MATRIX INEQUALITIES
145123,LMI APPROACH
145124,MULTIVARIABLE SYSTEMS
145125,NORM APPROXIMATION
145126,SINGULAR SYSTEMS
145127,FORNASINI-MARCHESINI
145128,ROESSER MODEL
145129,TIME-VARYING DELAY
145130,INFINITY CONTROL
145131,STATE-SPACE MODEL
145132,CONTINUOUS-TIME SYSTEMS
145133,CONSTRAINED CONTROL
145134,REGULATOR PROBLEM
145135,FORNASINI-MARCHESINI MODEL
145136,STATE-SPACE REALIZATIONS
145137,STATE SATURATION
145138,COMPLEX WISHART DISTRIBUTION
145139,SPECKLED IMAGERY
145140,K-DISTRIBUTION
145141,M-ESTIMATORS
145142,LOCALIZATION ANALYSIS
145143,CCDS
145144,YAKUBOVICH-POPOV LEMMA
145145,DEPENDENT APPROACH
145146,H-2
145147,UNKNOWN NONUNIFORM NOISE
145148,PROPAGATOR METHOD
145149,REFLECTING BOUNDARY
145150,BEARING ESTIMATION
145151,HYDROPHONES
145152,SHIFT-VARIANT SYSTEMS
145153,2ND MODEL
145154,2-D DISCRETE-SYSTEMS
145155,NETWORKED SYSTEMS
145156,STRONG PRACTICAL STABILITY
145157,INVERSE GAMMA TEXTURE
145158,SCENE CLASSIFICATION
145159,KEYPOINTS
145160,IHS
145161,2-DIMENSIONAL CONTINUOUS SYSTEMS
145162,POLYNOMIAL-PHASE SIGNALS
145163,ORDER AMBIGUITY FUNCTION
145164,CHANNEL SAR-GMTI
145165,TARGET ACCELERATION
145166,FM SIGNAL
145167,2-D ANGLE
145168,PARAMETER-ESTIMATION ALGORITHMS
145169,ITERATIVE ESTIMATION
145170,GRADIENT ALGORITHMS
145171,NEWTON ITERATION
145172,MULTI-INNOVATION
145173,DISTRIBUTION MATRICES
145174,IF ESTIMATION
145175,MULTIWAY
145176,ON-DEMAND SERVICE
145177,VISIBLE WATERMARKING SCHEMES
145178,SELECTIVE ENCRYPTION
145179,OPTIMAL SENSOR SELECTION
145180,SPORTS VIDEO
145181,BIOMETRIC AUTHENTICATION
145182,SEMANTIC ANNOTATION
145183,MULTIPLE DESCRIPTION VIDEO
145184,NODE MOBILITY
145185,CODED VIDEO
145186,SPEECH/MUSIC DISCRIMINATOR
145187,STREAM SYNCHRONIZATION
145188,PLAYOUT
145189,BUFFER
145190,CLUSTERING-TECHNIQUES
145191,STORY SEGMENTATION
145192,SIFT
145193,SIGN-LANGUAGE
145194,KINECT
145195,HYPER-CHAOS
145196,GENERALIZED DISCRIMINANT-ANALYSIS
145197,POWER ANALYSIS ATTACKS
145198,MP3 COMPRESSION
145199,RADIOGRAPHY
145200,DIFFERENTIATED SERVICES NETWORK
145201,VIDEO DELIVERY
145202,PACKET VIDEO
145203,GOLD CODES
145204,CENTERED DESIGN
145205,CAMERA IDENTIFICATION
145206,FORGERIES
145207,AUDIO QUALITY
145208,PHONE
145209,BRADLEY-TERRY MODEL
145210,STANDARD MAP
145211,LOGISTIC MAPS
145212,GRAYSCALE IMAGES
145213,ORDER CHAOTIC SYSTEMS
145214,DATA CLASSIFICATION
145215,FRAGILE WATERMARKING
145216,VACCINATION
145217,COLOR IMAGE ENCRYPTION
145218,WIRELESS NANOSENSOR NETWORKS
145219,TERAHERTZ BAND
145220,NANONETWORKS
145221,NEUROLOGICAL DISORDERS
145222,CYTOSKELETON
145223,PATHOLOGY
145224,SYNAPSE
145225,MOLECULAR COMMUNICATION
145226,SOLUBLE RECEPTOR
145227,EPITHELIAL-CELLS
145228,TUMOR-THERAPY
145229,WATER-VAPOR
145230,OXYGEN
145231,MAJORITY LOGIC
145232,BIOCHEMICAL NETWORKS
145233,BASIC CONCEPTS
145234,MYXOMYCETE PHYSARUM-POLYCEPHALUM
145235,CHEMOTACTIC RESPONSE
145236,MOLECULAR CHAPERONES
145237,REGULATORS
145238,HIDDEN-VARIABLE THEORIES
145239,MORPHOLOGY CONTROL
145240,MOLECULAR COMPUTATION
145241,NUCLEATION
145242,NEUROCOMPUTER
145243,SALESPERSON
145244,GENETIC ALGORITHM APPROACH
145245,LINEAR-PHASE
145246,POLARIZATIONS
145247,IMMUNE NETWORK
145248,BUNDLES
145249,SYMBOLIC REGRESSION
145250,BLOAT
145251,GRAPH AUTOMATA
145252,COLLABORATIVE RECOMMENDER
145253,AMEBA-BASED NEUROCOMPUTER
145254,SHORTEST-PATH PROBLEMS
145255,CHARACTERIZING FAULT-TOLERANCE
145256,MULTIMEMETIC ALGORITHMS
145257,NEGATIVE FEEDBACK
145258,POSITIVE FEEDBACK
145259,INFORMATION-STORAGE
145260,DESIGN PRINCIPLES
145261,GENE NETWORKS
145262,TOGGLE SWITCH
145263,STOCHASTICITY
145264,MEMBRANE SYSTEMS
145265,EXHAUSTIVE USE
145266,FAULT-DIAMETER
145267,SYMMETRICAL INEQUALITIES
145268,FACETS
145269,SIMPLEX ALGORITHM
145270,SELECTION PROBLEM
145271,INTEGER PROGRAMS
145272,NETWORK FLOW
145273,2 VARIABLES
145274,RURAL POSTMAN PROBLEM
145275,CUTTING PLANE ALGORITHM
145276,VITAL ARCS
145277,TOUR
145278,SPLIT-STARS
145279,SERIES-PARALLEL GRAPHS
145280,GENERALIZED STEINER PROBLEM
145281,HOP-CONSTRAINED PATHS
145282,CONNECTIVITY CONSTRAINTS
145283,PARTITION INEQUALITIES
145284,SUBGRAPH POLYTOPES
145285,INTEGER POLYHEDRA
145286,BILEVEL
145287,UNKNOWN ENVIRONMENT
145288,GRAPH EXPLORATION
145289,A-RIDE PROBLEM
145290,GRID NETWORK DISTANCES
145291,BIN PACKING PROBLEM
145292,MULTIPLE CONSTRAINTS
145293,DISTRIBUTION-SYSTEM-DESIGN
145294,FACILITY LOCATION MODEL
145295,RANDOM INTERSECTION GRAPHS
145296,TURN PENALTIES
145297,MIXED GRAPHS
145298,LOADING PROBLEM
145299,SET POLYHEDRA
145300,INSTALLATION
145301,FREIGHT TRANSPORTATION
145302,TREE EXPLORATION
145303,NETWORK VULNERABILITY ANALYSIS
145304,SPARSEST CUTS
145305,SURVIVABLE NETWORKS
145306,INTERDICTION
145307,VIRTUAL PRIVATE NETWORKS
145308,TREE ROUTING CONJECTURE
145309,CAPACITY INSTALLATION
145310,DEMAND UNCERTAINTY
145311,WAGNER-WHITIN COSTS
145312,SUB-PROBLEM
145313,INFECTIOUS WASTE COLLECTION
145314,SCALE DISTRICTING PROBLEM
145315,HOME HEALTH-CARE
145316,SYNCHRONIZATION CONSTRAINTS
145317,FIXED ROUTES
145318,OPERATIONS-RESEARCH
145319,INTERDEPENDENT INFRASTRUCTURE SYSTEMS
145320,LANDINGS
145321,AIRPORT
145322,ASSESSING NETWORK VULNERABILITY
145323,ATTACK TOLERANCE
145324,COMPACT FORMULATIONS
145325,EXCLUSIONARY SIDE CONSTRAINTS
145326,PARALLEL TABU SEARCH
145327,WAITING STRATEGIES
145328,DISTANCE APPROXIMATING TREES
145329,UNWEIGHTED GRAPHS
145330,CHORDAL GRAPHS
145331,HYPERBOLICITY
145332,INTEGER PROGRAMMING FORMULATIONS
145333,DISTRIBUTION-SYSTEM OPTIMIZATION
145334,LEAST-COST DESIGN
145335,INTEGER PROGRAMMING APPROACH
145336,EULERIAN DELETION PROBLEMS
145337,SENSOR-BASED COVERAGE
145338,WASTE COLLECTION
145339,PICKUP
145340,STATIC REPOSITIONING PROBLEM
145341,MATHEMATICAL FORMULATIONS
145342,MIXED-INTEGER
145343,OPTIMAL TRANSPORT-THEORY
145344,TASK ASSIGNMENT
145345,COOPERATIVE-SEARCH
145346,MULTIPLE DEPOT
145347,TIME-WINDOWS
145348,COVERING SALESMAN PROBLEM
145349,DISCRETE STARTING TIMES
145350,GOODS
145351,YARD CRANE
145352,TWIN ROBOTS
145353,QUAY CRANE
145354,GENERALIZED QUANTILE PROCESSES
145355,DENSITY CONTOUR
145356,INVERSE MODELS
145357,MEDIAL SEPTAL-LESIONS
145358,SOURCE DENSITY ANALYSIS
145359,GABAERGIC MODULATION
145360,NEURONAL-ACTIVITY
145361,DELAYED-NONMATCH
145362,POSITIVE PHASE
145363,BEHAVING RAT
145364,INFORMATION MAXIMIZATION
145365,NEURAL NETWORK
145366,OBJECTIVE FUNCTIONS
145367,WEAKLY COUPLED OSCILLATORS
145368,SPIKING NEURONS
145369,FIRING PROBABILITY
145370,LOCUS-COERULEUS
145371,SELF-ORGANIZED CRITICALITY
145372,RANDOM BOOLEAN NETWORKS
145373,ANNEALED APPROXIMATION
145374,CLASSICAL RECEPTIVE-FIELD
145375,MONKEY STRIATE CORTEX
145376,SPATIAL-FREQUENCY SELECTIVITY
145377,RANGE HORIZONTAL CONNECTIONS
145378,NEURONS IN-VIVO
145379,COMPLEX CELLS
145380,CONTROL-DEPENDENT NOISE
145381,LINEAR SYSTEMS
145382,BRAIN-BASED DEVICE
145383,EFFERENT NEURONS
145384,SUSPECTED INTERNEURONS
145385,NEOCORTICAL NEURONS
145386,CONDUCTION-VELOCITY
145387,IMPULSE CONDUCTION
145388,ACTIVITY PATTERNS
145389,MEDIUM SPINY NEURONS
145390,PHONOLOGICAL LOOP
145391,COGNITIVE CONTROL
145392,VENTRAL STRIATUM
145393,SERIAL ORDER
145394,HIPPOCAMPAL PLACE CELLS
145395,DRAWING MOVEMENTS
145396,NEURAL DISCHARGE
145397,SVMS
145398,SPIKE TRAINS
145399,INFORMATION CRITERION
145400,REACTION-TIME PERFORMANCE
145401,GLOBUS-PALLIDUS NEURONS
145402,SUBTHALAMIC NUCLEUS NEURONS
145403,STRIATO-NIGRAL INFLUENCE
145404,CHOICE-REACTION-TIME
145405,ACTION SELECTION
145406,SINGLE CELL
145407,BRIGHTNESS-DISCRIMINATION TASK
145408,PERCEPTUAL DECISION
145409,RESPONSE-TIME
145410,SUPERIOR COLLICULUS
145411,MEMORY RETRIEVAL
145412,FIELD-THEORY
145413,PSYCHOPHYSICAL PERFORMANCE
145414,MONKEY
145415,GRADED RESPONSE
145416,BASIS SELECTION
145417,GENERALIZATION ABILITY
145418,LVQ ALGORITHMS
145419,DEVELOPING RETINOTECTAL SYSTEM
145420,WINNER-TAKE-ALL
145421,SYNFIRE CHAINS
145422,BARREL CORTEX
145423,PAIRWISE CORRELATIONS
145424,MICROSTIMULATION
145425,DEPENDENT SYNAPTIC PLASTICITY
145426,INSTRUCTIVE SIGNALS
145427,AUDITORY SPACE
145428,CEREBELLUM
145429,CIRCUIT RECONSTRUCTION
145430,3D RECONSTRUCTION
145431,NEURAL TISSUE
145432,MULTIPLICATIVE UPDATE ALGORITHMS
145433,SPACE RECONSTRUCTION ALGORITHM
145434,ECT
145435,ADAPTIVE CLASSIFICATION
145436,COVARIANCE-MATRIX
145437,CORTICAL CONTROL
145438,PROSTHETIC DEVICES
145439,DYNAMIC SYSTEMS
145440,MOVEMENT SIGNAL
145441,TETRAPLEGIA
145442,MACE FILTER
145443,REACTION-TIME TASKS
145444,SUBTHALAMIC NUCLEUS
145445,PERCEPTUAL CATEGORIZATION
145446,MULTIJOINT MOVEMENT
145447,OBSTACLE AVOIDANCE
145448,ARM STIFFNESS
145449,BLIND SOURCE SEPARATION
145450,PRODUCT APPROXIMATION
145451,NONAUTONOMOUS DYNAMICAL-SYSTEMS
145452,FISHER INFORMATION
145453,DISCHARGE
145454,SPATIAL WORKING-MEMORY
145455,INTEGRATIVE THEORY
145456,VARYING MATRIX PSEUDOINVERSION
145457,ZNN MODELS
145458,PRINCIPAL
145459,ZFS
145460,CONCLUSIONS BIAS
145461,FREE-ENERGY
145462,REFLECTION-IMPULSIVITY
145463,DENDRITIC SPINES
145464,COMPLETE SYNCHRONIZATION
145465,HIGH-RESOLUTION EEG
145466,COMPUTER INTERFACE APPLICATIONS
145467,CHRONIC POSTSTROKE HEMIPARESIS
145468,MULTIPLE TIME-SERIES
145469,CENTRAL BETA-RHYTHMS
145470,PHASE-SYNCHRONIZATION
145471,TRAINING DISTORTION
145472,SAMPLE COMPLEXITY
145473,STATIONARY STOCHASTIC-PROCESSES
145474,UNIT CANONICAL CORRELATIONS
145475,CORTICAL INTERACTIONS
145476,BOLD SIGNALS
145477,FACE VERIFICATION
145478,RECEPTIVE FIELDS
145479,GRADIENT DESCENT
145480,MCMC
145481,FIXED-POINT ALGORITHM
145482,SPARSE CODE
145483,INFOMAX
145484,RECEPTIVE-FIELD PLASTICITY
145485,HUMAN PREFRONTAL CORTEX
145486,NEURAL INTERACTIONS
145487,STOCHASTIC RESONANCE
145488,VISUAL PATHWAYS
145489,FIELD POTENTIAL OSCILLATIONS
145490,HORIZONTAL CONNECTIONS
145491,THALAMOCORTICAL SYSTEM
145492,COHERENT OSCILLATIONS
145493,NEURONAL RESPONSES
145494,NEURAL DYNAMICS
145495,TRANSMISSION DELAYS
145496,NONLINEAR CONTROL
145497,NEURAL CODE
145498,NEUROPHYSIOLOGY
145499,SUBTHRESHOLD MEMBRANE RESONANCE
145500,FREQUENCY PREFERENCES
145501,THALAMIC NEURONS
145502,NUCLEUS-ACCUMBENS DOPAMINE
145503,PAVLOVIAN CONDITIONED INHIBITION
145504,VENTRAL TEGMENTAL AREA
145505,MEDIAN RAPHE NUCLEI
145506,DORSAL-RAPHE
145507,EXTRACELLULAR DOPAMINE
145508,ASCENDING PROJECTIONS
145509,D-AMPHETAMINE
145510,BIDIRECTIONAL ASSOCIATIVE MEMORY
145511,QUALITATIVE-ANALYSIS
145512,OSCILLATION
145513,TONICALLY ACTIVE NEURONS
145514,DOPAMINERGIC-NEURONS
145515,RAT NEOSTRIATAL NEURONS
145516,D-ASPARTATE-RECEPTOR
145517,IDENTIFIED STRIATONIGRAL NEURONS
145518,INVITRO SLICE PREPARATION
145519,MEDIAN FOREBRAIN-BUNDLE
145520,TEMPORAL VISUAL-CORTEX
145521,SINGLE NEURONS
145522,HIERARCHICAL ORGANIZATION
145523,SHAPE PERCEPTION
145524,VISUAL-SPATIAL ATTENTION
145525,QUADRATIC-PROGRAMMING PROBLEMS
145526,GENERAL-CLASS
145527,MONOTONICITY
145528,CNNS
145529,SUPPLEMENTARY EYE FIELD
145530,NIGRA PARS RETICULATA
145531,CONDITIONAL OCULOMOTOR ASSOCIATIONS
145532,MONKEY SUPERIOR COLLICULUS
145533,PRIMATE PREFRONTAL CORTEX
145534,INFERIOR TEMPORAL CORTEX
145535,MACAQUE CEREBRAL-CORTEX
145536,MEMORY-GUIDED SACCADES
145537,CAT MOTOR CORTEX
145538,MEDIAL PREFRONTAL CORTEX
145539,EVENT-RELATED FMRI
145540,EXPLORATORY EYE-MOVEMENTS
145541,SELF-INDUCED SADNESS
145542,LONG-TERM-MEMORY
145543,SECONDARY-STRUCTURE
145544,BENZODIAZEPINES
145545,SELECTIVE VISUAL-ATTENTION
145546,MACAQUE AREA V4
145547,ADAPTIVE PATTERN-CLASSIFICATION
145548,EXTRASTRIATE CORTEX
145549,ERROR-RELATED NEGATIVITY
145550,MIDBRAIN DOPAMINE NEURONS
145551,COMPETING MOTOR PROGRAMS
145552,BASAL GANGLIA CIRCUITS
145553,WORKING-MEMORY WORK
145554,VENTROMEDIAL PREFRONTAL CORTEX
145555,FRONTAL-LOBE DAMAGE
145556,CARD SORTING TEST
145557,CONTEXT-SENSITIVE LANGUAGES
145558,MICROCIRCUIT MODELS
145559,MOBILE AUTONOMOUS AGENTS
145560,COUPLED OSCILLATORS
145561,COUPLED NONLINEAR OSCILLATORS
145562,LAMPREY SPINAL-CORD
145563,MULTI-LEGGED ROBOT
145564,QUADRUPED LOCOMOTION
145565,INTERSEGMENTAL COORDINATION
145566,BIPED LOCOMOTION
145567,MOTOR SYSTEMS
145568,REACHING MOVEMENTS
145569,ESTIMATION/
145570,KNEE AMPUTEES
145571,ASCENT
145572,CONTROL LAWS
145573,MEMCAPACITORS
145574,MEMINDUCTORS
145575,EXCITABILITY
145576,ACTION CO-REPRESENTATION
145577,INTERPERSONAL COORDINATION
145578,FINITE-TIME
145579,CONTINUOUSLY DISTRIBUTED DELAYS
145580,LINEAR TRANSFER-FUNCTIONS
145581,ACTIVATION FUNCTIONS
145582,ANALOGS
145583,DEMOSAICKING
145584,RETICULARIS TEGMENTI-PONTIS
145585,INFERIOR PARIETAL LOBULE
145586,STEM OMNIPAUSE NEURONS
145587,ALERT SQUIRREL-MONKEY
145588,RETINAL IMAGE MOTION
145589,STEADY-STATE PURSUIT
145590,LEAD BURST NEURONS
145591,CATCH-UP SACCADES
145592,CORTICAL AREA MST
145593,FEATURE-DETECTORS
145594,LAMINAR CORTICAL DYNAMICS
145595,ARTMAP NEURAL-NETWORKS
145596,INVARIANT OBJECT REPRESENTATION
145597,COPYING GEOMETRICAL SHAPES
145598,LATERAL GENICULATE-NUCLEUS
145599,CEREBELLAR PURKINJE-CELLS
145600,TRANSMISSION-LINE PROTECTION
145601,DYNAMIC SECURITY ASSESSMENT
145602,MU-STABILITY
145603,DYNAMICAL NETWORKS
145604,BOUNDEDNESS
145605,GLOBAL ASYMPTOTICAL PERIODICITY
145606,PROJECTIVE SYNCHRONIZATION
145607,O(T(-ALPHA)) STABILITY
145608,ADAPTIVE LAG SYNCHRONIZATION
145609,SAMPLED-DATA CONTROL
145610,VISUAL FEATURES
145611,MARKOVIAN JUMPING PARAMETERS
145612,MULTIPLE TIME DELAYS
145613,LAGRANGE STABILITY
145614,PASSIVITY ANALYSIS
145615,HAIR-CELLS
145616,PROBABILISTIC NEURAL NETWORKS
145617,VARIABLE DELAYS
145618,ARTERIAL DOPPLER SIGNALS
145619,LEAST-SQUARES METHOD
145620,RADIATION-PATTERNS
145621,AWAKE MONKEY
145622,ARIMA
145623,CLONAL SELECTION ALGORITHM
145624,INTERFERENCE SUPPRESSION
145625,HARMONIC ESTIMATION
145626,ELEMENT POSITIONS
145627,EXTREMELY DILUTED SOLUTIONS
145628,INTERACTIVE SIMULATION
145629,TROPOSPHERIC OZONE CONCENTRATION
145630,NEURAL-NETWORK PREDICTION
145631,CONTAINING WASTE-WATER
145632,LOGIC-BASED MODEL
145633,TREATMENT-PLANT
145634,CONSUMPTION PREDICTION
145635,HAND MOVEMENT
145636,MULTICLASS
145637,SHOPPING-CENTERS
145638,SOMATOSENSORY CORTEX
145639,MU-RHYTHM
145640,HAND AREA
145641,FUNCTION-APPROXIMATION
145642,EARNINGS
145643,INCORPORATING WAVELET ANALYSIS
145644,SOYBEAN YIELD
145645,CORN
145646,MULTILAYER PERCEPTRON
145647,HUBBLE-SPACE-TELESCOPE
145648,GALAXY CLUSTERS
145649,DARK-MATTER
145650,COMA CLUSTER
145651,NEGATIVE-CURVATURE
145652,GALACTIC NEBULAE
145653,DISCOVERIES
145654,DENDRITES
145655,INCIDENT DURATION
145656,JBOS
145657,STROKE REHABILITATION
145658,MOVEMENT STRATEGIES
145659,RELEVANT
145660,JAVASCRIPT CODE
145661,HEARTBEAT CLASSIFICATION
145662,MULTISTEP
145663,FEEMD
145664,GEOMETRIC-PROPERTIES
145665,INDEPENDENT SOURCES
145666,NEURAL-NET
145667,AMBIGUOUS PATTERNS
145668,AUGMENTED LAGRANGE MULTIPLIERS
145669,EFFICIENT PARTITION
145670,RBF CENTERS
145671,PICSOM
145672,RECTANGLES
145673,LEARNING VECTOR QUANTIZATION
145674,BASIS-FUNCTION NETWORKS
145675,SURROGATE DATA
145676,LEARNABILITY
145677,KCCA
145678,NEUTRAL SYSTEMS
145679,SEQUENTIAL LEARNING ALGORITHM
145680,ORGANIZING SCHEME
145681,SPECTROSCOPY DATA
145682,HOPFIELD NEURAL-NETWORKS
145683,ACTIVATIONS
145684,EIGENSTRUCTURE ASSIGNMENT
145685,UNBOUNDED DISTRIBUTED DELAYS
145686,SYLVESTER EQUATION
145687,SOLVING SYSTEMS
145688,GLOBALLY EXPONENTIAL STABILITY
145689,IMPULSES
145690,MULTISTABILITY
145691,ALMOST-PERIODIC SOLUTIONS
145692,DYNAMICAL BEHAVIORS
145693,PERIODIC DYNAMICS
145694,PIECEWISE-CONSTANT ARGUMENT
145695,CHAOTIC LURE SYSTEMS
145696,ROBUST SYNCHRONIZATION
145697,CHAOS SYNCHRONIZATION
145698,LAG SYNCHRONIZATION
145699,IMPULSIVE CONTROL
145700,2-NEURON NETWORK
145701,MITTAG-LEFFLER STABILITY
145702,UNIFORM STABILITY
145703,CARCINOMA LESION SEGMENTATION
145704,NASOPHARYNGEAL
145705,CONTROLLING CHAOS
145706,PHONEME RECOGNITION
145707,TANK
145708,PERIODIC OSCILLATORY SOLUTION
145709,VARIABLE-COEFFICIENTS
145710,PRIMATE CEREBRAL-CORTEX
145711,LURE SYSTEMS
145712,CHUAS CIRCUITS
145713,FEEDBACK LOOPS
145714,PASSIFICATION
145715,STOCK INDEX
145716,OPTIC-NERVE SIGNALS
145717,DIGITAL HARDWARE
145718,FUZZY SYSTEM
145719,DEPENDENT ASYMPTOTIC STABILITY
145720,SWITCHED SYSTEMS
145721,DIAGNOSIS METHOD
145722,EMD
145723,ROLLING ELEMENT BEARING
145724,DEMODULATION
145725,EVOLUTIONARY INSTANCE SELECTION
145726,FEATURE-SELECTION TECHNIQUE
145727,SPEAKER
145728,PROGNOSTICS
145729,BAND SELECTION
145730,FOREWORD
145731,EVENT-TRIGGERED CONSENSUS
145732,H-INFINITY CONSENSUS
145733,CONTAINMENT CONTROL
145734,DISTRIBUTED BAYESIAN DETECTION
145735,LOAD FREQUENCY CONTROL
145736,NEMATODE CAENORHABDITIS-ELEGANS
145737,BIOCHEMICAL SYSTEMS-THEORY
145738,RED-BLOOD-CELLS
145739,KINSIM
145740,SPLICING SYSTEMS
145741,TRANSFORMATION SYSTEM
145742,MULTIPLE-INTERESTS
145743,OPTICAL SOLUTION
145744,2ND
145745,PREMISES VALUATION
145746,BAGGING ENSEMBLES
145747,ORIENTED SYSTEMS
145748,MODELS-AT RUN.TIME
145749,LOCKED LASER-OSCILLATOR
145750,ISING SPIN-GLASS
145751,SEMICONDUCTOR-LASER
145752,CPPC
145753,A-TEAM
145754,ORDINAL CLASSIFICATION
145755,RELATIONAL DATABASE MODEL
145756,DECLARATIVE SEMANTICS
145757,MANAGING UNCERTAINTY
145758,PROXIMITY
145759,BOOLEAN VALUED ANALYSIS
145760,AW-STAR-ALGEBRAS
145761,OBSERVABLES
145762,EDUCATIONAL HYPERMEDIA
145763,WEB NAVIGATION
145764,SEMANTIC WIKI
145765,CANONICAL PROCESSES
145766,VIOLENT VIDEO GAMES
145767,FEMALE CHARACTERS
145768,READING-DISABILITY
145769,SPELLING-ERRORS
145770,DEVELOPMENTAL DYSLEXIA
145771,PHONOLOGICAL ALEXIA
145772,E-LEARNING SYSTEM
145773,MODERNITY
145774,GRIEF
145775,DUAL PROCESS MODEL
145776,CELEBRITY
145777,ONLINE GRIEF
145778,CHILD
145779,MEMORIALS
145780,OBJECT REPOSITORIES
145781,5 PERSONALITY-TRAITS
145782,ON-DEMAND EDUCATION
145783,AIR-TRAFFIC-CONTROL
145784,TASK SELECTION
145785,COGNITIVE LOAD
145786,TUTORING SYSTEMS
145787,LEARNING-SYSTEM
145788,CULTURAL-HERITAGE
145789,INKTOMI
145790,SEEKING BEHAVIOR
145791,IMPACT FACTORS
145792,STUDENTS USE
145793,SCIENCE-LIBRARY-CATALOG
145794,SCHOOL-STUDENTS
145795,ENCYCLOPEDIA
145796,BIBLIOMETRICS
145797,NURSING-STUDENTS
145798,EXTERNALITIES
145799,GOOGLE-SCHOLAR
145800,EXCHANGES
145801,MARKET-RESEARCH
145802,FUN
145803,WEB SITE QUALITY
145804,EUROPEAN-UNION
145805,WEB-2.0
145806,RELATIVE IMPORTANCE
145807,COMPUTER ATTITUDES
145808,REPURCHASE INTENTIONS
145809,HEALTH INFOMEDIARIES
145810,TECHNOLOGY FIT
145811,JOURNALISTS
145812,CANDIDATES
145813,WEB ACCEPTANCE
145814,RESPONSIBILITY
145815,PATHOS
145816,LOGOS
145817,MOBILE SERVICES
145818,POST HOC POWER
145819,PREDICTIVE-VALIDITY
145820,SOCIETAL IMPACT
145821,SELF-CITATION
145822,GEOGRAPHY
145823,EXCELLENCE
145824,MUNICIPALITIES
145825,MEDIA-SYSTEM DEPENDENCY
145826,SOCIAL NETWORK SITES
145827,FAN PAGES
145828,POPULARITY
145829,PAYMENTS
145830,LIKELIHOOD MODEL PERSPECTIVE
145831,PERIPHERAL ROUTES
145832,OPEN-ACCESS
145833,ONLINE BANKING
145834,CELL PHONE USE
145835,DARK SIDE
145836,MATERIALISM
145837,PARTICIPATORY BEHAVIORS
145838,MEDIA USE
145839,WEIBO
145840,CHINESE OUTBOUND TOURISTS
145841,E-LIFE-STYLE
145842,PERCEIVED CONSTRAINTS
145843,PERSONAL VALUES
145844,CHAIN THEORY
145845,EXPLORE
145846,WORKED-OUT EXAMPLES
145847,WORD-PROBLEMS
145848,EPISTEMOLOGICAL BELIEFS
145849,LEARNING OUTCOMES
145850,QUALITATIVE DIFFERENCES
145851,TEXT COMPREHENSION
145852,ORCHESTRATION
145853,CONCEPTIONS
145854,STUDENTS CONCEPTIONS
145855,CHEMICAL-EQUILIBRIUM
145856,SCIENCE INSTRUCTION
145857,CHEMISTRY STUDENTS
145858,MISCONCEPTIONS
145859,INTERACTIVE VIDEO
145860,MENTAL EFFORT
145861,NOTE-TAKING
145862,SECONDARY SCIENCE
145863,LEARNING SCIENCE
145864,SCHOOL SCIENCE
145865,LANGUAGE LEARNERS
145866,PHENOMENOGRAPHY
145867,COLLABORATIVE LEARNING ENVIRONMENTS
145868,TEACHER-EDUCATION
145869,GROUP WORK
145870,PEER INTERACTIONS
145871,QUESTION PROMPTS
145872,SLOW-LIGHT
145873,NOTE-TAKING SKILLS
145874,DISABILITIES
145875,EPONS
145876,IPACT
145877,PONS
145878,ACADEMIC RISK-TAKING
145879,VIDEO-GAME
145880,QUANTITATIVE CHEMISTRY PROBLEMS
145881,MULTIDIMENSIONAL-ANALYSIS
145882,ANIMATED PEDAGOGICAL AGENTS
145883,JUST-IN-TIME
145884,SPLIT-ATTENTION
145885,MULTIPLE REPRESENTATIONS
145886,MULTIMEDIA INSTRUCTION
145887,INTERNET-BASED INSTRUCTION
145888,COMPUTER EXPERIENCE
145889,CRITICAL THINKING
145890,COMPUTER CONFERENCES
145891,OVERLOAD
145892,FIXED-CHARGE
145893,FLOW PROBLEM
145894,ANALOGICAL TRANSFER
145895,SELF-EXPLANATION
145896,THINK-ALOUD
145897,PREEXISTING BELIEFS
145898,PERSUASIVE TEXT
145899,HABITS
145900,EMAIL
145901,STUDENT MOTIVATION
145902,DOMAIN-SPECIFICITY
145903,SCHOOL STUDENTS
145904,SEDUCTIVE DETAILS
145905,ILLUSTRATIONS
145906,PATH NETWORKS
145907,DEFRAGMENTATION
145908,LEARNING-STRATEGIES
145909,CURRICULUM IMPLEMENTATION
145910,LEARNING ACTIVITIES
145911,TEACHING PRACTICE
145912,WORKED EXAMPLES
145913,EDUCATIONAL-RESEARCH
145914,FIWI ACCESS NETWORKS
145915,POWER BUDGET
145916,WDM-PON
145917,NG-PONS
145918,TDM-PON
145919,PEDAGOGICAL CONTENT KNOWLEDGE
145920,CURRICULUM-DEVELOPMENT
145921,WORKING
145922,PROFESSIONAL-DEVELOPMENT
145923,PHYSICS INSTRUCTION
145924,SCIENCE TEACHERS
145925,PROGRESSIONS
145926,PRESERVICE STUDENTS
145927,FLUENCY
145928,ILLUSIONS
145929,LOOPLESS PATHS
145930,SURVIVABILITY
145931,CENTRIC NETWORKING
145932,MULTIFIBER WDM NETWORKS
145933,SWITCHING SOLUTIONS
145934,DIGITAL BACKPROPAGATION
145935,TRANSMISSION ESTIMATOR
145936,COGNITIVE QUALITY
145937,MASTERY-APPROACH GOALS
145938,MULTILEVEL ALGORITHMS
145939,SEMIDEFINITE
145940,SEMIDEFINITE RELAXATION
145941,LAYER ASSIGNMENT
145942,LINEAR-PROGRAMMING ALGORITHM
145943,PATH-FOLLOWING ALGORITHMS
145944,SEARCH DIRECTIONS
145945,SYMMETRIC CONES
145946,MULTICOMMODITY NETWORK FLOWS
145947,DECOMPOSITION PRINCIPLE
145948,PROJECTIVE ALGORITHM
145949,MULTIPLE CUTS
145950,STOCK PROBLEM
145951,WARM START
145952,CONVEX NONDIFFERENTIABLE OPTIMIZATION
145953,UNCONSTRAINED MINIMIZATION
145954,NONLINEAR SUM
145955,INEXACT NEWTON METHODS
145956,CONVERGENCE THEORY
145957,INTERIOR-POINT ALGORITHM
145958,STATIONARITY
145959,COMPLEMENTARITY CONSTRAINTS
145960,SPLINE FUNCTIONS
145961,LIMIT ANALYSIS
145962,COLLAPSE STATES
145963,YIELD CONDITION
145964,INFINITE OPTIMIZATION PROBLEMS
145965,NEWTON METHODS
145966,NONCONVEX MINIMIZATION
145967,FLETCHER-REEVES METHOD
145968,LINE SEARCH
145969,BFGS METHOD
145970,GUARANTEED DESCENT
145971,INEQUALITY CONSTRAINTS
145972,IMRT OPTIMIZATION
145973,PHOTON BEAMS
145974,LINEAR-DEPENDENCE CONDITION
145975,TRUST-REGION ALGORITHM
145976,GENERAL CONSTRAINTS
145977,NEWTONS METHOD
145978,COMPLETIONS
145979,GLOBAL OPTIMIZATION METHOD
145980,DIFFERENTIABLE CONSTRAINED NLPS
145981,ALPHA-BB
145982,QUADRATIC PROGRAMS
145983,REDUCE APPROACH
145984,BOUNDED DATA UNCERTAINTIES
145985,PLANE METHOD
145986,VARIATIONAL INEQUALITY CONSTRAINTS
145987,NONEXPANSIVE-MAPPINGS
145988,PROJECTION ALGORITHMS
145989,SEMISMOOTH NEWTON METHODS
145990,CONSTRAINED MINIMIZATION
145991,NONPENETRATION
145992,KINK
145993,STOCK ASSESSMENT
145994,MANAGEMENT STRATEGIES
145995,SKIPJACK TUNA
145996,FISHERY
145997,ABUNDANCE
145998,SET-INCLUSIVE CONSTRAINTS
145999,PAY-OFFS
146000,LINEAR COMPLEMENTARITY-PROBLEM
146001,ROBUST UNCERTAINTY PRINCIPLES
146002,UNCONSTRAINED OPTIMIZATION PROBLEMS
146003,SECANT CONDITION
146004,TRANSIENT OPTIMIZATION
146005,SEMISMOOTH NEWTON METHOD
146006,OPERATOR-EQUATIONS
146007,SQP
146008,NETWORK SIMPLEX ALGORITHM
146009,CIRCULATION ALGORITHM
146010,DYNAMIC TREES
146011,POSITIVE-DEFINITE
146012,GRADIENT-METHOD
146013,PSEUDOSPECTRAL RADIUS
146014,INTERIOR METHODS
146015,JACOBIAN DECOMPOSITION
146016,MINIMIZATION PROBLEMS
146017,PENALTY
146018,MIP
146019,DIFFERENTIAL VARIATIONAL-INEQUALITIES
146020,FLUX BALANCE ANALYSIS
146021,RIGHT-HAND SIDES
146022,COMPLEMENTARITY SYSTEMS
146023,HEAT INTEGRATION
146024,PHASE-CHANGES
146025,NONSMOOTH
146026,(C59N)(2)
146027,AZAFULLERENES
146028,STOCHASTIC-PROGRAMMING PROBLEMS
146029,PARALLEL IMPLEMENTATION
146030,EXTENDED SET
146031,AVAILABILITY LOCATION PROBLEM
146032,CONVEX FEASIBILITY PROBLEMS
146033,LANDWEBER ITERATION
146034,PROJECTION METHOD
146035,PRODUCT SPACE
146036,MICROSCOPIC SIMULATION
146037,TRAFFIC FLOW
146038,HPC
146039,APPROXIMATE MINIMUM DEGREE
146040,CHOLESKY FACTORIZATION
146041,NUMERICAL FACTORIZATION
146042,MULTIFRONTAL SOLUTION
146043,NESTED DISSECTION
146044,CAR-PARRINELLO METHOD
146045,DIRECT SOLVER
146046,LOCALLY TWISTED CUBES
146047,HAMILTONICITY
146048,SMALL DEPTHS
146049,ENDMEMBER EXTRACTION ALGORITHMS
146050,N-FINDR
146051,SERIAL
146052,FAST MULTIPOLE ALGORITHM
146053,LENNARD-JONES CLUSTERS
146054,TECHNIQUE SART
146055,FFT
146056,TRIDIAGONAL EIGENPROBLEM
146057,BAND REDUCTION
146058,EIGENSOLVERS
146059,CHARGE EQUILIBRATION
146060,HYDROCARBONS
146061,REAXFF
146062,MANAGEMENT SYSTEMS
146063,ELECTRONIC-STRUCTURE CALCULATIONS
146064,BLUE-GENE/L SUPERCOMPUTER
146065,PERFORMANCE-MEASUREMENTS
146066,FFT ALGORITHMS
146067,PCS
146068,DISTRIBUTED-MEMORY COMPUTERS
146069,KRYLOV SUBSPACE METHODS
146070,STEP ITERATIVE METHODS
146071,COORDINATE DESCENT METHOD
146072,PORTABILITY
146073,EXCITONS
146074,VOLUME DYNAMICAL CORE
146075,ELECTROABSORPTION MODULATOR
146076,SILICON PHOTONICS
146077,COMB GENERATION
146078,SUSPENSIONS
146079,CONTACT DETECTION ALGORITHM
146080,P2P OVERLAY NETWORK
146081,CONSTANT-DEGREE
146082,DHT
146083,OVERHEAD
146084,EVALUATING MAPREDUCE
146085,SERVICE DISCOVERY
146086,LOOKUP SERVICE
146087,CARRYING MIXTURE
146088,SHARED RESOURCE
146089,LOSS SYSTEMS
146090,MODULAR SOFTWARE
146091,MARKOV-PROCESSES
146092,MODULATED POISSON-PROCESS
146093,CLOSED QUEUING-NETWORKS
146094,POISSON ARRIVALS
146095,INTERNET TELEPHONY
146096,RANDOM NEURAL-NETWORK
146097,NEGATIVE CUSTOMERS
146098,REPUTATION MANAGEMENT
146099,SLOTTED CSMA/CA
146100,VACATION PERIOD
146101,M/G/1
146102,REWARDS
146103,SHORTEST-QUEUE
146104,CALL-BACK OPTION
146105,DELAY INFORMATION
146106,MARKOVIAN QUEUE
146107,CONTACT CENTERS
146108,M/G/1 QUEUE
146109,TOLLS
146110,CONCURRENT DETERMINISTIC TRANSITIONS
146111,DYNAMIC CONTROL
146112,GENERAL CLASS
146113,MARKOVIAN PROCESS ALGEBRA
146114,G-NETWORKS
146115,PRODUCT-FORM
146116,RANDOM POINT FIELDS
146117,INTERFERERS
146118,PARALLEL SERVERS
146119,QUEUING-SYSTEMS
146120,FLUID QUEUES
146121,BACK OPTION
146122,IMPATIENT HETEROGENEOUS CUSTOMERS
146123,MULTISERVER THRESHOLD QUEUES
146124,QUEUING-PROCESSES
146125,TRANSMISSION POLICY
146126,WEB-BASED ALCOHOL
146127,OBFUSCATION
146128,ENERGY MONITORS
146129,HOUSEHOLD
146130,NATIONAL COMORBIDITY SURVEY
146131,BIPOLAR DISORDER
146132,HIDDEN POLICIES
146133,INCOME
146134,HUMAN MOBILITY PATTERNS
146135,DETECTION ALGORITHM
146136,TRANSPORTATION MODES
146137,ORGANIZING EMERGENT SYSTEMS
146138,RESEARCH CHALLENGES
146139,ARCHITECTURAL ADAPTATION
146140,RUNTIME ADAPTATION
146141,PARTICULATE MATTER
146142,METEOROLOGY
146143,ATMOSPHERE
146144,CHOSEN-CIPHERTEXT SECURITY
146145,FUNCTIONAL ENCRYPTION
146146,DIAGONALIZATION
146147,PHYSICAL-ACTIVITY RECOGNITION
146148,BAROMETRIC-PRESSURE
146149,CLINICAL DECISIONS
146150,CASE-MANAGEMENT
146151,FAULT-TOLERANT CONTROL
146152,SELF-TUNING CONTROL
146153,TAXIS
146154,SOLITON TRANSMISSION
146155,ALL-OPTICAL NETWORKS
146156,SS-TDMA SYSTEM
146157,SLOT ASSIGNMENT ALGORITHM
146158,BROADCAST NETWORKS
146159,OPTICAL-LAYER SURVIVABILITY
146160,TUNABLE WAVELENGTH CONVERTERS
146161,WDM PACKET SWITCH
146162,JUMPSTART
146163,TELECOMMUNICATIONS DEMAND
146164,LAYER SURVIVABILITY
146165,CDMA COMMUNICATION-SYSTEMS
146166,OPTICAL ORTHOGONAL CODES
146167,ACCESS NETWORKS
146168,PMD
146169,LIGHTWAVE NETWORKS
146170,AVAILABILITY ANALYSIS
146171,SHARED PROTECTION
146172,TESTING SYSTEM
146173,OTDR
146174,GRAPH MODEL
146175,IP/MPLS
146176,PASSIVE OPTICAL NETWORKS
146177,METROPOLITAN-AREA NETWORK
146178,OPTICAL NETWORK
146179,OPTICAL ACCESS NETWORK
146180,EPON
146181,FLEXGRID OPTICAL NETWORKS
146182,FIBER LINKS
146183,GN-MODEL
146184,IMPAIRMENTS
146185,BAND-GAP
146186,P-CYCLE PROTECTION
146187,CO-OFDM
146188,STIMULATED BRILLOUIN-SCATTERING
146189,CROSS-PHASE MODULATION
146190,OPTICAL-FIBERS
146191,SIMULTANEOUS TEMPERATURE
146192,PHOTONIC DEVICES
146193,MULTIMODE
146194,WHISPERING-GALLERY MODES
146195,ADD-DROP FILTER
146196,ALL-OPTICAL XOR
146197,SPLITTER
146198,WAVELENGTH DEMULTIPLEXER
146199,NOR
146200,SELF-COLLIMATED BEAMS
146201,RESONANT CAVITIES
146202,MEMORYLESS RELAY STRATEGIES
146203,DIFFERENTIAL MODULATION
146204,OPTICAL WIRELESS COMMUNICATIONS
146205,INCOMPLETE BLOCK-DESIGNS
146206,POSITIONING SYSTEM
146207,VLC
146208,ERROR PERFORMANCE ANALYSIS
146209,SUPPLIES
146210,COGNITIVE FEMTOCELL NETWORKS
146211,D2D COMMUNICATIONS
146212,SUBSPACE PURSUIT
146213,RAKE
146214,ALPHA-STABLE NOISE
146215,SWIPT
146216,PRESENCE QUESTIONNAIRE
146217,MUSINGS
146218,TRIPARTITE MODEL
146219,INTIMACY
146220,GRADED EXPOSURE
146221,ACROPHOBIA
146222,RELATIONAL COMMUNICATION
146223,IN-VIVO MEASUREMENT
146224,GRASPER
146225,EYE HEIGHT
146226,COGNITIVE REHABILITATION
146227,HUMAN NAVIGATION
146228,TELEREHABILITATION
146229,NEUROPSYCHOLOGY
146230,PSYCHOTHERAPY
146231,CARDIOVASCULAR REACTIVITY
146232,SCREEN
146233,HEAD ORIENTATION
146234,CORONARY-ARTERY-BYPASS
146235,ENDOSCOPIC GRASPER
146236,TELEMANIPULATION
146237,VIBROTACTILE PATTERN-RECOGNITION
146238,TACTILE SENSORY SUBSTITUTION
146239,CROSSMODAL CHANGE BLINDNESS
146240,NUMEROSITY DISCRIMINATION
146241,SOMATOSENSORY HOMUNCULUS
146242,CUTANEOUS SENSITIVITY
146243,INFORMATION DISPLAY
146244,TIME SURGERY SIMULATION
146245,SOFT-TISSUE
146246,FEAR QUESTIONNAIRES
146247,SPATIAL SUMMATION
146248,PHYSIOLOGICAL AROUSAL
146249,VIRTUAL-REALITY TREATMENT
146250,EXPOSURE IN-VIVO
146251,SOFTNESS
146252,SIMULTANEITY
146253,MENTAL PROSTHESIS
146254,TASK-PERFORMANCE
146255,COMMUNICATION-RESEARCH
146256,MEDIA ENTERTAINMENT
146257,PROSOCIAL BEHAVIOR
146258,MOOD MANAGEMENT
146259,HEART-RATE RESPONSE
146260,PERCEIVED EXERTION
146261,COEFFICIENT ALPHA
146262,RUBBER-HAND ILLUSION
146263,BODY-OWNERSHIP
146264,MULTISENSORY MECHANISMS
146265,SELF-CONSCIOUSNESS
146266,PARIETAL JUNCTION
146267,DYSEXECUTIVE SYNDROME
146268,CLINICAL NEUROPSYCHOLOGY
146269,NEUROREHABILITATION
146270,NATIONAL-COMORBIDITY-SURVEY
146271,BEHAVIORAL GROUP TREATMENT
146272,SOCIAL PHOBIA
146273,HUMAN PATIENT SIMULATOR
146274,FIELD-OF-VIEW
146275,RETINAL OPTIC FLOW
146276,PUBLIC-SPEAKING ANXIETY
146277,DUAL NEURAL-NETWORK
146278,RESONANCE-IMAGING FMRI
146279,MUSEUMS
146280,VENTRICULOSTOMY
146281,TERROR MANAGEMENT THEORY
146282,VISUAL ANALOG SCALES
146283,MORTALITY SALIENCE
146284,PERSONAL INVOLVEMENT
146285,PERSUASIVE MESSAGES
146286,BEHAVIORAL REALISM
146287,OPERATING-ROOM
146288,BODILY SELF-CONSCIOUSNESS
146289,ILLUSORY OWNERSHIP
146290,GROUNDED COGNITION
146291,ABSTRACT CONCEPTS
146292,BODY OWNERSHIP
146293,PERSONAL-SPACE
146294,IMMERSIVE ENVIRONMENTS
146295,FAST ALGORITHM
146296,REDUNDANCY-CHECK CODES
146297,COLLISION CHANNEL
146298,EXPANDER CODES
146299,RAYLEIGH-FADING CHANNELS
146300,NONCOHERENT
146301,REED-SOLOMON CODES
146302,CONJECTURE
146303,INTENSITY INFORMATION
146304,SUPERADDITIVITY
146305,BINARY-CODES
146306,BORSUKS
146307,ENTANGLEMENT-ASSISTED CAPACITY
146308,QUANTUM CHANNELS
146309,ENTANGLEMENT COST
146310,SMALL COMPLETE CAPS
146311,COMPLETE K-ARCS
146312,PACKING PROBLEM
146313,CODING THEORY
146314,FINITE SETS
146315,ERDOS-HADWIGER PROBLEM
146316,BORSUKS PROBLEM
146317,INTERSECTION-THEOREMS
146318,GRUNBAUM
146319,BANACH-STEINHAUS THEOREM
146320,MULTI-BREAK REARRANGEMENTS
146321,GENOMIC DISTANCE
146322,DCJ
146323,COMPUTE-AND-FORWARD
146324,CAPACITIES
146325,QUANTUM CHANNEL
146326,RELIABILITY FUNCTION
146327,P-NORMS
146328,EUCLIDEAN-SPACE
146329,FORBIDDEN INTERSECTIONS
146330,INVOLUTIVE BASES
146331,DIVISIONS
146332,CLOCK SYNCHRONIZATION
146333,DETERMINISTIC IMPLEMENTATION
146334,MATCHING ALGORITHM
146335,TRANSVERSAL COVERS
146336,STRENGTH-3
146337,POLYNOMIAL COEFFICIENTS
146338,RATIONAL SOLUTIONS
146339,FORMAL SOLUTIONS
146340,DENOMINATORS
146341,ELIMINATIONS
146342,ABDOMINAL MULTIORGAN SEGMENTATION
146343,SCLEROSIS
146344,RECURRENCE EQUATIONS
146345,POWER-SERIES
146346,CONVERT
146347,DEPTH CIRCUITS
146348,DISTRIBUTIVE CATEGORIES
146349,BICATEGORIES
146350,GENERALIZED QUANTIFIERS
146351,MONOIDS
146352,COEQUALIZERS
146353,FRONTIERS
146354,ORDINALS
146355,LIMITEDNESS THEOREM
146356,TRACE MONOIDS
146357,RAUZY
146358,BINARY WORDS
146359,LARGE SQUARES
146360,ACTIVE MEMBRANES
146361,ENUMERATION
146362,HIDDEN ALGEBRA
146363,WEIGHTED FINITE AUTOMATA
146364,DISTANCE AUTOMATA
146365,FACTORIZATION FORESTS
146366,STAR HEIGHT
146367,LIMITEDNESS
146368,DEJEANS CONJECTURE
146369,SYMBOLIC DYNAMICS
146370,REPETITIONS
146371,MORSE
146372,COMPETITIVE PAGING-ALGORITHMS
146373,ARNOUX-RAUZY SEQUENCES
146374,INFINITE WORDS
146375,RETURN WORDS
146376,CONTINUED FRACTIONS
146377,PRIMITIVE SUBSTITUTIONS
146378,PALINDROMIC COMPLEXITY
146379,BALANCED WORDS
146380,MORPHISMS
146381,INTERVAL EXCHANGE TRANSFORMATIONS
146382,EPISTURMIAN WORDS
146383,PARRY NUMBERS
146384,PARTIAL DERIVATIVES
146385,POST CORRESPONDENCE PROBLEM
146386,FREE MOBIUS GROUPS
146387,MATRIX SEMIGROUPS
146388,INTEGER MATRICES
146389,2X2 MATRICES
146390,PAIR
146391,PIECEWISE TESTABLE LANGUAGES
146392,LOADING CONSTRAINTS
146393,INCLUSION-EXCLUSION
146394,FINITE AUTOMATON CONSTRUCTIONS
146395,UNCERTAINTY RELATIONS
146396,RENYI ENTROPY
146397,DOMINATORS
146398,FINITE MONOIDS
146399,NUMERATION
146400,STAR GRAPH NETWORKS
146401,MM-ASTERISK MODEL
146402,PMC MODEL
146403,2-GOOD-NEIGHBOR DIAGNOSABILITY
146404,2-EXTRA DIAGNOSABILITY
146405,BILLIARD WORDS
146406,DELETION CLOSURE
146407,SHUFFLE
146408,EXECUTION TIMES
146409,FIXED PRIORITY SCHEDULERS
146410,RESPONSE-TIMES
146411,APERIODIC TASKS
146412,DISTRIBUTED SENSOR NETWORKS
146413,PRIORITY INHERITANCE
146414,TEMPORAL CONSISTENCY
146415,LOCKING PROTOCOL
146416,DECISION FUSION
146417,DATA SEMANTICS
146418,ASYMMETRIC COMMUNICATION ENVIRONMENTS
146419,DISKS
146420,PERIODIC TASK SYSTEMS
146421,EDF
146422,STATE-SPACE COMPUTATION
146423,CMOS TEMPERATURE SENSOR
146424,RING OSCILLATOR
146425,SCHEDULABILITY TESTS
146426,TO-END DELAYS
146427,COMMUNICATION PROTOCOL
146428,PRECEDENCE
146429,PREEMPTION DELAY
146430,SCHEDULING ANALYSIS
146431,MAX-PLUS ALGEBRA
146432,FEASIBILITY ANALYSIS
146433,PROCESSOR ARCHITECTURE
146434,MEMORY INTERFERENCE
146435,TIME MULTIPROCESSOR SYSTEMS
146436,SPORADIC TASKS
146437,ABSTRACTION MODEL
146438,REQUIREMENTS ANALYSIS
146439,LIFE-CYCLE SUPPORT
146440,INFORMATION REQUIREMENTS
146441,MANAGEMENT MEASURES
146442,DOCUMENT STRUCTURE
146443,TREC-6
146444,PROBLEM FRAMES
146445,I-ASTERISK FRAMEWORK
146446,AGILE SOFTWARE-DEVELOPMENT
146447,TWEETS
146448,ISPOR TASK-FORCE
146449,COMPETING INTERVENTIONS
146450,MEDICAL TOURISM
146451,SOCIAL CARE
146452,VICE-VERSA
146453,RANDOM-EFFECTS METAANALYSIS
146454,METAANALYSES
146455,INCLUSION
146456,PATIENT DATA METAANALYSIS
146457,ZERO-INFLATED POISSON
146458,ADJUSTED INDIRECT COMPARISONS
146459,RANDOM EFFECTS MODELS
146460,CARE DECISION-MAKING
146461,SURVIVAL-DATA
146462,PROPORTIONAL-HAZARDS
146463,AGGREGATE DATA
146464,THEMATIC SYNTHESIS
146465,APPRAISE
146466,SURROGATE END-POINTS
146467,NETWORK METAANALYSIS
146468,ACTIVE TREATMENT
146469,TREATMENT COMPARISON METAANALYSIS
146470,CROSS-DESIGN SYNTHESIS
146471,BAYESIAN HIERARCHICAL-MODELS
146472,ACUTE MYOCARDIAL-INFARCTION
146473,MIXED TREATMENT COMPARISONS
146474,CONFIDENCE PROFILE METHOD
146475,INDIVIDUAL PATIENT DATA
146476,GUIDELINES PANEL
146477,RANDOM-EFFECTS MODEL
146478,EFFECTS META-REGRESSION
146479,HETEROGENEITY VARIANCE
146480,PRIOR DISTRIBUTIONS
146481,DERSIMONIAN-LAIRD
146482,MULTIARM
146483,WINBUGS
146484,EXTENT
146485,MULTIPLE-TREATMENTS METAANALYSIS
146486,FOLLOW-UP TIMES
146487,META-REGRESSION
146488,MULTIVARIATE METAANALYSIS
146489,PAIRWISE METAANALYSIS
146490,STROKE PREVENTION
146491,COCHRANE REVIEWS
146492,PUBLICATION SELECTION
146493,STATISTICAL LIFE
146494,CONDITIONAL POWER
146495,COMPLEX INTERVENTIONS
146496,CLINICALTRIALS.GOV
146497,LATENT GAUSSIAN MODELS
146498,BAYESIAN-INFERENCE
146499,TIO2
146500,PLASMA DEPOSITION
146501,PECVD
146502,MEMS
146503,ELECTROCATALYTIC ACTIVITY
146504,DIOXIDE
146505,GOLD
146506,MICROSTRIP ANTENNAS
146507,SUM-CONNECTIVITY INDEX
146508,BICYCLIC GRAPHS
146509,RANDIC INDEX
146510,FUNDAMENTAL GROUP
146511,CONNECTIVITY INDEX
146512,EXTENDED SPIKING
146513,EXTREMAL FUZZY PROCESSES
146514,SYMPORT/ANTIPORT RULES
146515,CHANNEL STATES
146516,CHARACTERIZING TRACTABILITY
146517,COMPUTATIONAL-EFFICIENCY
146518,ABSOLUTE ELECTRONEGATIVITY
146519,HIGH-SENSITIVITY
146520,SNO2
146521,ALPHA-FE2O3
146522,NANORODS
146523,COLPITTS OSCILLATOR
146524,L(1) MINIMIZATION
146525,FUZZY TRACKING CONTROL
146526,NETWORK CONTROL
146527,PRE-COMPUTED RESOURCES
146528,UNIFORM SOLUTIONS
146529,SUBSET SUM
146530,BAND-LIMITED SIGNALS
146531,SAR TOMOGRAPHY
146532,SURVEILLANCE VIDEO
146533,TIME DELAYS
146534,OFDMA UPLINK TRANSMISSION
146535,INFORMATION RATE ANALYSIS
146536,BROAD-BAND ACCESS
146537,PRESCRIBED PERFORMANCE
146538,BACKSTEPPING DESIGN
146539,HYPERSONIC VEHICLES
146540,WEB APIS
146541,DIFFERENT SIZES
146542,DENSITIES
146543,ROBUST NONLINEAR CONTROL
146544,ADAPTIVE NEURAL-CONTROL
146545,TRACKING-CONTROL
146546,ATTITUDE-CONTROL
146547,SURFACE CONTROL
146548,GREEN CELLULAR NETWORKS
146549,MACHINE LEARNING APPROACH
146550,MISSING LINKS
146551,EFFICIENT KEY DISTRIBUTION
146552,NON-REPUDIATION
146553,MARKOVIAN SWITCHING TOPOLOGIES
146554,H-2/H-INFINITY CONTROL
146555,FINITE-TIME CONSENSUS
146556,2ND-ORDER MULTIAGENT SYSTEMS
146557,RECEDING HORIZON CONTROL
146558,ROBUST OUTPUT REGULATION
146559,DISTRIBUTED CONTAINMENT CONTROL
146560,VARYING FORMATION CONTROL
146561,COVERAGE-CONTROL
146562,COOPERATIVE CONTROL
146563,BOOLEAN CONTROL NETWORKS
146564,STATE-FEEDBACK STABILIZATION
146565,VALUED LOGICAL NETWORKS
146566,ARBITRARY SWITCHING SIGNALS
146567,MATRIX APPROACH
146568,OUTPUT TRACKING
146569,SHIFT REGISTERS
146570,FEEDBACK SHIFT REGISTERS
146571,BACKUP
146572,GENERALIZED GAMMA-DISTRIBUTION
146573,3 PARAMETERS
146574,EVENT CORRELATION
146575,CONSTRAINT LOGIC PROGRAMS
146576,PRECISE WIDENING OPERATORS
146577,CLOSED CONVEX POLYHEDRA
146578,VERTEX
146579,CONCRETE OBJECT SYNTAX
146580,REWRITING STRATEGIES
146581,DISAMBIGUATION
146582,STATEMATE
146583,EFFICIENT MODEL CHECKING
146584,POINTER PROGRAMS
146585,DYNAMIC CHANGE MANAGEMENT
146586,COLLECTIVE COMMUNICATIONS
146587,OPENMP
146588,MPJ
146589,DSM
146590,UML STATECHART DIAGRAMS
146591,COMPOSITE STATES
146592,UNDERSTANDABILITY
146593,ANALYTIC INDUCTION
146594,IDEALIZATION
146595,ORIENTED SPECIFICATION
146596,LEARNING MANAGEMENT-SYSTEMS
146597,HEMODIALYSIS MACHINE
146598,PETRI
146599,SERVICE CHOREOGRAPHIES
146600,SPATIOTEMPORAL FIRING PATTERNS
146601,TRAIN DATA-ANALYSIS
146602,PERFORMANCE VISUALIZATION
146603,PAJE
146604,STENCIL COMPUTATIONS
146605,ORTHOGONALIZATION
146606,EXPRESSION TEMPLATES
146607,NUMERICAL RELATIVITY
146608,GRAVITATIONAL-WAVES
146609,EFFICIENT COMPRESSION
146610,AUTOTUNING FACILITY
146611,SENTIMENT CLASSIFICATION
146612,ADVECTION TRANSPORT ALGORITHM
146613,GPU ACCELERATORS
146614,CONNECTIVITY RESTORATION
146615,FAULT-TREE
146616,LATTICE BOLTZMANN CODE
146617,SIMULATION METHOD
146618,WARPED POLYNOMIALS
146619,ANOMALY INTRUSION DETECTION
146620,BIOMETRIC ENCRYPTION(TM)
146621,CHAOTIC ATTRACTORS
146622,SECURE SKETCHES
146623,KEY EXCHANGE
146624,OPTICAL TWEEZERS
146625,ID-BASED SIGNATURES
146626,RFID PRIVACY
146627,MULTISERVER ARCHITECTURE
146628,MEDICAL INFORMATION-SYSTEMS
146629,PRACTICAL REPUTATION SYSTEM
146630,UNWANTED TRAFFIC CONTROL
146631,PRIVACY-PRESERVING AUTHENTICATION
146632,BROADCAST AUTHENTICATION
146633,OPEN ISSUES
146634,CONTIKI
146635,MODELBASES
146636,HUMANITIES
146637,INDEPENDENT CHOICE LOGIC
146638,OWL ONTOLOGIES
146639,KNOWLEDGE SYSTEMS
146640,AKOMA-NTOSO
146641,LINKED-DATA
146642,NONINTERACTIVE ZERO-KNOWLEDGE
146643,PSEUDORANDOM FUNCTIONS
146644,PRIMALITY
146645,LEARN
146646,STATISTICAL-MECHANICS
146647,GLAUBER DYNAMICS
146648,PERMANENT
146649,ACYCLIC DIGRAPHS
146650,EMBEDDINGS
146651,SATISFIABILITY PROBLEMS
146652,MULTICUTS
146653,START
146654,PSEUDORANDOM GENERATORS
146655,COUNTING CLASSES
146656,CANONICAL ORDERINGS
146657,TRACTABLE CONSTRAINTS
146658,ONE ERROR
146659,MULTIROBOT TEAMS
146660,AJTAIS CONNECTION FACTOR
146661,COVERING RADIUS PROBLEM
146662,LATTICE PROBLEMS
146663,SHORTEST VECTOR
146664,CONSTANT-WEIGHT CODES
146665,MULTICAST TRANSMISSIONS
146666,BOUNDED GENUS
146667,MINORS
146668,N-PERSON GAMES
146669,DOMATIC NUMBER PROBLEM
146670,COLORINGS
146671,KACS MASTER EQUATION
146672,POWERS
146673,QUERY COMPLEXITY
146674,DEPTH TRADEOFFS
146675,MAXIMUM COVERAGE PROBLEM
146676,NEAREST COMMON ANCESTORS
146677,COMPRESSED SUFFIX ARRAYS
146678,MULTIAGENT RENDEZVOUS PROBLEM
146679,CONVERGENCE ALGORITHM
146680,KADISON-SINGER PROBLEM
146681,PAGERANK
146682,HYBRIDIZATION NUMBER
146683,CLOSEST VECTOR PROBLEM
146684,SUBMODULAR FUNCTION MINIMIZATION
146685,TRACTABLE OPTIMIZATION PROBLEMS
146686,EXTENDED ABSTRACT
146687,BOUNDED VALENCE
146688,SHORTER PROOF
146689,MINOR THEORY
146690,GATHERING ALGORITHMS
146691,BOUNDED TREE-WIDTH
146692,PATHWIDTH
146693,LOW-RANK APPROXIMATION
146694,NONZERO A-PATHS
146695,2-APPROXIMATION ALGORITHMS
146696,MULTIMATROIDS
146697,DICHOTOMY THEOREM
146698,HAMILTONIAN SIMULATION
146699,TRACE
146700,CHASM
146701,EDGE-DISJOINT PATHS
146702,DYNAMIC TRANSITIVE CLOSURE
146703,O(N(2)) PROBLEMS
146704,CONVEX HULLS
146705,ITERATIVE REGULARIZATION
146706,VARIATION REGULARIZATION
146707,L(1)-NORM MINIMIZATION
146708,SUBSPACE OPTIMIZATION
146709,BREGMAN ITERATION
146710,PROXIMAL GRADIENT ALGORITHM
146711,LEAST ENERGY
146712,DISOCCLUSION
146713,COLOR-VISION
146714,LIGHTNESS
146715,RANK MINIMIZATION
146716,SCALE MIXTURES
146717,MONOTONE INCLUSIONS
146718,DESCENT METHODS
146719,VARIATIONAL MODEL
146720,SHEARLETS
146721,MR IMAGE-RECONSTRUCTION
146722,FORWARD-BACKWARD
146723,SADDLE-POINT
146724,ITERATION-COMPLEXITY
146725,PENALTY SCHEMES
146726,OPTICAL-FLOW ESTIMATION
146727,VECTORIAL TOTAL VARIATION
146728,IMAGE RECOVERY
146729,SPLIT BREGMAN ITERATION
146730,TV-REGULARIZATION
146731,DUAL METHODS
146732,CONSTRAINED RECONSTRUCTION
146733,SPECTRAL LOCALIZATION
146734,GRAPPA
146735,BARYCENTERS
146736,RECONSTRUCTION ALGORITHM
146737,DIELECTRIC-PROPERTIES
146738,CONDUCTIVITY PROBLEM
146739,ACOUSTIC TOMOGRAPHY
146740,EIT
146741,NONLOCAL DISCRETE REGULARIZATION
146742,CONJUGATE-GRADIENT-METHOD
146743,INVERSION FORMULAS
146744,SPACE METHOD
146745,GAUSSIAN BACK SUBSTITUTION
146746,ROBUST PCA
146747,CRYSTALLOGRAPHY
146748,GENERALIZED POLARIZATION TENSORS
146749,GOLD NANOPARTICLES
146750,SIZE DEPENDENCE
146751,RESONANCES
146752,FEDERALIST-PAPERS
146753,DATA INTEGRATION SYSTEMS
146754,INCONSISTENT DATABASES
146755,ENTITY RESOLUTION
146756,SPECTRAL SPARSIFICATION
146757,COUNTING TRIANGLES
146758,SHOP-FLOOR CONTROL
146759,SYSTEM DYNAMICS
146760,HARMFUL ALGAL BLOOMS
146761,VEGETATION DYNAMICS
146762,CENTRAL-UPWIND SCHEMES
146763,ORDER CAUSAL PATHS
146764,ALGEBRAIC LOOPS
146765,DISCRETE-EVENT SIMULATION
146766,LINE QUALITY-CONTROL
146767,CLOSED-LOOP IDENTIFICATION
146768,THERMODYNAMIC PROPERTIES
146769,BOILER
146770,GRADIENT ESTIMATION
146771,STEEPEST ASCENT
146772,LOAD-FLOW SOLUTIONS
146773,DISTRIBUTION NETWORK
146774,GAS-PIPELINE NETWORKS
146775,WALKING BEHAVIOR
146776,DCOM
146777,ENERGY-EXPENDITURE
146778,CURRENT-VOLTAGE CHARACTERISTICS
146779,EQUIVALENT-CIRCUIT MODEL
146780,SILICON SOLAR-CELLS
146781,VERTICAL FORCES
146782,SWING-UP
146783,PUMPS
146784,BEARINGS
146785,ACTIVE SUSPENSION SYSTEM
146786,IDENTIFICATION METHODS
146787,STATE-OF-CHARGE
146788,LEAD-ACID-BATTERIES
146789,CAPACITY INDICATOR
146790,PACKS
146791,DECISION FIELD-THEORY
146792,DEEP UNCERTAINTY
146793,SIMULATION OPTIMIZATION
146794,WATER-RESOURCES
146795,WARPAGE OPTIMIZATION
146796,WAYPOINT MOBILITY MODEL
146797,PRODUCT-RECOVERY
146798,PARTIAL SHADING CONDITIONS
146799,MPPT METHOD
146800,PV SYSTEMS
146801,PORT CONTAINER TERMINALS
146802,NON-CROSSING CONSTRAINT
146803,SPATIAL CONSTRAINTS
146804,BERTH
146805,DISTRIBUTED SIMULATION
146806,EXIT CHOICE
146807,FLOOR FIELD
146808,PREEVACUATION
146809,EMERGENCIES
146810,POINT ESTIMATE METHOD
146811,NONPARAMETRIC PREDICTION INTERVALS
146812,MULTI-DER MICROGRIDS
146813,LOAD-FLOW
146814,NATAF TRANSFORMATION
146815,SOCIAL SIMULATION
146816,DEVELOPMENT PIPELINE MANAGEMENT
146817,OPTIMIZATION FRAMEWORK
146818,LATTICE-GAS MODEL
146819,CELL TRANSMISSION MODEL
146820,TIME-ESTIMATION
146821,ROUTE-CHOICE
146822,WATER DISTRIBUTION NETWORKS
146823,RECEPTORS
146824,KINASE CASCADE
146825,ULTRASENSITIVITY
146826,PRICE STRUCTURE
146827,AUTOMATA MODEL
146828,CD++
146829,LENGTH-OF-STAY
146830,SAFETY NET
146831,PATIENT FLOW
146832,NEW-YORK
146833,ROOM
146834,RISK ASSESSMENT
146835,COCITATION
146836,EMERGENCY
146837,STOCK-OUT REACTIONS
146838,CONSUMER RESPONSE
146839,PRIORITY-QUEUES
146840,RELIABILITY ASSESSMENT
146841,TO-CHILD TRANSMISSION
146842,LEGAL SMOKING AGE
146843,COST-EFFECTIVENESS
146844,POLICY SIMULATION
146845,OLDER PERSONS
146846,YOUTH ACCESS
146847,POWER-FLOW CONTROLLER
146848,CONGESTION MANAGEMENT
146849,OPTIMAL LOCATION
146850,HUMAN COOPERATION
146851,IMPROVE PATIENT ACCESS
146852,BOUNDED CONFIDENCE
146853,EXTREMISM PROPAGATION
146854,HIGHRISE BUILDING EVACUATION
146855,COUNTER FLOW
146856,DRILL
146857,ACTIVE SURGE CONTROL
146858,STALL
146859,TCAS
146860,PEDESTRIAN ROUTE-CHOICE
146861,APPEARING WHITE-MATTER
146862,DISTRICT
146863,BRAIN DETECTION
146864,MULTIDEPOT
146865,FEEDFORWARD NEURAL-NETWORK
146866,PAIRS SHORTEST-PATH
146867,FRUIT CLASSIFICATION
146868,CNN
146869,CELL-DEVS
146870,MATHEMATICAL-MODELS
146871,ORDER QUANTITY
146872,SET THEORY
146873,BACKORDER
146874,CROSSOVER OPERATORS
146875,FUZZY ORDER QUANTITY
146876,INTERVAL-PROBABILITY
146877,PRODUCTION INVENTORY
146878,FUZZY PROBABILITY
146879,FUZZY R-SUBGROUPS
146880,NEAR-RINGS
146881,TIME-DOMAIN FEATURES
146882,GEAR
146883,TOPOLOGICAL-SPACES
146884,COEVOLUTIONARY ALGORITHM
146885,CLASSIFIER SYSTEMS
146886,ASTERISK-LAMBDA-SEMIRINGS
146887,HYPERPLANE-DEFINED FUNCTIONS
146888,IMMIGRANTS
146889,FUNCTION OPTIMIZATION
146890,ANT COLONY ALGORITHMS
146891,MEAD SIMPLEX SEARCH
146892,TRANSSHIPMENTS
146893,SPATIAL CORRELATION
146894,LINGUISTIC-HEDGE CONCEPTS
146895,NUMBER-VALUED FUNCTIONS
146896,GENERALIZED DIFFERENTIABILITY
146897,IMAGE BASE
146898,FORMAL SEMANTICS
146899,REACTIVE PETRI NETS
146900,CHARTS
146901,LIVE
146902,INCONSISTENCIES
146903,GRAMMATICAL INFERENCE
146904,GROUP DECISION
146905,METAMODELING APPROACH
146906,MIXIN LAYERS
146907,CODE-GENERATORS
146908,FF
146909,COMPLIANCE-CHECKING
146910,PALLADIO COMPONENT MODEL
146911,DYNAMIC SERVICE COMPOSITION
146912,XYZ
146913,VISUAL LANGUAGE COMPILER
146914,THREAD MIGRATION
146915,SOFTWARE PRODUCT LINES
146916,BREADTH-1ST SEARCH
146917,QOS MANAGEMENT
146918,REFLECTIVE MIDDLEWARE
146919,COLLECTIVE COMMUNICATION
146920,TEMPLATE LIBRARY
146921,LINEAR ALGEBRA
146922,INSTRUCTION CACHE
146923,STEREOTYPES
146924,CELLULAR GENETIC ALGORITHM
146925,RESOURCE BROKER
146926,OUTSOURCING DECISION
146927,RANK/SELECT QUERIES
146928,INDEX COMPRESSION
146929,MEAN-FIELD
146930,HPC APPLICATIONS
146931,QOS-AWARE
146932,RELIABILITY MODEL
146933,DEFECT
146934,CMM
146935,LEVEL MODIFIABILITY ANALYSIS
146936,ALMA
146937,DESIGN SPECIFICATION
146938,PROGRAM READABILITY
146939,QUALITY ESTIMATION
146940,SPICE
146941,REPLICATED QUANTITATIVE-ANALYSIS
146942,ARCHITECTURAL DECISIONS
146943,PROCESS AREAS
146944,RACE DETECTION
146945,REPLAY
146946,ENGINEERING PRACTICES
146947,TEST SUITE GENERATION
146948,BEHAVIOR MODELS
146949,UIO SEQUENCES
146950,COTS
146951,RELIABILITY GROWTH-MODELS
146952,RISK COSTS
146953,WARRANTY
146954,TEST SEQUENCE GENERATION
146955,QUALITATIVELY INDEPENDENT PARTITIONS
146956,REGRESSION TEST SELECTION
146957,TEST CRITERIA
146958,MCDC
146959,CALL-STACK COVERAGE
146960,UML DESIGNS
146961,MUTATION FAULTS
146962,SYSTEM MODELS
146963,FIREWALL
146964,MIXED COVERING ARRAYS
146965,MINING VERSION HISTORIES
146966,INCREMENTAL CHANGE
146967,DEBUGGING TOOL
146968,UML MODELS
146969,CHOREOGRAPHY
146970,HYPOTHESIS TESTS
146971,MANN-WHITNEY
146972,BONFERRONI
146973,SIMULINK
146974,FUNCTION BLOCK DIAGRAM
146975,UML STATECHARTS
146976,NETWORK PROTOCOL IMPLEMENTATIONS
146977,ACCESS-CONTROL POLICIES
146978,SOFTWARE SECURITY
146979,ASSURANCE
146980,OLED DISPLAYS
146981,TESTING-EFFORT
146982,DEFECT ANALYSIS
146983,PHONOLOGICAL FEATURES
146984,TONAL COARTICULATION
146985,DECLINATION
146986,SPANISH
146987,CONTOUR
146988,SPEECH CORPORA
146989,TEMPORAL ASYMMETRY
146990,ENGLISH SENTENCE STRESS
146991,PERFORMANCE STRUCTURES
146992,DISCOURSE STRUCTURE
146993,PITCH ACCENTS
146994,VOICE QUALITY
146995,NONVERBAL BEHAVIOR
146996,PROSODIC FEATURES
146997,SYNTHETIC SPEECH
146998,SPEAKING STYLES
146999,NONSPEECH SOUNDS
147000,WORD DEAFNESS
147001,MOOD INDUCTION PROCEDURE
147002,VELTEN
147003,PRIMER
147004,DISCRIMINATIVE UTTERANCE VERIFICATION
147005,CONNECTED DIGITS RECOGNITION
147006,RIGHT-HEMISPHERE
147007,SPEAKER AFFECT
147008,MAXIMUM SPEED
147009,MANDARIN
147010,CONNOTATIONS
147011,SUBSPACE APPROACH
147012,COLORED NOISE
147013,PRONUNCIATION QUALITY
147014,CHILDRENS SPEECH
147015,SMOOTHING TECHNIQUES
147016,PRONUNCIATION
147017,SPEECH PRODUCTION-MODEL
147018,SYNTHESIS SYSTEM
147019,2ND-LANGUAGE LEARNERS FLUENCY
147020,QUANTITATIVE ASSESSMENT
147021,AUDITORY SCENE ANALYSIS
147022,MONAURAL SPEECH
147023,LANGUAGE RECOGNITION
147024,SESSION VARIABILITY
147025,MOTOR CORTEX
147026,ELECTRODE
147027,THOUGHT-TRANSLATION DEVICE
147028,INTRACORTICAL ELECTRODE ARRAY
147029,CONE ELECTRODE
147030,ELECTROCORTICOGRAPHIC SIGNALS
147031,MICROELECTRODE ARRAYS
147032,MACHINE INTERFACE
147033,CONTROVERSY
147034,ENVELOPE
147035,TIME FOURIER-TRANSFORM
147036,HUMAN LISTENING TESTS
147037,SUBTRACTION
147038,SUBBAND DCT
147039,LARYNGECTOMY
147040,FRENCH
147041,AMPLITUDE ESTIMATOR
147042,SNR
147043,LISTENING CONDITIONS
147044,CLEAR
147045,PARAMETER GENERATION
147046,NOISY SPEECH
147047,ASR
147048,HEAD MOVEMENTS
147049,PROSODIC PROMINENCE
147050,SPEAKING
147051,SPEECH SYNTHESIS
147052,VOCAL INDICATORS
147053,PSYCHOMOTOR RETARDATION
147054,VAL66MET POLYMORPHISM
147055,CLINICAL DEPRESSION
147056,GROUP DELAY FUNCTIONS
147057,SPECTRAL MAGNITUDE ESTIMATION
147058,AUDIO SOURCE SEPARATION
147059,INTELLIGIBILITY PREDICTION
147060,DROPOUT
147061,CHANNEL COMPENSATION
147062,EXPRESSIVE SPEECH SYNTHESIS
147063,LIMITED TRAINING DATA
147064,PROCESSING TECHNIQUES
147065,GROUP DELAY FUNCTION
147066,EPOCH EXTRACTION
147067,SIGNIFICANT EXCITATION
147068,PHASE SPECTRUM
147069,GLOTTAL CLOSURE INSTANTS
147070,VOICE SOURCE ANALYSIS
147071,SINGING VOICE
147072,PHONATION
147073,VARIANCE-ESTIMATION
147074,MASKING PROPERTIES
147075,AUTOREGRESSIONS
147076,STREAMING ALGORITHMS
147077,MULTIRESOLUTION HAZARD MODEL
147078,STAGE BREAST-CANCER
147079,DESCRIPTIVE STATISTICS
147080,NONPARAMETRIC MODELS
147081,POPULATION PROJECTIONS
147082,UNAIDS ESTIMATION
147083,LIFE EXPECTANCY
147084,CONJUNCTION FALLACY
147085,HIV/AIDS EPIDEMICS
147086,FUTURE POPULATION
147087,CRIMINAL INTELLIGENCE
147088,LINK ANALYSIS
147089,ASSOCIATION FOOTBALL
147090,NOTATIONAL ANALYSIS
147091,SEGMENT ROTATIONS
147092,BALL
147093,IDENTITY FORMATION
147094,REAL NETWORKS
147095,RELIABILITY ESTIMATION
147096,SIMULATING DATA
147097,TRIMMING APPROACH
147098,IMPUTATIONS
147099,ECME ALGORITHM
147100,ML-ESTIMATION
147101,BAYESIAN VARIABLE SELECTION
147102,EXACT CONDITIONAL TESTS
147103,CONTINGENCY-TABLES
147104,DISPERSION MATRICES
147105,PRINCIPAL COMPONENTS
147106,MULTIVARIATE NORMAL PROBABILITIES
147107,SIMPLE APPROXIMATION
147108,NONPARAMETRIC BAYESIAN-ANALYSIS
147109,SEQUENTIAL IMPUTATIONS
147110,BELIEF-PROPAGATION
147111,POWER VARIANCE FUNCTIONS
147112,QUASI-LIKELIHOOD
147113,ASSAYS
147114,MULTIVARIATE-ANALYSIS
147115,DISCRETE RANDOM-VARIABLES
147116,POSTERIOR DISTRIBUTIONS
147117,UNKNOWN NUMBER
147118,METROPOLIS ALGORITHM
147119,HASTINGS
147120,DNA-SEQUENCE SEGMENTATION
147121,CHANGE POINT PROBLEMS
147122,SIGNAL SEGMENTATION
147123,PARTITION MODELS
147124,RESISTANCE DISTANCE
147125,ECM
147126,PROPOSAL DISTRIBUTION
147127,VARYING BOUNDS
147128,DIFFUSION-MODELS
147129,SKEW-NORMAL-DISTRIBUTION
147130,LOGISTIC-MODELS
147131,HUMAN-POPULATION EXPANSION
147132,MICROSATELLITE VARIATION
147133,TRACE-NORM
147134,PROCESS HIERARCHICAL-MODELS
147135,DIRICHLET PROCESS PRIOR
147136,MARGINAL DENSITIES
147137,LIKELIHOODS
147138,PHYLOGEOGRAPHY
147139,LATIN HYPERCUBE DESIGNS
147140,EUCLIDEAN DISTANCE MATRICES
147141,SPATIAL SAMPLING DESIGN
147142,MEAN SQUARED ERROR
147143,COVARIANCE FUNCTION
147144,LINEAR-MODEL
147145,CARLO EM ALGORITHM
147146,PARAMETER ORTHOGONALITY
147147,GENERALIZED ADDITIVE-MODELS
147148,ASYMPTOTIC EQUIVALENCE
147149,LIKELIHOOD-ESTIMATION
147150,ASYMMETRIC LAPLACE DISTRIBUTION
147151,LONGITUDINAL DATA
147152,REGRESSION QUANTILES
147153,SMOOTHING SPLINES
147154,PANEL-DATA
147155,SUCCIMER
147156,BAYESIAN CONFIDENCE-INTERVALS
147157,REGRESSION SPLINES
147158,PENALIZED SPLINES
147159,P-SPLINES
147160,RESTRICTED REGRESSION
147161,METROPOLIS-HASTINGS ALGORITHMS
147162,ADJUSTED LANGEVIN ALGORITHM
147163,WANG-LANDAU ALGORITHM
147164,ADAPTIVE MCMC
147165,REVERSIBLE JUMP
147166,VARIATIONAL-METHODS
147167,GENERAL FACTORIZABLE MODELS
147168,CYTOMETRIC DATA-ANALYSIS
147169,FLOW-CYTOMETRY
147170,POSTERIOR DISTRIBUTION
147171,RECURSIVE BIVARIATE PROBIT
147172,GENERALIZED ADDITIVE-MODEL
147173,HEALTH-INSURANCE
147174,CARE UTILIZATION
147175,MEDICAL-CARE
147176,PRIVATE
147177,HORSESHOE ESTIMATOR
147178,EVENT PROBABILITY ESTIMATION
147179,UNNORMALIZED STATISTICAL-MODELS
147180,NATURAL IMAGE STATISTICS
147181,STREPTOCOCCUS-PNEUMONIAE
147182,COVARIANCE DETERMINANT ESTIMATOR
147183,FOOD SECURITY
147184,MULTIVARIATE LOCATION
147185,SCATTER
147186,BAYESIAN MODELS
147187,HABITAT
147188,SRAM DESIGN
147189,LEAKAGE ENERGY
147190,65 NM
147191,FOOTPRINT
147192,OVER-CURRENT RELAYS
147193,WASTE HEAT-RECOVERY
147194,THERMOSIPHON
147195,PIPE
147196,JET
147197,SUBPOPULATION GENETIC ALGORITHM
147198,MULTIPLE-OBJECTIVES
147199,INSPIRED APPROACH
147200,ARTIFICIAL IMMUNE-SYSTEM
147201,AGGREGATION PHEROMONE DENSITY
147202,NETWORK RECONFIGURATION
147203,VOLTAGE STABILITY
147204,LOAD MODELS
147205,SEQUENTIAL NICHE TECHNIQUE
147206,CHAOTIC SEQUENCES
147207,ADAPTING CONTROL PARAMETERS
147208,LEARNING BASED OPTIMIZATION
147209,THERMAL SYSTEM
147210,HYDROTHERMAL SYSTEM
147211,TCPS
147212,IMMIGRANTS SCHEMES
147213,TOTAL FLOWTIME MINIMIZATION
147214,FLOWSHOP SCHEDULING PROBLEM
147215,MUTATION STRATEGIES
147216,ALGORITHM PORTFOLIOS
147217,LOAD-FREQUENCY CONTROL
147218,AC/DC PARALLEL LINKS
147219,DEREGULATED ENVIRONMENT
147220,ARRHYTHMIA CLASSIFICATION
147221,RENEWABLE ENERGY-SOURCES
147222,PROGRAMMING SOLUTION
147223,ADAPTIVE INERTIA WEIGHT
147224,KINEMATIC CONTROL
147225,PHEROMONE ROBOTICS
147226,MULTIROBOT SLAM
147227,PHEROMONE
147228,RUNTIME ANALYSIS
147229,COLLECTIVE DECISION-MAKING
147230,GROUP TRANSPORT
147231,VELOCITY UPDATE RULES
147232,REALITY GAP
147233,HARVESTER ANT
147234,FORAGING ACTIVITY
147235,ODOMETRY
147236,NEUROEVOLUTION
147237,NOTION
147238,HONEYBEES APIS-MELLIFERA
147239,BEES
147240,FOOD RECRUITMENT
147241,SEARCH BEHAVIOR
147242,MULTIROBOT TASK ALLOCATION
147243,COLLECTIVE DECISION
147244,TRANSFER ENTROPY
147245,ANIMAL GROUPS
147246,FLIGHT
147247,MODULATED POISSON PROCESSES
147248,COMPUTER-COMMUNICATION NETWORKS
147249,HOUR
147250,ERLANG LOSS MODEL
147251,STRONG APPROXIMATIONS
147252,RADIO CHANNEL MODEL
147253,ANGLE-OF-ARRIVAL
147254,WIRELESS CHANNELS
147255,POWER SPECTRUM
147256,STATION
147257,STATIONARY ITERATED TESSELLATIONS
147258,DISTRIBUTED COORDINATION FUNCTION
147259,IEEE-802.15.4 MAC
147260,OUTPUT PROCESSES
147261,BLACK-HOLE ATTACKS
147262,MOBILITY SIMULATION
147263,MOBILE ANCHOR NODE
147264,POWER LAWS
147265,ISP TOPOLOGIES
147266,NANOGENERATOR
147267,ALGEBRAIC CONNECTIVITY
147268,DISRUPTION TOLERANCE
147269,MULTILAYER NETWORKS
147270,SIGNCRYPTION
147271,IEEE 802.15.3C
147272,802.11AD
147273,RADIO RESOURCE-MANAGEMENT
147274,ENABLING TECHNOLOGY
147275,BATCH VERIFICATION
147276,INTRUSION DETECTION SYSTEM
147277,SERVICE FRAMEWORK
147278,INTRINSIC ELECTROPHYSIOLOGICAL CHARACTERISTICS
147279,PLATE TANGENTIAL CELLS
147280,PYRAMIDAL NEURONS
147281,SYNAPTIC INTEGRATION
147282,MEMBRANE-PROPERTIES
147283,EPSP
147284,GAMMA-GLUTAMYLCYSTEINE SYNTHETASE
147285,CYSTATHIONINE BETA-SYNTHASE
147286,METHIONINE METABOLISM
147287,HEPATIC GLUTATHIONE
147288,DOWN-SYNDROME
147289,HOMOCYSTEINE METABOLISM
147290,S-ADENOSYLMETHIONINE
147291,PROTEIN-TURNOVER
147292,SHOCK MESENTERIC LYMPH
147293,EPITHELIAL BARRIER DYSFUNCTION
147294,TRAUMA-HEMORRHAGIC SHOCK
147295,TIGHT JUNCTION DYSFUNCTION
147296,MULTIPLE ORGAN DYSFUNCTION
147297,ENDOTHELIAL-CELL INJURY
147298,INCREASED INOS ACTIVITY
147299,INTESTINAL INJURY
147300,ENDOTOXEMIC MICE
147301,ETHYL PYRUVATE
147302,INTRINSIC TRANSMISSION DYNAMICS
147303,INPUT VARIABLES
147304,SELECTING VALUES
147305,EPIDEMICS
147306,PROGRAMMED CELL-DEATH
147307,RECEPTOR-MEDIATED APOPTOSIS
147308,CYTOCHROME-C
147309,TNF RECEPTOR
147310,BCL-2 FAMILY
147311,BAX
147312,MICROVASCULAR NETWORKS
147313,BIOARTIFICIAL PANCREAS
147314,INSULIN-SECRETION
147315,LANGERHANS ISLETS
147316,ISOLATED RAT
147317,BETA-CELL
147318,TRANSPLANTATION
147319,CONTINUOUS INTRAVENOUS-INFUSION
147320,INTERSTITIAL FLUID PRESSURE
147321,NEOPLASTIC TISSUES
147322,CELLULAR PHARMACODYNAMICS
147323,DRUG PENETRATION
147324,DOG LUNG
147325,ADRIAMYCIN
147326,MACROMOLECULES
147327,INFECTIOUS-DISEASE CONTROL
147328,TRANSMISSION DYNAMICS
147329,SOCIAL CONTACTS
147330,MIXING PATTERNS
147331,INFLUENZA
147332,MEASLES
147333,EBOLA
147334,TYROSINE-HYDROXYLASE ACTIVITY
147335,RAT STRIATUM
147336,DIHYDROPTERIDINE REDUCTASE
147337,IMPULSE FLOW
147338,AUTORECEPTOR ACTIVATION
147339,A(H1N1)
147340,HUMAN TRYPTOPHAN-HYDROXYLASE-2 GENE
147341,BRAIN SYNAPTIC VESICLES
147342,MONOAMINE OXIDASE-A
147343,NEUTRAL AMINO-ACIDS
147344,CLEARANCE IN-VIVO
147345,RAT-BRAIN
147346,EXTRACELLULAR SEROTONIN
147347,DOPAMINE SYNTHESIS
147348,DORSOLATERAL PREFRONTAL CORTEX
147349,POSTERIOR PARIETAL CORTEX
147350,RHESUS-MONKEY
147351,GENE POLYMORPHISM
147352,THALAMOCORTICAL NEURONS
147353,RADIATION-INDUCED CANCER
147354,SOLID CANCERS
147355,GAMMA-RAYS
147356,BETA-CELL FUNCTION
147357,IMPLANTABLE BIOARTIFICIAL PANCREAS
147358,NUTRIENT CONTROL
147359,TOLERANCE TEST
147360,MINIMAL MODEL
147361,VIRTUAL PHYSIOLOGICAL HUMAN
147362,METALLOPROTEINASE MMP 2
147363,OXYGEN-TRANSPORT
147364,PHYSIOME PROJECTS
147365,SPLICE VARIANTS
147366,POSTHARVEST WATER-LOSS
147367,EUCALYPTUS-GLOBULUS
147368,EPICUTICULAR WAXES
147369,FINE-STRUCTURE
147370,CUTICLES
147371,PEPPER
147372,CUTIN
147373,INDUCED HEPATIC-NECROSIS
147374,BLOOD-ALCOHOL CONCENTRATIONS
147375,MICHAELIS-MENTEN KINETICS
147376,HUMAN LIVER-MICROSOMES
147377,N-ACETYLCYSTEINE
147378,COVALENT BINDING
147379,INTERINDIVIDUAL VARIABILITY
147380,EXPOSURE OCCURS
147381,PARACETAMOL
147382,AMERICAN-HEART-ASSOCIATION
147383,LOWERING BLOOD CHOLESTEROL
147384,SMOOTH-MUSCLE CELLS
147385,CORNEAL NEOVASCULARIZATION
147386,LIPID KERATOPATHY
147387,VASCULAR-LESIONS
147388,AQUEOUS-HUMOR
147389,COLONY-STIMULATING FACTOR
147390,CHEMOTHERAPY-INDUCED NEUTROPENIA
147391,NON-HODGKINS-LYMPHOMA
147392,STEM-CELL TRANSPLANTATION
147393,RECEPTOR MESSENGER-RNA
147394,LEUKEMIC MYELOID CELLS
147395,HIGH-DOSE CHEMOTHERAPY
147396,HUMAN GRANULOPOIESIS
147397,DAILY FILGRASTIM
147398,LOW-LEVEL LEAD
147399,BLOOD LEAD
147400,EARLY-CHILDHOOD
147401,NEUROTOXICITY
147402,IQ
147403,INTESTINAL STEM-CELL
147404,MOUSE SMALL-INTESTINE
147405,GASTROINTESTINAL-TRACT
147406,MONOCLONAL CONVERSION
147407,CLONOGENIC CELLS
147408,MITOTIC-ACTIVITY
147409,NICHE
147410,BRAIN CANCER
147411,COMBINATION THERAPY
147412,SIGNALING PATHWAY
147413,CLINICAL-EFFICACY
147414,CHEMORESISTANCE
147415,VENTRICULAR ASSIST DEVICE
147416,PLATELET ACTIVATION
147417,CONTINUOUS-FLOW
147418,INFLOW
147419,THERMO-VARIANCE SPECTRA
147420,UNEQUALLY SPACED DATA
147421,CHRONOBIOLOGY
147422,A H1N1 2009
147423,SEXUAL CONTACTS
147424,FREE-THYROXINE
147425,REFERENCE RANGE
147426,STIMULATING HORMONE
147427,FREE T4
147428,TSH
147429,THYROTROPIN
147430,CEREBELLAR PURKINJE NEURONS
147431,RECTIFYING K+ CHANNEL
147432,POTASSIUM CHANNELS
147433,MEMBRANE-POTENTIALS
147434,SODIUM-CHANNELS
147435,VERTEBRATE REGENERATION
147436,I-H
147437,INACTIVATION
147438,IRREVERSIBLE ENTROPY VARIATION
147439,STATIONARY STATES
147440,OPEN SYSTEMS
147441,BIOENERGETICS
147442,GLUCOSE-METABOLISM
147443,AEROBIC GLYCOLYSIS
147444,CORI CYCLE
147445,EXPENDITURE
147446,GLUCONEOGENESIS
147447,MITOCHONDRIAL PYRUVATE CARRIER
147448,PENTOSE-PHOSPHATE CYCLE
147449,INTRACELLULAR PH
147450,HISTONE ACETYLATION
147451,CYTOPLASMIC PH
147452,PLANKTON
147453,NETWORK ENTROPY
147454,MESENCHYMAL TRANSITION
147455,BIOMARKER DISCOVERY
147456,TUMOR HETEROGENEITY
147457,ACTIVE METABOLITE
147458,TARGETED THERAPY
147459,EPIDEMIC
147460,MESENCHYMAL STEM-CELLS
147461,(ROS)-INDUCED ROS RELEASE
147462,TUNNELING NANOTUBES
147463,LIPID-PEROXIDATION
147464,CARDIAC MYOCYTES
147465,ACTIN-FILAMENTS
147466,INTERCELLULAR COMMUNICATION
147467,PERMEABILITY TRANSITION
147468,HAITI
147469,OUTBREAK
147470,REACTION-DIFFUSION SYSTEM
147471,ASYMPTOTIC PROFILES
147472,CRISSCROSS DYNAMICS
147473,AEDES-ALBOPICTUS
147474,AEGYPTI
147475,EARLY-WARNING SIGNALS
147476,CRITICAL TRANSITIONS
147477,GENERIC INDICATORS
147478,REGIME SHIFTS
147479,OUTBREAKS
147480,VIRUS-INFECTION
147481,HBSAG SEROCLEARANCE
147482,INFECTIOUS-DISEASE
147483,FLU
147484,HAZARD RATIO
147485,DIET
147486,RESTRICTION
147487,CHLAMYDIA-TRACHOMATIS
147488,HIV-INFECTION
147489,PARTNER
147490,COINDUCTION PRINCIPLE
147491,DOMAIN EQUATIONS
147492,CATEGORY
147493,BLACK-BOX COMPLEXITY
147494,GRAPH PROPERTIES
147495,QUANTUM COMPUTATION
147496,BLOCK SENSITIVITY
147497,COMPACT SUBSETS
147498,REAL FUNCTIONS
147499,UNORDERED LABELED TREES
147500,APERIODIC SET
147501,LATTICE-GAS
147502,LIMIT-SETS
147503,REVERSIBILITY
147504,Z(M)
147505,PARALLEL PROGRAMS
147506,RECURSIVE CIRCULANTS
147507,CROSSED CUBES
147508,COP-WIN GRAPHS
147509,PURSUIT-EVASION PROBLEM
147510,POLYGONAL REGION
147511,VERTEX SEPARATION
147512,BRIDGED GRAPHS
147513,PATH-WIDTH
147514,DOMINATION SEARCH
147515,MOBILE INTRUDER
147516,IDIOTYPIC NETWORKS
147517,CELL ALGORITHM
147518,CONTOUR TREES
147519,MORSE-THEORY
147520,EXTREMAL VALUES
147521,CROWN REDUCTIONS
147522,EXACT ALGORITHMS
147523,CONQUER
147524,CUBIC KERNEL
147525,FLY EMBRYO
147526,METRICAL TASK SYSTEMS
147527,BRANCHING PROGRAMS
147528,RECOGNITION ALGORITHM
147529,EFFICIENT CONSTRUCTION
147530,RANDOM NUMBER GENERATOR
147531,STATES ATTACK
147532,RIGOROUS RUNTIME ANALYSIS
147533,PSEUDO-BOOLEAN FUNCTIONS
147534,SHUFFLE-CUBES
147535,BC NETWORKS
147536,PATH COVER
147537,FOLDED HYPERCUBES
147538,NORMALIZED LAPLACIAN
147539,(N
147540,ALTERNATING FIXPOINT
147541,STABLE SEMANTICS
147542,ITERATED GCWA
147543,ABDUCTION
147544,BINDING-TIME ANALYSIS
147545,PARTIAL EVALUATOR
147546,MIXED COMPUTATION
147547,MERCURY
147548,MATERIALIZED VIEWS
147549,TRANSFORMATIONAL METHODOLOGY
147550,UNIVERSAL TERMINATION
147551,DELAY DECLARATIONS
147552,PROLOG PROGRAMS
147553,DEFAULT THEORIES
147554,FRAME PROBLEM
147555,TABLED EVALUATION
147556,MUSE
147557,CONTEXT-FREE PROCESSES
147558,ONE-COUNTER PROCESSES
147559,BISIMULATION EQUIVALENCE
147560,DECIDING BISIMILARITY
147561,WEAK BISIMILARITY
147562,BPP PROCESSES
147563,NORMED BPP
147564,REPRESENTING ACTION
147565,DISJUNCTIVE LOGIC PROGRAMS
147566,UNFOUNDED SETS
147567,A-PROLOG
147568,INFINITE STABLE MODELS
147569,BASE STATIONS
147570,DENOTATIONAL SEMANTICS
147571,FUNCTIONAL CLASS
147572,REGULATORY NETWORK
147573,PARALLEL EXECUTION
147574,(C)LP SYSTEMS
147575,OR-PARALLELISM
147576,FOUNDED SEMANTICS
147577,PROGRAM SPECIALIZATION
147578,COVERABILITY
147579,ANSWER
147580,DIFFERENCE LOGIC
147581,SUBGRAPHS
147582,MULTI-ENGINE SOLVER
147583,INDUCTIVE-DEFINITIONS
147584,ANSWER SET
147585,KNOWLEDGE-REPRESENTATION
147586,P-4-SPARSE GRAPHS
147587,P4-SPARSE GRAPHS
147588,COMPLEXITY 2N+1
147589,BUTTERFLY GRAPHS
147590,NONLINEAR COMBINING FUNCTIONS
147591,MAXIMUM CORRELATION-ANALYSIS
147592,CORRELATION-IMMUNITY
147593,ENDS
147594,FINDING LEVEL-ANCESTORS
147595,CODING VERTICES
147596,HARD PROBLEMS
147597,SCATTER STORAGE TECHNIQUES
147598,GEM-FREE GRAPHS
147599,STABLE SET
147600,CHAIR-FREE
147601,FORMAL POWER-SERIES
147602,TRACTABLE ALGORITHMS
147603,FPT PROBLEMS
147604,SPEED-UP
147605,MEAN PAYOFF GAMES
147606,NETWORK INTERDICTION
147607,CYCLICAL GAMES
147608,COLORED TUTTE POLYNOMIALS
147609,ENUMERATION PROBLEMS
147610,SYMMETRICAL FUNCTION
147611,DIGRAPH
147612,GRAPH MODIFICATION PROBLEMS
147613,SUPERSEQUENCES
147614,LANGUAGE EQUATIONS
147615,FEEDBACK SET PROBLEMS
147616,HITTING SET
147617,MULTIWAY CUT
147618,CONGESTION GAMES
147619,MEMBERSHIP PROBLEMS
147620,CONJUNCTIVE GRAMMARS
147621,COMPRESSED WORDS
147622,2-STATE
147623,COLORS
147624,GRAPH SPARSIFICATION
147625,SPREADING MESSAGES
147626,MONOPOLIES
147627,DOMINATION
147628,PARALLEL JOBS
147629,UNORDERED TREES
147630,MALICIOUS INTERFERENCE
147631,WAKEUP PROBLEM
147632,FIFO
147633,NLC-WIDTH
147634,COMPUTABLE METRIC-SPACES
147635,CONTINUA
147636,SQUARE ROOTS
147637,QUANTUM LOWER BOUNDS
147638,PSEUDORANDOM BITS
147639,LINEAR-TIME ALGORITHM
147640,EMBEDDING GRAPHS
147641,4G
147642,DRX
147643,AMPLIFY-AND-FORWARD
147644,OUTDATED CSI
147645,MIMO-SYSTEMS
147646,RAN
147647,ENERGY-EFFICIENT DESIGN
147648,DIVERSITY COMBINING TECHNIQUES
147649,CLOUD COMPUTING MOTIVATION
147650,ACCELEROMETER DATA
147651,NONTECHNICAL LOSS DETECTION
147652,ELECTRICITY THEFT
147653,LEVEL-SET
147654,GLIOBLASTOMA-MULTIFORME
147655,RANDOM-FIELD
147656,MULTIVARIATE COMPLEXITY ANALYSIS
147657,ELECTION SYSTEMS
147658,SWAP BRIBERY
147659,COPELAND
147660,LARGE ELECTRICITY CUSTOMERS
147661,REMINISCENCE
147662,CAREGIVERS
147663,THEATER
147664,DIFFERENT MOBILE PHONES
147665,SENIOR-CITIZENS
147666,HUMAN FACE DETECTION
147667,LANGUAGE-SKILLS
147668,HANDS-FREE
147669,DICTATION
147670,ELDERS
147671,CONTEXT-AWARE SYSTEM
147672,INTELLIGENCE ENVIRONMENTS
147673,ELDERLY-CARE
147674,POSTSTRUCTURALISM
147675,SCHOOL TEACHERS
147676,BLOGS
147677,INFORMAL LEARNING RECOGNITION
147678,ONLINE SOCIAL NETWORKS
147679,PERCEIVED ENJOYMENT
147680,COGNITIVE TUTORS
147681,LEARNER CONTROL
147682,GTE
147683,COURSEWARE
147684,ADAPTIVE WEB
147685,DYNAMIC GENERATION
147686,EMOTIONAL CONTAGION
147687,SENSE DISAMBIGUATION
147688,COMPANION
147689,HUMAN INTERVENTION
147690,AUTOMATED-SYSTEMS
147691,ITEM RESPONSE THEORY
147692,AFFECTIVE STATES
147693,LEARNERS AFFECT
147694,STUDENT AFFECT
147695,AUTOTUTOR
147696,LEARNING STYLES
147697,STUDENT MODELS
147698,MUSEUM GUIDE
147699,CROSS-SYSTEM PERSONALIZATION
147700,PORTFOLIO MANAGEMENT-SYSTEM
147701,CONVERSATIONAL CUES
147702,DIALOGUE SYSTEM
147703,HELP
147704,PREFERENCE-BASED SEARCH
147705,PERSONALIZED RECOMMENDATIONS
147706,WEB PERSONALIZATION
147707,DESIGN GUIDELINES
147708,LATENT CLASS MODELS
147709,CONTEXTUAL INFORMATION
147710,COMPUTER GAME
147711,MOBILE GAMES
147712,HEALTH BEHAVIOR-CHANGE
147713,DRIVER INATTENTION DETECTION
147714,DEFAULT NETWORK
147715,MINDFULNESS
147716,CONSUMER CHOICE
147717,ASSORTMENT
147718,TOO
147719,ONTOLOGY-BASED PERSONALIZATION
147720,VIRTUAL MEDICAL-RECORD
147721,CLINICAL GUIDELINES
147722,TEMPORAL-ABSTRACTION
147723,SHARED CONTROL
147724,GROUP COLLABORATION
147725,ONLINE COURSES
147726,LEADERSHIP
147727,AUTOMATED VEHICLES
147728,ENHANCEMENTS
147729,MESSAGE DISSEMINATION
147730,COOPERATIVE MESSAGE AUTHENTICATION
147731,MOBILE CLOUD
147732,SECURITY CHALLENGES
147733,DATA DISSEMINATION PROTOCOL
147734,COMMUNICATION PROTOCOLS
147735,GEOCAST
147736,HIGHWAY
147737,EXTERNAL CONTROL
147738,MENTAL-IMAGERY
147739,IMAGINATION
147740,DISSOCIATION
147741,VIVIDNESS
147742,GLOBAL ILLUMINATION
147743,GEOMETRIC CONSTRAINT SOLVER
147744,AUDITORY DISPLAY
147745,AID
147746,POSTURAL AFFORDANCES
147747,INCLINED SURFACE
147748,VIRTUAL-REALITY EXPOSURE
147749,INTERREALITY
147750,CHILD MOLESTERS
147751,OFFENDERS
147752,PEDOPHILIA
147753,HANDEDNESS
147754,HEBEPHILIA
147755,ETIOLOGY
147756,POSTURAL INSTABILITY
147757,ENVIRONMENT EXPOSURE
147758,VIRTUAL ENVIRONMENT EXPOSURE
147759,GAZE ANGLE
147760,HABITUATION
147761,MENTAL ROTATIONS
147762,NEURAL-NETWORK INTERFACE
147763,COMPLEX BACKGROUNDS
147764,SPEECH SYNTHESIZER
147765,TOY
147766,UPPER-LIMB REHABILITATION
147767,MEASURING REACTION-TIME
147768,VISUAL-EVOKED-POTENTIALS
147769,SLOW CORTICAL POTENTIALS
147770,NEUROFEEDBACK
147771,THINNING ALGORITHMS
147772,FINITE-ELEMENT MESHES
147773,3-DIMENSIONAL MOTION
147774,FACTORIZATION METHOD
147775,CRUST
147776,ARBITRARILY CURVED SURFACES
147777,PLANAR DEVELOPMENTS
147778,SURFACE APPROXIMATION
147779,POLYGONAL HOLES
147780,CLINICAL-TRIAL
147781,REEB GRAPHS
147782,HUMAN ELECTROENCEPHALOGRAMS
147783,EEG BIOFEEDBACK
147784,ADHD
147785,LEVEL SET
147786,SMOKE
147787,COMPUTER VISION SYSTEM
147788,OBJECT CLASSIFICATION
147789,VIEW-INVARIANCE
147790,PHOTO COLLECTIONS
147791,DOCUMENT COLLECTIONS
147792,FOCUS REGIONS
147793,COLLAGE
147794,RESIDUE COMPENSATION
147795,FACIAL IMAGES
147796,AUDITORY SUBSTITUTION
147797,CAPTURE DATA
147798,COMPOSITE FINITE-ELEMENTS
147799,TENDENCY
147800,REGION COVARIANCE
147801,HETEROGENEOUS DATABASES
147802,PLANS
147803,ACTIVE DATABASES
147804,SOURCE TRACKING METHOD
147805,PROGRESSIVE SKYLINE COMPUTATION
147806,VIRTUAL ENTERPRISES
147807,RECORD-LINKAGE
147808,TRAJECTORY PREDICTION
147809,SIGNATURE FILES
147810,CHEETAH
147811,TOP
147812,DATA-ORIENTED MICROAGGREGATION
147813,DATA RELEASE
147814,INCLUSION DEPENDENCY DISCOVERY
147815,WHY-NOT QUESTIONS
147816,TOP-K QUERIES
147817,SKYLINE OPERATOR
147818,DATA LINEAGE
147819,NON-ANSWERS
147820,PROJECTION-PURSUIT APPROACH
147821,PROCESS DISCOVERY
147822,LARGE SPATIAL DATABASES
147823,MINIMUM SPANNING TREE
147824,VARIABLE IMPORTANCE MEASURES
147825,GINI IMPORTANCE
147826,DISCOVERING SIGNIFICANT PATTERNS
147827,CLASSIFIER-SYSTEMS
147828,DISTRIBUTION ALGORITHMS
147829,SUBSET-SELECTION
147830,SUBSPACE ESTIMATION
147831,TEXT-CATEGORIZATION
147832,ASSOCIATIVE-CLASSIFICATION
147833,WIND-SPEED PREDICTION
147834,VENTRICULAR FILLING PRESSURES
147835,FUZZY CLUSTERING ALGORITHMS
147836,MULTIUSER RECEIVER
147837,FLOW PROPAGATION
147838,SVM PARAMETERS
147839,LINKAGE DISEQUILIBRIUM
147840,PREDICTOR CORRELATION
147841,JUNGLE
147842,MULTIVARIATE RIDGE-REGRESSION
147843,SD
147844,GENERAL FRAMEWORK
147845,NYSTROM METHOD
147846,PRESERVATION
147847,MIXED-MODE DATA
147848,PRESERVING DISCRETIZATION
147849,CAIM DISCRETIZATION
147850,OVERLAPPING COMMUNITIES
147851,QUANTITATIVE DATA
147852,SET INCLUSION
147853,ECHO-STATE-NETWORKS
147854,ADAPTIVE FUNCTION APPROXIMATION
147855,NO-PROP ALGORITHM
147856,RANDOMIZED ALGORITHMS
147857,BACKPROPAGATION-DECORRELATION
147858,INTRINSIC PLASTICITY
147859,STOCHASTIC CHOICE
147860,HIGH-UTILITY ITEMSETS
147861,CONVERTIBLE CONSTRAINTS
147862,PATTERN-GROWTH
147863,STREAM
147864,MOOCS
147865,MATLAB LIBRARY
147866,INDOOR RADIO PROPAGATION
147867,OF-ARRIVAL
147868,DENSE MULTIPATH
147869,POINT PROBLEM
147870,MOBILE FADING CHANNELS
147871,RANDOM NOISE
147872,WIRELESS IP NETWORKS
147873,MICROCELLULAR COMMUNICATION-SYSTEMS
147874,FRACTIONAL BROWNIAN-MOTION
147875,CHANNEL-ASSIGNMENT
147876,MULTIMEDIA NETWORKS
147877,TRAFFIC PERFORMANCE
147878,TIME DISTRIBUTIONS
147879,TELEPHONE SYSTEMS
147880,PCS NETWORKS
147881,ACOUSTIC CHANNELS
147882,DATA TRANSMISSION
147883,DYNAMIC SPECTRUM ACCESS
147884,ROUTE OPTIMIZATION
147885,IPV6 NETWORKS
147886,NEMO
147887,USER COOPERATION
147888,IMPROVING DATA ACCESSIBILITY
147889,MONTE-CARLO LOCALIZATION
147890,REPLICA ALLOCATION
147891,POWER-LINE COMMUNICATION
147892,STATE ESTIMATOR
147893,USER EMULATION ATTACKS
147894,THEORETICAL FRAMEWORK
147895,MODULATION TECHNIQUES
147896,DATA PROPAGATION
147897,WIRELESS INFRARED COMMUNICATION
147898,OPTICAL COMMUNICATIONS
147899,CARRIER ALLOCATION
147900,OPEN CHALLENGES
147901,COMPUTING MOTIVATION
147902,LMS ALGORITHM
147903,RADIATIVE THERMAL-PROPERTIES
147904,FIBROUS INSULATIONS
147905,GUARANTEE
147906,PARTICIPANT SELECTION
147907,MOBILE ATM NETWORKS
147908,HAND-OFF
147909,BUSY PERIOD
147910,STEINER TREE PROBLEM
147911,COMMUNICATION SATELLITE NETWORKS
147912,PERFORMANCE LIMITATIONS
147913,WIRELESS-COMMUNICATION
147914,COMMUNICATION CHANNEL
147915,MEDICAL APPLICATIONS
147916,M-HEALTH
147917,BLIND SIGNATURE
147918,TESTBEDS
147919,VALUE-ADDED SERVICES
147920,SMART OBJECTS
147921,MEDICAL SENSOR NETWORKS
147922,ENABLING TECHNOLOGIES
147923,LOW-ENERGY
147924,60 GHZ WIRELESS
147925,DIRECTIONAL MAC PROTOCOL
147926,PERSONAL-AREA-NETWORKS
147927,WPAN SYSTEMS
147928,DESIGN CONSIDERATIONS
147929,BEAMFORMING PROTOCOL
147930,SECRET KEY
147931,SCALABLE KEY MANAGEMENT
147932,BEACON
147933,DOUBLE-AUCTION
147934,MOBILE WIRELESS CHANNELS
147935,FLAT-FADING CHANNELS
147936,DOPPLER SHIFTS
147937,CHANNEL MODELS
147938,SEPARATING KERNELS
147939,PACKET MODULATION
147940,CDMA-CELLULAR-SYSTEMS
147941,CRAMER-RAO BOUNDS
147942,MEDIA-INDEPENDENT HANDOVER
147943,LEAF WETNESS DURATION
147944,MULTISERVER ENVIRONMENT
147945,ANONYMOUS CHANNEL
147946,ATTRACTIONS
147947,COPY NUMBER
147948,PLANT COVER SENSOR
147949,WHEAT
147950,WEB SERVICES COMPOSITION
147951,POINTCUTS
147952,PRODUCT RECOMMENDATION
147953,EMERGING PATTERNS
147954,REPLICATION STRATEGIES
147955,INTERMEDIARIES
147956,AWARE SYSTEMS
147957,BRAIN INFORMATICS
147958,WIKI
147959,MULTIMEDIA ANALYSIS
147960,LOCALIZATION ALGORITHM
147961,LOCATION ALGORITHM
147962,CONTINGENT MOVEMENT
147963,MESOSCOPIC SIMULATION
147964,VESICLES
147965,SURFACTANTS
147966,DNA REPEATS
147967,ARCHAEA
147968,GROUP-A STREPTOCOCCUS
147969,AGALACTIAE
147970,PATHOGEN
147971,MYCORRHIZAL FUNGI
147972,MOLECULAR-IDENTIFICATION
147973,GENBANK
147974,HELIANTHUS-ANNUUS
147975,CODING DNA
147976,HARZIANUM ENDOCHITINASE GENE
147977,FAMILY-18 CHITINASES
147978,RHIZOCTONIA-SOLANI
147979,CLUSTAL-W
147980,TREE DEPTH LIMITS
147981,CODE GROWTH
147982,WEB-OF-SCIENCE
147983,METALIB
147984,IMPACT-FACTOR
